scan_date,organisation,rule_id,issues,sites_affected
2025-06-30,Aroturuki Tamariki,color-contrast,14,1
2025-06-30,Aroturuki Tamariki,link-name,14,1
2025-06-30,Cancer Control Agency,color-contrast,4576,2
2025-06-30,Cancer Control Agency,document-title,4,1
2025-06-30,Cancer Control Agency,frame-title,4,1
2025-06-30,Cancer Control Agency,image-alt,700,2
2025-06-30,Cancer Control Agency,label,2,1
2025-06-30,Cancer Control Agency,link-in-text-block,8,1
2025-06-30,Cancer Control Agency,link-name,208,1
2025-06-30,Charter School Agency,link-name,4,1
2025-06-30,Crown Law Office,color-contrast,5635,1
2025-06-30,Crown Law Office,link-in-text-block,398,1
2025-06-30,Crown Law Office,link-name,20,1
2025-06-30,Crown Law Office,meta-viewport,162,1
2025-06-30,Crown Law Office,scrollable-region-focusable,1,1
2025-06-30,Department of Conservation,aria-allowed-attr,10,1
2025-06-30,Department of Conservation,aria-hidden-focus,8,1
2025-06-30,Department of Conservation,aria-progressbar-name,264,2
2025-06-30,Department of Conservation,aria-required-children,202,1
2025-06-30,Department of Conservation,aria-required-parent,317,1
2025-06-30,Department of Conservation,color-contrast,1835,6
2025-06-30,Department of Conservation,frame-title,40,2
2025-06-30,Department of Conservation,image-alt,27,4
2025-06-30,Department of Conservation,link-name,502,4
2025-06-30,Department of Conservation,list,332,2
2025-06-30,Department of Conservation,listitem,1317,1
2025-06-30,Department of Conservation,meta-viewport,6,2
2025-06-30,Department of Conservation,nested-interactive,20,1
2025-06-30,Department of Conservation,scrollable-region-focusable,26,2
2025-06-30,Department of Corrections,aria-hidden-focus,526,2
2025-06-30,Department of Corrections,aria-input-field-name,5,2
2025-06-30,Department of Corrections,aria-required-children,3,1
2025-06-30,Department of Corrections,color-contrast,328,4
2025-06-30,Department of Corrections,frame-title,48,2
2025-06-30,Department of Corrections,image-alt,10,2
2025-06-30,Department of Corrections,link-in-text-block,61,2
2025-06-30,Department of Corrections,link-name,53,2
2025-06-30,Department of Corrections,list,16,2
2025-06-30,Department of Corrections,nested-interactive,6,2
2025-06-30,Department of Corrections,scrollable-region-focusable,30,1
2025-06-30,Department of Internal Affairs,aria-allowed-attr,1509,4
2025-06-30,Department of Internal Affairs,aria-command-name,282,1
2025-06-30,Department of Internal Affairs,aria-hidden-focus,988,8
2025-06-30,Department of Internal Affairs,aria-input-field-name,32,1
2025-06-30,Department of Internal Affairs,aria-prohibited-attr,296,2
2025-06-30,Department of Internal Affairs,aria-required-attr,2,1
2025-06-30,Department of Internal Affairs,aria-required-children,526,13
2025-06-30,Department of Internal Affairs,aria-required-parent,204,4
2025-06-30,Department of Internal Affairs,aria-roles,2,1
2025-06-30,Department of Internal Affairs,aria-tooltip-name,204,1
2025-06-30,Department of Internal Affairs,aria-valid-attr,10,1
2025-06-30,Department of Internal Affairs,aria-valid-attr-value,8,2
2025-06-30,Department of Internal Affairs,autocomplete-valid,4,1
2025-06-30,Department of Internal Affairs,button-name,430,5
2025-06-30,Department of Internal Affairs,color-contrast,17203,29
2025-06-30,Department of Internal Affairs,frame-title,74,4
2025-06-30,Department of Internal Affairs,html-has-lang,356,7
2025-06-30,Department of Internal Affairs,image-alt,2056,11
2025-06-30,Department of Internal Affairs,label,650,10
2025-06-30,Department of Internal Affairs,link-in-text-block,600,9
2025-06-30,Department of Internal Affairs,link-name,1183,18
2025-06-30,Department of Internal Affairs,list,412,17
2025-06-30,Department of Internal Affairs,listitem,2377,11
2025-06-30,Department of Internal Affairs,meta-viewport,414,6
2025-06-30,Department of Internal Affairs,nested-interactive,82,3
2025-06-30,Department of Internal Affairs,scrollable-region-focusable,37,6
2025-06-30,Department of Internal Affairs,select-name,514,11
2025-06-30,Department of Internal Affairs,valid-lang,200,1
2025-06-30,Department of the Prime Minister and Cabinet,scrollable-region-focusable,1,1
2025-06-30,Education Review Office,aria-allowed-attr,244,1
2025-06-30,Education Review Office,button-name,1226,1
2025-06-30,Education Review Office,color-contrast,306,1
2025-06-30,Education Review Office,document-title,4,1
2025-06-30,Education Review Office,html-has-lang,4,1
2025-06-30,Education Review Office,link-name,100,1
2025-06-30,Financial Markets Authority,aria-input-field-name,8,1
2025-06-30,Financial Markets Authority,aria-prohibited-attr,6,1
2025-06-30,Financial Markets Authority,aria-required-children,208,1
2025-06-30,Financial Markets Authority,button-name,18,1
2025-06-30,Financial Markets Authority,color-contrast,390,4
2025-06-30,Financial Markets Authority,frame-title,16,1
2025-06-30,Financial Markets Authority,label,27,2
2025-06-30,Financial Markets Authority,link-name,1027,4
2025-06-30,Government Communications Security Bureau,aria-hidden-focus,28,1
2025-06-30,Government Communications Security Bureau,color-contrast,30,1
2025-06-30,Government Communications Security Bureau,image-alt,2,2
2025-06-30,Government Communications Security Bureau,link-name,12,3
2025-06-30,Health New Zealand,aria-allowed-attr,40,2
2025-06-30,Health New Zealand,aria-hidden-focus,12,2
2025-06-30,Health New Zealand,aria-input-field-name,4,2
2025-06-30,Health New Zealand,aria-required-attr,4,1
2025-06-30,Health New Zealand,aria-required-children,2,1
2025-06-30,Health New Zealand,aria-valid-attr,12,1
2025-06-30,Health New Zealand,button-name,60,4
2025-06-30,Health New Zealand,color-contrast,211,6
2025-06-30,Health New Zealand,document-title,2,1
2025-06-30,Health New Zealand,frame-title,34,1
2025-06-30,Health New Zealand,image-alt,275,4
2025-06-30,Health New Zealand,input-button-name,198,2
2025-06-30,Health New Zealand,label,2,1
2025-06-30,Health New Zealand,link-in-text-block,542,1
2025-06-30,Health New Zealand,link-name,512,3
2025-06-30,Health New Zealand,list,2,1
2025-06-30,Health New Zealand,listitem,92,2
2025-06-30,Health New Zealand,nested-interactive,438,2
2025-06-30,Health New Zealand,scrollable-region-focusable,3,1
2025-06-30,Health New Zealand,select-name,1,1
2025-06-30,Inland Revenue Department,aria-hidden-focus,2,1
2025-06-30,Inland Revenue Department,color-contrast,95,3
2025-06-30,Inland Revenue Department,image-alt,1,1
2025-06-30,Inland Revenue Department,link-in-text-block,15,1
2025-06-30,Inland Revenue Department,link-name,2,1
2025-06-30,Inland Revenue Department,list,103,2
2025-06-30,Inland Revenue Department,scrollable-region-focusable,25,2
2025-06-30,Land Information New Zealand,aria-prohibited-attr,2,1
2025-06-30,Land Information New Zealand,aria-required-children,13,1
2025-06-30,Land Information New Zealand,button-name,232,1
2025-06-30,Land Information New Zealand,color-contrast,286,2
2025-06-30,Land Information New Zealand,image-alt,3,1
2025-06-30,Land Information New Zealand,label,14,2
2025-06-30,Land Information New Zealand,link-in-text-block,12,1
2025-06-30,Land Information New Zealand,listitem,36,1
2025-06-30,Land Information New Zealand,meta-viewport,101,3
2025-06-30,Land Information New Zealand,nested-interactive,2,1
2025-06-30,Land Information New Zealand,scrollable-region-focusable,12,1
2025-06-30,Ministry for Culture and Heritage,aria-hidden-focus,15,1
2025-06-30,Ministry for Culture and Heritage,aria-required-attr,204,2
2025-06-30,Ministry for Culture and Heritage,aria-required-children,2,1
2025-06-30,Ministry for Culture and Heritage,aria-required-parent,2,1
2025-06-30,Ministry for Culture and Heritage,button-name,225,1
2025-06-30,Ministry for Culture and Heritage,color-contrast,21753,4
2025-06-30,Ministry for Culture and Heritage,frame-title,18,5
2025-06-30,Ministry for Culture and Heritage,image-alt,2916,4
2025-06-30,Ministry for Culture and Heritage,label,202,3
2025-06-30,Ministry for Culture and Heritage,link-in-text-block,488,2
2025-06-30,Ministry for Culture and Heritage,link-name,2869,6
2025-06-30,Ministry for Culture and Heritage,list,30,3
2025-06-30,Ministry for Culture and Heritage,listitem,2,1
2025-06-30,Ministry for Culture and Heritage,scrollable-region-focusable,3,1
2025-06-30,Ministry for Culture and Heritage,select-name,46,2
2025-06-30,Ministry for Ethnic Communities,aria-prohibited-attr,6,1
2025-06-30,Ministry for Ethnic Communities,aria-required-parent,800,1
2025-06-30,Ministry for Ethnic Communities,color-contrast,394,1
2025-06-30,Ministry for Ethnic Communities,link-name,416,1
2025-06-30,Ministry for Ethnic Communities,list,100,1
2025-06-30,Ministry for Pacific Peoples,aria-hidden-focus,8,1
2025-06-30,Ministry for Pacific Peoples,aria-required-children,100,1
2025-06-30,Ministry for Pacific Peoples,aria-required-parent,400,1
2025-06-30,Ministry for Pacific Peoples,color-contrast,512,2
2025-06-30,Ministry for Pacific Peoples,frame-title,12,1
2025-06-30,Ministry for Pacific Peoples,label,2,1
2025-06-30,Ministry for Pacific Peoples,link-name,8,2
2025-06-30,Ministry for Pacific Peoples,listitem,400,1
2025-06-30,Ministry for Primary Industries,aria-allowed-attr,10,1
2025-06-30,Ministry for Primary Industries,aria-hidden-focus,101,4
2025-06-30,Ministry for Primary Industries,aria-input-field-name,6,3
2025-06-30,Ministry for Primary Industries,aria-required-attr,99,1
2025-06-30,Ministry for Primary Industries,aria-required-children,188,4
2025-06-30,Ministry for Primary Industries,aria-valid-attr,2,1
2025-06-30,Ministry for Primary Industries,button-name,152,4
2025-06-30,Ministry for Primary Industries,color-contrast,104,2
2025-06-30,Ministry for Primary Industries,document-title,2,1
2025-06-30,Ministry for Primary Industries,frame-title,44,5
2025-06-30,Ministry for Primary Industries,html-has-lang,146,2
2025-06-30,Ministry for Primary Industries,image-alt,576,7
2025-06-30,Ministry for Primary Industries,link-in-text-block,94,5
2025-06-30,Ministry for Primary Industries,link-name,1165,11
2025-06-30,Ministry for Primary Industries,listitem,584,1
2025-06-30,Ministry for Primary Industries,meta-refresh,4,1
2025-06-30,Ministry for Primary Industries,meta-viewport,202,2
2025-06-30,Ministry for Primary Industries,scrollable-region-focusable,20,3
2025-06-30,Ministry for Regulation,aria-allowed-attr,37,1
2025-06-30,Ministry for Regulation,aria-input-field-name,37,1
2025-06-30,Ministry for Regulation,button-name,6,1
2025-06-30,Ministry for Regulation,color-contrast,77,2
2025-06-30,Ministry for Regulation,image-alt,8,1
2025-06-30,Ministry for Regulation,scrollable-region-focusable,1,1
2025-06-30,Ministry for Regulation,select-name,9,1
2025-06-30,Ministry for Women,aria-hidden-focus,100,1
2025-06-30,Ministry for Women,aria-required-children,200,1
2025-06-30,Ministry for Women,button-name,4,1
2025-06-30,Ministry for Women,color-contrast,353,1
2025-06-30,Ministry for Women,frame-title,12,1
2025-06-30,Ministry for Women,link-in-text-block,28,1
2025-06-30,Ministry for Women,link-name,6,1
2025-06-30,Ministry for Women,list,26,1
2025-06-30,Ministry for Women,listitem,1400,1
2025-06-30,Ministry for Women,role-img-alt,184,1
2025-06-30,"Ministry of Business, Innovation and Employment",aria-allowed-attr,549,14
2025-06-30,"Ministry of Business, Innovation and Employment",aria-command-name,2,1
2025-06-30,"Ministry of Business, Innovation and Employment",aria-hidden-focus,352,8
2025-06-30,"Ministry of Business, Innovation and Employment",aria-input-field-name,119,11
2025-06-30,"Ministry of Business, Innovation and Employment",aria-progressbar-name,4,4
2025-06-30,"Ministry of Business, Innovation and Employment",aria-prohibited-attr,2,1
2025-06-30,"Ministry of Business, Innovation and Employment",aria-required-attr,46,5
2025-06-30,"Ministry of Business, Innovation and Employment",aria-required-children,1283,12
2025-06-30,"Ministry of Business, Innovation and Employment",aria-required-parent,140,2
2025-06-30,"Ministry of Business, Innovation and Employment",aria-roles,870,4
2025-06-30,"Ministry of Business, Innovation and Employment",aria-toggle-field-name,130,1
2025-06-30,"Ministry of Business, Innovation and Employment",aria-valid-attr,10,1
2025-06-30,"Ministry of Business, Innovation and Employment",aria-valid-attr-value,542,7
2025-06-30,"Ministry of Business, Innovation and Employment",button-name,325,6
2025-06-30,"Ministry of Business, Innovation and Employment",color-contrast,5299,38
2025-06-30,"Ministry of Business, Innovation and Employment",document-title,16,3
2025-06-30,"Ministry of Business, Innovation and Employment",frame-title,86,10
2025-06-30,"Ministry of Business, Innovation and Employment",html-has-lang,202,11
2025-06-30,"Ministry of Business, Innovation and Employment",image-alt,1115,24
2025-06-30,"Ministry of Business, Innovation and Employment",input-button-name,174,1
2025-06-30,"Ministry of Business, Innovation and Employment",label,1402,7
2025-06-30,"Ministry of Business, Innovation and Employment",link-in-text-block,1039,18
2025-06-30,"Ministry of Business, Innovation and Employment",link-name,2656,50
2025-06-30,"Ministry of Business, Innovation and Employment",list,309,20
2025-06-30,"Ministry of Business, Innovation and Employment",listitem,390,10
2025-06-30,"Ministry of Business, Innovation and Employment",meta-viewport,200,1
2025-06-30,"Ministry of Business, Innovation and Employment",nested-interactive,590,6
2025-06-30,"Ministry of Business, Innovation and Employment",object-alt,2,1
2025-06-30,"Ministry of Business, Innovation and Employment",role-img-alt,42,1
2025-06-30,"Ministry of Business, Innovation and Employment",scrollable-region-focusable,80,15
2025-06-30,"Ministry of Business, Innovation and Employment",select-name,119,7
2025-06-30,"Ministry of Cities, Environment, Regions and Transport",aria-allowed-attr,288,3
2025-06-30,"Ministry of Cities, Environment, Regions and Transport",aria-hidden-focus,67,3
2025-06-30,"Ministry of Cities, Environment, Regions and Transport",aria-input-field-name,256,3
2025-06-30,"Ministry of Cities, Environment, Regions and Transport",aria-required-children,248,3
2025-06-30,"Ministry of Cities, Environment, Regions and Transport",aria-roles,6,1
2025-06-30,"Ministry of Cities, Environment, Regions and Transport",aria-valid-attr,2,1
2025-06-30,"Ministry of Cities, Environment, Regions and Transport",aria-valid-attr-value,2670,2
2025-06-30,"Ministry of Cities, Environment, Regions and Transport",button-name,287,3
2025-06-30,"Ministry of Cities, Environment, Regions and Transport",color-contrast,2711,5
2025-06-30,"Ministry of Cities, Environment, Regions and Transport",document-title,8,1
2025-06-30,"Ministry of Cities, Environment, Regions and Transport",frame-title,60,2
2025-06-30,"Ministry of Cities, Environment, Regions and Transport",html-has-lang,8,1
2025-06-30,"Ministry of Cities, Environment, Regions and Transport",image-alt,358,3
2025-06-30,"Ministry of Cities, Environment, Regions and Transport",label,66,1
2025-06-30,"Ministry of Cities, Environment, Regions and Transport",link-in-text-block,120,4
2025-06-30,"Ministry of Cities, Environment, Regions and Transport",link-name,1555,8
2025-06-30,"Ministry of Cities, Environment, Regions and Transport",list,34,3
2025-06-30,"Ministry of Cities, Environment, Regions and Transport",listitem,324,3
2025-06-30,"Ministry of Cities, Environment, Regions and Transport",meta-viewport,250,2
2025-06-30,"Ministry of Cities, Environment, Regions and Transport",scrollable-region-focusable,16,5
2025-06-30,Ministry of Defence,color-contrast,4,1
2025-06-30,Ministry of Defence,image-alt,36,1
2025-06-30,Ministry of Education,aria-allowed-attr,879,5
2025-06-30,Ministry of Education,aria-command-name,140,1
2025-06-30,Ministry of Education,aria-hidden-focus,585,7
2025-06-30,Ministry of Education,aria-input-field-name,130,3
2025-06-30,Ministry of Education,aria-prohibited-attr,373,3
2025-06-30,Ministry of Education,aria-required-attr,4,1
2025-06-30,Ministry of Education,aria-required-children,358,3
2025-06-30,Ministry of Education,aria-required-parent,10,1
2025-06-30,Ministry of Education,aria-valid-attr,108,1
2025-06-30,Ministry of Education,aria-valid-attr-value,1,1
2025-06-30,Ministry of Education,button-name,290,5
2025-06-30,Ministry of Education,color-contrast,14748,24
2025-06-30,Ministry of Education,document-title,24,1
2025-06-30,Ministry of Education,frame-title,120,9
2025-06-30,Ministry of Education,html-has-lang,268,2
2025-06-30,Ministry of Education,image-alt,711,8
2025-06-30,Ministry of Education,label,295,4
2025-06-30,Ministry of Education,link-in-text-block,1283,8
2025-06-30,Ministry of Education,link-name,1828,17
2025-06-30,Ministry of Education,list,186,6
2025-06-30,Ministry of Education,listitem,1962,4
2025-06-30,Ministry of Education,meta-viewport,202,2
2025-06-30,Ministry of Education,nested-interactive,382,5
2025-06-30,Ministry of Education,role-img-alt,12,1
2025-06-30,Ministry of Education,scrollable-region-focusable,41,6
2025-06-30,Ministry of Education,select-name,12,1
2025-06-30,Ministry of Foreign Affairs and Trade,aria-allowed-attr,107,2
2025-06-30,Ministry of Foreign Affairs and Trade,aria-command-name,6,1
2025-06-30,Ministry of Foreign Affairs and Trade,aria-hidden-focus,239,2
2025-06-30,Ministry of Foreign Affairs and Trade,button-name,1724,2
2025-06-30,Ministry of Foreign Affairs and Trade,color-contrast,671,7
2025-06-30,Ministry of Foreign Affairs and Trade,document-title,2,1
2025-06-30,Ministry of Foreign Affairs and Trade,html-has-lang,200,1
2025-06-30,Ministry of Foreign Affairs and Trade,image-alt,2,1
2025-06-30,Ministry of Foreign Affairs and Trade,label,20,2
2025-06-30,Ministry of Foreign Affairs and Trade,link-in-text-block,251,3
2025-06-30,Ministry of Foreign Affairs and Trade,link-name,44,5
2025-06-30,Ministry of Foreign Affairs and Trade,meta-viewport,18,2
2025-06-30,Ministry of Foreign Affairs and Trade,role-img-alt,1,1
2025-06-30,Ministry of Foreign Affairs and Trade,scrollable-region-focusable,30,3
2025-06-30,Ministry of Foreign Affairs and Trade,select-name,525,2
2025-06-30,Ministry of Health,aria-allowed-attr,56,1
2025-06-30,Ministry of Health,aria-required-parent,34,4
2025-06-30,Ministry of Health,aria-valid-attr-value,40,1
2025-06-30,Ministry of Health,color-contrast,65,1
2025-06-30,Ministry of Health,html-has-lang,2,1
2025-06-30,Ministry of Health,label,196,1
2025-06-30,Ministry of Health,link-in-text-block,4,1
2025-06-30,Ministry of Health,link-name,2,1
2025-06-30,Ministry of Health,list,4,1
2025-06-30,Ministry of Health,nested-interactive,50,4
2025-06-30,Ministry of Health,scrollable-region-focusable,5,1
2025-06-30,Ministry of Justice,aria-input-field-name,10,1
2025-06-30,Ministry of Justice,aria-required-children,10,1
2025-06-30,Ministry of Justice,aria-required-parent,552,1
2025-06-30,Ministry of Justice,button-name,400,1
2025-06-30,Ministry of Justice,color-contrast,7290,12
2025-06-30,Ministry of Justice,frame-title,112,1
2025-06-30,Ministry of Justice,html-has-lang,634,8
2025-06-30,Ministry of Justice,image-alt,1002,3
2025-06-30,Ministry of Justice,label,124,1
2025-06-30,Ministry of Justice,link-in-text-block,261,4
2025-06-30,Ministry of Justice,link-name,2118,14
2025-06-30,Ministry of Justice,list,20,3
2025-06-30,Ministry of Justice,nested-interactive,84,1
2025-06-30,Ministry of Justice,scrollable-region-focusable,22,4
2025-06-30,Ministry of Justice,select-name,44,2
2025-06-30,Ministry of Justice,svg-img-alt,2592,1
2025-06-30,Ministry of Justice,valid-lang,774,1
2025-06-30,Ministry of Social Development,aria-allowed-attr,11,1
2025-06-30,Ministry of Social Development,aria-hidden-focus,104,2
2025-06-30,Ministry of Social Development,aria-input-field-name,43,2
2025-06-30,Ministry of Social Development,aria-prohibited-attr,16,1
2025-06-30,Ministry of Social Development,aria-required-children,178,3
2025-06-30,Ministry of Social Development,aria-required-parent,242,2
2025-06-30,Ministry of Social Development,aria-roles,211,1
2025-06-30,Ministry of Social Development,color-contrast,341,11
2025-06-30,Ministry of Social Development,document-title,38,1
2025-06-30,Ministry of Social Development,frame-title,82,4
2025-06-30,Ministry of Social Development,html-has-lang,230,4
2025-06-30,Ministry of Social Development,image-alt,641,6
2025-06-30,Ministry of Social Development,label,74,2
2025-06-30,Ministry of Social Development,link-in-text-block,14,2
2025-06-30,Ministry of Social Development,link-name,414,15
2025-06-30,Ministry of Social Development,list,202,7
2025-06-30,Ministry of Social Development,listitem,170,3
2025-06-30,Ministry of Social Development,nested-interactive,76,3
2025-06-30,Ministry of Social Development,role-img-alt,86,1
2025-06-30,Ministry of Social Development,scrollable-region-focusable,25,4
2025-06-30,Ministry of Social Development,select-name,266,2
2025-06-30,Ministry of Social Development,valid-lang,2,1
2025-06-30,National Emergency Management Agency,aria-input-field-name,6,1
2025-06-30,National Emergency Management Agency,aria-required-children,6,1
2025-06-30,National Emergency Management Agency,aria-valid-attr-value,19,1
2025-06-30,National Emergency Management Agency,autocomplete-valid,14,1
2025-06-30,National Emergency Management Agency,button-name,2,1
2025-06-30,National Emergency Management Agency,image-alt,2,1
2025-06-30,National Emergency Management Agency,link-name,23,3
2025-06-30,National Emergency Management Agency,scrollable-region-focusable,1,1
2025-06-30,National Emergency Management Agency,select-name,1,1
2025-06-30,New Zealand Customs Service,aria-allowed-attr,4,1
2025-06-30,New Zealand Customs Service,aria-command-name,2,1
2025-06-30,New Zealand Customs Service,color-contrast,2,1
2025-06-30,New Zealand Customs Service,frame-title,4,1
2025-06-30,New Zealand Customs Service,html-has-lang,2,1
2025-06-30,New Zealand Customs Service,image-alt,4,1
2025-06-30,New Zealand Customs Service,label,4,1
2025-06-30,New Zealand Customs Service,link-name,204,2
2025-06-30,New Zealand Customs Service,nested-interactive,302,1
2025-06-30,New Zealand Customs Service,select-name,2,1
2025-06-30,New Zealand Defence Force,aria-hidden-focus,14,1
2025-06-30,New Zealand Defence Force,aria-required-children,26,1
2025-06-30,New Zealand Defence Force,aria-required-parent,22,1
2025-06-30,New Zealand Defence Force,color-contrast,2415,5
2025-06-30,New Zealand Defence Force,definition-list,602,1
2025-06-30,New Zealand Defence Force,frame-title,8,4
2025-06-30,New Zealand Defence Force,image-alt,958,3
2025-06-30,New Zealand Defence Force,label,524,2
2025-06-30,New Zealand Defence Force,link-in-text-block,760,3
2025-06-30,New Zealand Defence Force,link-name,4482,7
2025-06-30,New Zealand Defence Force,listitem,22,1
2025-06-30,New Zealand Defence Force,meta-viewport,400,2
2025-06-30,New Zealand Defence Force,nested-interactive,20,1
2025-06-30,New Zealand Defence Force,scrollable-region-focusable,78,4
2025-06-30,New Zealand Defence Force,select-name,58,3
2025-06-30,New Zealand Police,aria-allowed-attr,8,1
2025-06-30,New Zealand Police,aria-required-attr,236,1
2025-06-30,New Zealand Police,button-name,65,2
2025-06-30,New Zealand Police,color-contrast,22,2
2025-06-30,New Zealand Police,frame-title,20,2
2025-06-30,New Zealand Police,image-alt,14,1
2025-06-30,New Zealand Police,label,6,1
2025-06-30,New Zealand Police,link-in-text-block,957,2
2025-06-30,New Zealand Police,link-name,203,2
2025-06-30,New Zealand Police,nested-interactive,118,1
2025-06-30,New Zealand Police,select-name,22,1
2025-06-30,New Zealand Security Intelligence Service,autocomplete-valid,2,1
2025-06-30,New Zealand Security Intelligence Service,color-contrast,700,1
2025-06-30,New Zealand Security Intelligence Service,image-alt,2,2
2025-06-30,New Zealand Security Intelligence Service,link-name,4,2
2025-06-30,New Zealand Security Intelligence Service,scrollable-region-focusable,1,1
2025-06-30,Oranga Tamariki,aria-allowed-attr,2,1
2025-06-30,Oranga Tamariki,aria-input-field-name,6,1
2025-06-30,Oranga Tamariki,aria-required-attr,6,1
2025-06-30,Oranga Tamariki,button-name,54,1
2025-06-30,Oranga Tamariki,color-contrast,34,2
2025-06-30,Oranga Tamariki,document-title,2,1
2025-06-30,Oranga Tamariki,html-has-lang,2,1
2025-06-30,Oranga Tamariki,label,174,2
2025-06-30,Oranga Tamariki,link-name,8,2
2025-06-30,Oranga Tamariki,list,2,1
2025-06-30,Parliamentary Counsel Office,aria-required-parent,252,1
2025-06-30,Parliamentary Counsel Office,aria-valid-attr-value,21,1
2025-06-30,Parliamentary Counsel Office,color-contrast,118,1
2025-06-30,Parliamentary Counsel Office,image-alt,142,2
2025-06-30,Parliamentary Counsel Office,label,4,1
2025-06-30,Parliamentary Counsel Office,link-in-text-block,401,1
2025-06-30,Parliamentary Counsel Office,link-name,50,3
2025-06-30,Parliamentary Counsel Office,scrollable-region-focusable,246,1
2025-06-30,Parliamentary Counsel Office,td-headers-attr,2,1
2025-06-30,Public Service Commission,aria-allowed-attr,50,3
2025-06-30,Public Service Commission,aria-hidden-focus,222,2
2025-06-30,Public Service Commission,aria-input-field-name,4,1
2025-06-30,Public Service Commission,aria-progressbar-name,1,1
2025-06-30,Public Service Commission,aria-prohibited-attr,6,1
2025-06-30,Public Service Commission,aria-required-children,4,1
2025-06-30,Public Service Commission,button-name,372,3
2025-06-30,Public Service Commission,color-contrast,2419,6
2025-06-30,Public Service Commission,frame-title,16,2
2025-06-30,Public Service Commission,html-has-lang,10,1
2025-06-30,Public Service Commission,html-lang-valid,200,1
2025-06-30,Public Service Commission,image-alt,2,1
2025-06-30,Public Service Commission,label,4,1
2025-06-30,Public Service Commission,link-in-text-block,469,4
2025-06-30,Public Service Commission,link-name,555,7
2025-06-30,Public Service Commission,list,6,2
2025-06-30,Public Service Commission,meta-viewport,200,1
2025-06-30,Public Service Commission,scrollable-region-focusable,260,3
2025-06-30,Public Service Commission,select-name,275,2
2025-06-30,Serious Fraud Office,aria-input-field-name,2,1
2025-06-30,Serious Fraud Office,aria-required-children,2,1
2025-06-30,Serious Fraud Office,color-contrast,2,1
2025-06-30,Serious Fraud Office,link-name,18,1
2025-06-30,Serious Fraud Office,listitem,4,1
2025-06-30,Social Investment Agency,aria-input-field-name,2,1
2025-06-30,Social Investment Agency,aria-required-children,602,2
2025-06-30,Social Investment Agency,button-name,100,1
2025-06-30,Social Investment Agency,color-contrast,542,2
2025-06-30,Social Investment Agency,html-has-lang,40,1
2025-06-30,Social Investment Agency,image-alt,77,2
2025-06-30,Social Investment Agency,label,104,2
2025-06-30,Social Investment Agency,link-in-text-block,67,2
2025-06-30,Social Investment Agency,link-name,222,2
2025-06-30,Social Investment Agency,listitem,4,1
2025-06-30,Social Investment Agency,select-name,12,1
2025-06-30,Statistics New Zealand,aria-command-name,1,1
2025-06-30,Statistics New Zealand,aria-hidden-focus,200,1
2025-06-30,Statistics New Zealand,aria-required-attr,128,1
2025-06-30,Statistics New Zealand,aria-required-parent,118,1
2025-06-30,Statistics New Zealand,aria-roles,24,1
2025-06-30,Statistics New Zealand,aria-valid-attr-value,60,1
2025-06-30,Statistics New Zealand,avoid-inline-spacing,28,1
2025-06-30,Statistics New Zealand,button-name,54,1
2025-06-30,Statistics New Zealand,color-contrast,46,1
2025-06-30,Statistics New Zealand,frame-title,12,1
2025-06-30,Statistics New Zealand,html-has-lang,26,1
2025-06-30,Statistics New Zealand,image-alt,46,2
2025-06-30,Statistics New Zealand,input-image-alt,26,1
2025-06-30,Statistics New Zealand,label,36,1
2025-06-30,Statistics New Zealand,link-name,302,3
2025-06-30,Statistics New Zealand,list,42,1
2025-06-30,Statistics New Zealand,meta-viewport,200,1
2025-06-30,Statistics New Zealand,nested-interactive,1296,1
2025-06-30,Statistics New Zealand,role-img-alt,62,1
2025-06-30,Statistics New Zealand,scrollable-region-focusable,14,1
2025-06-30,Statistics New Zealand,select-name,12,2
2025-06-30,Te Puni Kōkiri,aria-allowed-attr,2,1
2025-06-30,Te Puni Kōkiri,color-contrast,195,2
2025-06-30,Te Puni Kōkiri,definition-list,144,1
2025-06-30,Te Puni Kōkiri,link-name,89,1
2025-06-30,Te Puni Kōkiri,list,8,1
2025-06-30,Te Puni Kōkiri,listitem,102,1
2025-06-30,Te Tari Whakatau,aria-hidden-focus,1,1
2025-06-30,Te Tari Whakatau,aria-prohibited-attr,1,1
2025-06-30,Te Tari Whakatau,button-name,1,1
2025-06-30,Te Tari Whakatau,color-contrast,5311,1
2025-06-30,Te Tari Whakatau,document-title,2,1
2025-06-30,Te Tari Whakatau,image-alt,4,1
2025-06-30,Te Tari Whakatau,link-name,2,1
2025-06-30,Te Tari Whakatau,meta-viewport,2,1
2025-06-30,Te Tari Whakatau,scrollable-region-focusable,200,1
2025-06-30,The Treasury,aria-allowed-attr,2,1
2025-06-30,The Treasury,frame-title,4,1
2025-06-30,The Treasury,link-in-text-block,4,1
2025-06-30,The Treasury,link-name,50,1
2025-06-30,The Treasury,list,4,2
2025-06-30,The Treasury,scrollable-region-focusable,13,1
2025-06-30,Whaikaha,link-name,12,2
2025-06-30,Whaikaha,scrollable-region-focusable,3,1
2025-08-12,Aroturuki Tamariki,color-contrast,22,1
2025-08-12,Aroturuki Tamariki,link-name,6,1
2025-08-12,Cancer Control Agency,color-contrast,4801,2
2025-08-12,Cancer Control Agency,document-title,4,1
2025-08-12,Cancer Control Agency,frame-title,4,1
2025-08-12,Cancer Control Agency,image-alt,739,2
2025-08-12,Cancer Control Agency,label,2,1
2025-08-12,Cancer Control Agency,link-in-text-block,8,1
2025-08-12,Cancer Control Agency,link-name,212,1
2025-08-12,Charter School Agency,link-name,4,1
2025-08-12,Crown Law Office,color-contrast,5639,1
2025-08-12,Crown Law Office,link-in-text-block,398,1
2025-08-12,Crown Law Office,link-name,22,1
2025-08-12,Crown Law Office,meta-viewport,162,1
2025-08-12,Crown Law Office,scrollable-region-focusable,1,1
2025-08-12,Department of Conservation,aria-allowed-attr,16,2
2025-08-12,Department of Conservation,aria-progressbar-name,202,2
2025-08-12,Department of Conservation,aria-required-attr,4,1
2025-08-12,Department of Conservation,aria-required-children,73,1
2025-08-12,Department of Conservation,aria-required-parent,84,1
2025-08-12,Department of Conservation,autocomplete-valid,8,1
2025-08-12,Department of Conservation,color-contrast,1685,6
2025-08-12,Department of Conservation,frame-title,38,1
2025-08-12,Department of Conservation,image-alt,70,4
2025-08-12,Department of Conservation,link-in-text-block,4,1
2025-08-12,Department of Conservation,link-name,632,5
2025-08-12,Department of Conservation,list,350,3
2025-08-12,Department of Conservation,listitem,1029,1
2025-08-12,Department of Conservation,meta-viewport,14,3
2025-08-12,Department of Conservation,nested-interactive,52,1
2025-08-12,Department of Conservation,role-img-alt,4,1
2025-08-12,Department of Conservation,scrollable-region-focusable,62,3
2025-08-12,Department of Corrections,aria-allowed-attr,6,1
2025-08-12,Department of Corrections,aria-hidden-focus,534,2
2025-08-12,Department of Corrections,aria-input-field-name,5,2
2025-08-12,Department of Corrections,aria-required-children,3,1
2025-08-12,Department of Corrections,aria-roles,6,1
2025-08-12,Department of Corrections,color-contrast,333,4
2025-08-12,Department of Corrections,frame-title,90,3
2025-08-12,Department of Corrections,image-alt,2,1
2025-08-12,Department of Corrections,link-in-text-block,58,1
2025-08-12,Department of Corrections,link-name,47,2
2025-08-12,Department of Corrections,list,6,2
2025-08-12,Department of Corrections,nested-interactive,2,1
2025-08-12,Department of Corrections,scrollable-region-focusable,23,1
2025-08-12,Department of Corrections,select-name,10,1
2025-08-12,Department of Internal Affairs,area-alt,10,1
2025-08-12,Department of Internal Affairs,aria-allowed-attr,1719,5
2025-08-12,Department of Internal Affairs,aria-command-name,247,1
2025-08-12,Department of Internal Affairs,aria-hidden-focus,985,8
2025-08-12,Department of Internal Affairs,aria-input-field-name,10,1
2025-08-12,Department of Internal Affairs,aria-prohibited-attr,300,2
2025-08-12,Department of Internal Affairs,aria-required-attr,2,1
2025-08-12,Department of Internal Affairs,aria-required-children,532,12
2025-08-12,Department of Internal Affairs,aria-required-parent,250,4
2025-08-12,Department of Internal Affairs,aria-roles,2,1
2025-08-12,Department of Internal Affairs,aria-tooltip-name,210,1
2025-08-12,Department of Internal Affairs,aria-valid-attr,6,1
2025-08-12,Department of Internal Affairs,aria-valid-attr-value,8,2
2025-08-12,Department of Internal Affairs,button-name,480,5
2025-08-12,Department of Internal Affairs,color-contrast,14284,31
2025-08-12,Department of Internal Affairs,frame-title,44,6
2025-08-12,Department of Internal Affairs,html-has-lang,413,9
2025-08-12,Department of Internal Affairs,image-alt,1938,12
2025-08-12,Department of Internal Affairs,label,641,10
2025-08-12,Department of Internal Affairs,link-in-text-block,639,7
2025-08-12,Department of Internal Affairs,link-name,1373,18
2025-08-12,Department of Internal Affairs,list,575,17
2025-08-12,Department of Internal Affairs,listitem,2305,12
2025-08-12,Department of Internal Affairs,meta-viewport,414,6
2025-08-12,Department of Internal Affairs,nested-interactive,82,3
2025-08-12,Department of Internal Affairs,scrollable-region-focusable,48,7
2025-08-12,Department of Internal Affairs,select-name,501,12
2025-08-12,Department of Internal Affairs,valid-lang,200,1
2025-08-12,Department of the Prime Minister and Cabinet,aria-hidden-focus,200,2
2025-08-12,Department of the Prime Minister and Cabinet,color-contrast,949,2
2025-08-12,Department of the Prime Minister and Cabinet,image-alt,116,2
2025-08-12,Department of the Prime Minister and Cabinet,link-in-text-block,8,1
2025-08-12,Department of the Prime Minister and Cabinet,link-name,428,2
2025-08-12,Department of the Prime Minister and Cabinet,list,18,2
2025-08-12,Department of the Prime Minister and Cabinet,scrollable-region-focusable,13,2
2025-08-12,Education Review Office,aria-allowed-attr,246,1
2025-08-12,Education Review Office,button-name,1444,1
2025-08-12,Education Review Office,color-contrast,110,1
2025-08-12,Education Review Office,document-title,2,1
2025-08-12,Education Review Office,frame-title,10,1
2025-08-12,Education Review Office,html-has-lang,2,1
2025-08-12,Education Review Office,link-name,104,1
2025-08-12,Financial Markets Authority,aria-input-field-name,8,1
2025-08-12,Financial Markets Authority,aria-prohibited-attr,8,1
2025-08-12,Financial Markets Authority,aria-required-children,208,1
2025-08-12,Financial Markets Authority,button-name,20,1
2025-08-12,Financial Markets Authority,color-contrast,376,4
2025-08-12,Financial Markets Authority,frame-title,30,1
2025-08-12,Financial Markets Authority,label,27,2
2025-08-12,Financial Markets Authority,link-name,1115,4
2025-08-12,Government Communications Security Bureau,aria-hidden-focus,14,1
2025-08-12,Government Communications Security Bureau,color-contrast,24,1
2025-08-12,Health New Zealand,aria-allowed-attr,38,1
2025-08-12,Health New Zealand,aria-hidden-focus,14,2
2025-08-12,Health New Zealand,aria-input-field-name,4,2
2025-08-12,Health New Zealand,aria-required-attr,4,1
2025-08-12,Health New Zealand,aria-required-children,2,1
2025-08-12,Health New Zealand,aria-valid-attr,12,1
2025-08-12,Health New Zealand,button-name,60,4
2025-08-12,Health New Zealand,color-contrast,164,6
2025-08-12,Health New Zealand,document-title,2,1
2025-08-12,Health New Zealand,frame-title,38,2
2025-08-12,Health New Zealand,image-alt,265,3
2025-08-12,Health New Zealand,input-button-name,198,2
2025-08-12,Health New Zealand,label,2,1
2025-08-12,Health New Zealand,link-in-text-block,512,1
2025-08-12,Health New Zealand,link-name,647,3
2025-08-12,Health New Zealand,list,2,1
2025-08-12,Health New Zealand,listitem,44,2
2025-08-12,Health New Zealand,nested-interactive,428,1
2025-08-12,Health New Zealand,scrollable-region-focusable,3,1
2025-08-12,Health New Zealand,select-name,1,1
2025-08-12,Inland Revenue Department,aria-hidden-focus,2,1
2025-08-12,Inland Revenue Department,color-contrast,101,3
2025-08-12,Inland Revenue Department,link-in-text-block,16,2
2025-08-12,Inland Revenue Department,link-name,2,1
2025-08-12,Inland Revenue Department,list,103,2
2025-08-12,Inland Revenue Department,scrollable-region-focusable,10,2
2025-08-12,Land Information New Zealand,aria-allowed-attr,59,2
2025-08-12,Land Information New Zealand,aria-hidden-focus,28,1
2025-08-12,Land Information New Zealand,aria-prohibited-attr,2,1
2025-08-12,Land Information New Zealand,aria-required-children,16,1
2025-08-12,Land Information New Zealand,button-name,257,1
2025-08-12,Land Information New Zealand,color-contrast,545,4
2025-08-12,Land Information New Zealand,dlitem,132,1
2025-08-12,Land Information New Zealand,image-alt,3,1
2025-08-12,Land Information New Zealand,label,29,2
2025-08-12,Land Information New Zealand,link-in-text-block,137,3
2025-08-12,Land Information New Zealand,link-name,1518,1
2025-08-12,Land Information New Zealand,list,4,1
2025-08-12,Land Information New Zealand,listitem,54,1
2025-08-12,Land Information New Zealand,meta-viewport,102,3
2025-08-12,Land Information New Zealand,nested-interactive,2,1
2025-08-12,Land Information New Zealand,role-img-alt,294,1
2025-08-12,Land Information New Zealand,scrollable-region-focusable,26,2
2025-08-12,Land Information New Zealand,select-name,2,1
2025-08-12,Ministry for Culture and Heritage,aria-required-attr,200,1
2025-08-12,Ministry for Culture and Heritage,color-contrast,218,4
2025-08-12,Ministry for Culture and Heritage,frame-title,12,2
2025-08-12,Ministry for Culture and Heritage,image-alt,304,4
2025-08-12,Ministry for Culture and Heritage,label,202,3
2025-08-12,Ministry for Culture and Heritage,link-in-text-block,58,1
2025-08-12,Ministry for Culture and Heritage,link-name,984,5
2025-08-12,Ministry for Culture and Heritage,list,40,3
2025-08-12,Ministry for Culture and Heritage,scrollable-region-focusable,2,1
2025-08-12,Ministry for Culture and Heritage,select-name,12,2
2025-08-12,Ministry for Ethnic Communities,aria-required-parent,800,1
2025-08-12,Ministry for Ethnic Communities,color-contrast,384,1
2025-08-12,Ministry for Ethnic Communities,link-name,404,1
2025-08-12,Ministry for Ethnic Communities,list,100,1
2025-08-12,Ministry for Pacific Peoples,aria-hidden-focus,10,1
2025-08-12,Ministry for Pacific Peoples,aria-required-children,100,1
2025-08-12,Ministry for Pacific Peoples,aria-required-parent,400,1
2025-08-12,Ministry for Pacific Peoples,color-contrast,500,2
2025-08-12,Ministry for Pacific Peoples,frame-title,10,1
2025-08-12,Ministry for Pacific Peoples,label,2,1
2025-08-12,Ministry for Pacific Peoples,link-name,8,2
2025-08-12,Ministry for Pacific Peoples,listitem,400,1
2025-08-12,Ministry for Primary Industries,aria-allowed-attr,4,1
2025-08-12,Ministry for Primary Industries,aria-hidden-focus,115,5
2025-08-12,Ministry for Primary Industries,aria-input-field-name,14,4
2025-08-12,Ministry for Primary Industries,aria-required-attr,99,1
2025-08-12,Ministry for Primary Industries,aria-required-children,192,4
2025-08-12,Ministry for Primary Industries,aria-valid-attr-value,6,1
2025-08-12,Ministry for Primary Industries,button-name,150,4
2025-08-12,Ministry for Primary Industries,color-contrast,98,3
2025-08-12,Ministry for Primary Industries,document-title,2,1
2025-08-12,Ministry for Primary Industries,frame-title,46,4
2025-08-12,Ministry for Primary Industries,html-has-lang,170,4
2025-08-12,Ministry for Primary Industries,image-alt,576,7
2025-08-12,Ministry for Primary Industries,link-in-text-block,94,5
2025-08-12,Ministry for Primary Industries,link-name,1134,10
2025-08-12,Ministry for Primary Industries,listitem,584,1
2025-08-12,Ministry for Primary Industries,meta-refresh,16,1
2025-08-12,Ministry for Primary Industries,meta-viewport,201,2
2025-08-12,Ministry for Primary Industries,role-img-alt,2,1
2025-08-12,Ministry for Primary Industries,scrollable-region-focusable,18,3
2025-08-12,Ministry for Regulation,aria-allowed-attr,33,1
2025-08-12,Ministry for Regulation,aria-input-field-name,33,1
2025-08-12,Ministry for Regulation,button-name,3,1
2025-08-12,Ministry for Regulation,color-contrast,65,1
2025-08-12,Ministry for Regulation,image-alt,8,1
2025-08-12,Ministry for Regulation,link-name,2,1
2025-08-12,Ministry for Regulation,scrollable-region-focusable,1,1
2025-08-12,Ministry for Regulation,select-name,4,1
2025-08-12,Ministry for Women,aria-hidden-focus,100,1
2025-08-12,Ministry for Women,aria-required-children,200,1
2025-08-12,Ministry for Women,button-name,4,1
2025-08-12,Ministry for Women,color-contrast,245,1
2025-08-12,Ministry for Women,link-in-text-block,12,1
2025-08-12,Ministry for Women,link-name,2,1
2025-08-12,Ministry for Women,list,16,1
2025-08-12,Ministry for Women,listitem,1400,1
2025-08-12,Ministry for Women,nested-interactive,38,1
2025-08-12,Ministry for Women,role-img-alt,166,1
2025-08-12,Ministry for Women,scrollable-region-focusable,4,1
2025-08-12,"Ministry of Business, Innovation and Employment",aria-allowed-attr,539,13
2025-08-12,"Ministry of Business, Innovation and Employment",aria-command-name,2,1
2025-08-12,"Ministry of Business, Innovation and Employment",aria-hidden-focus,367,8
2025-08-12,"Ministry of Business, Innovation and Employment",aria-input-field-name,296,10
2025-08-12,"Ministry of Business, Innovation and Employment",aria-progressbar-name,4,2
2025-08-12,"Ministry of Business, Innovation and Employment",aria-prohibited-attr,2,1
2025-08-12,"Ministry of Business, Innovation and Employment",aria-required-attr,98,5
2025-08-12,"Ministry of Business, Innovation and Employment",aria-required-children,1627,10
2025-08-12,"Ministry of Business, Innovation and Employment",aria-required-parent,136,1
2025-08-12,"Ministry of Business, Innovation and Employment",aria-roles,772,4
2025-08-12,"Ministry of Business, Innovation and Employment",aria-toggle-field-name,233,2
2025-08-12,"Ministry of Business, Innovation and Employment",aria-valid-attr,10,1
2025-08-12,"Ministry of Business, Innovation and Employment",aria-valid-attr-value,574,7
2025-08-12,"Ministry of Business, Innovation and Employment",button-name,438,6
2025-08-12,"Ministry of Business, Innovation and Employment",color-contrast,7034,40
2025-08-12,"Ministry of Business, Innovation and Employment",definition-list,4,1
2025-08-12,"Ministry of Business, Innovation and Employment",document-title,20,3
2025-08-12,"Ministry of Business, Innovation and Employment",frame-title,315,11
2025-08-12,"Ministry of Business, Innovation and Employment",html-has-lang,473,28
2025-08-12,"Ministry of Business, Innovation and Employment",image-alt,1693,27
2025-08-12,"Ministry of Business, Innovation and Employment",input-button-name,180,1
2025-08-12,"Ministry of Business, Innovation and Employment",label,1750,9
2025-08-12,"Ministry of Business, Innovation and Employment",link-in-text-block,941,18
2025-08-12,"Ministry of Business, Innovation and Employment",link-name,3046,51
2025-08-12,"Ministry of Business, Innovation and Employment",list,387,24
2025-08-12,"Ministry of Business, Innovation and Employment",listitem,1296,8
2025-08-12,"Ministry of Business, Innovation and Employment",meta-viewport,204,2
2025-08-12,"Ministry of Business, Innovation and Employment",nested-interactive,532,6
2025-08-12,"Ministry of Business, Innovation and Employment",object-alt,1,1
2025-08-12,"Ministry of Business, Innovation and Employment",role-img-alt,42,1
2025-08-12,"Ministry of Business, Innovation and Employment",scrollable-region-focusable,86,15
2025-08-12,"Ministry of Business, Innovation and Employment",select-name,286,8
2025-08-12,"Ministry of Cities, Environment, Regions and Transport",aria-allowed-attr,260,3
2025-08-12,"Ministry of Cities, Environment, Regions and Transport",aria-hidden-focus,44,3
2025-08-12,"Ministry of Cities, Environment, Regions and Transport",aria-input-field-name,249,3
2025-08-12,"Ministry of Cities, Environment, Regions and Transport",aria-progressbar-name,16,1
2025-08-12,"Ministry of Cities, Environment, Regions and Transport",aria-required-children,248,3
2025-08-12,"Ministry of Cities, Environment, Regions and Transport",aria-roles,1,1
2025-08-12,"Ministry of Cities, Environment, Regions and Transport",aria-valid-attr-value,2548,1
2025-08-12,"Ministry of Cities, Environment, Regions and Transport",button-name,326,4
2025-08-12,"Ministry of Cities, Environment, Regions and Transport",color-contrast,3028,7
2025-08-12,"Ministry of Cities, Environment, Regions and Transport",document-title,6,1
2025-08-12,"Ministry of Cities, Environment, Regions and Transport",frame-title,60,2
2025-08-12,"Ministry of Cities, Environment, Regions and Transport",html-has-lang,8,2
2025-08-12,"Ministry of Cities, Environment, Regions and Transport",image-alt,366,3
2025-08-12,"Ministry of Cities, Environment, Regions and Transport",label,114,2
2025-08-12,"Ministry of Cities, Environment, Regions and Transport",link-in-text-block,140,6
2025-08-12,"Ministry of Cities, Environment, Regions and Transport",link-name,1980,9
2025-08-12,"Ministry of Cities, Environment, Regions and Transport",list,38,3
2025-08-12,"Ministry of Cities, Environment, Regions and Transport",listitem,534,3
2025-08-12,"Ministry of Cities, Environment, Regions and Transport",meta-viewport,250,2
2025-08-12,"Ministry of Cities, Environment, Regions and Transport",scrollable-region-focusable,24,5
2025-08-12,"Ministry of Cities, Environment, Regions and Transport",select-name,4,1
2025-08-12,Ministry of Defence,color-contrast,20,2
2025-08-12,Ministry of Defence,html-has-lang,8,1
2025-08-12,Ministry of Defence,image-alt,50,2
2025-08-12,Ministry of Defence,link-name,6,1
2025-08-12,Ministry of Education,aria-allowed-attr,884,5
2025-08-12,Ministry of Education,aria-command-name,148,1
2025-08-12,Ministry of Education,aria-hidden-focus,510,6
2025-08-12,Ministry of Education,aria-input-field-name,108,3
2025-08-12,Ministry of Education,aria-prohibited-attr,373,3
2025-08-12,Ministry of Education,aria-required-attr,4,1
2025-08-12,Ministry of Education,aria-required-children,338,4
2025-08-12,Ministry of Education,aria-required-parent,9,1
2025-08-12,Ministry of Education,aria-valid-attr,108,1
2025-08-12,Ministry of Education,aria-valid-attr-value,85,1
2025-08-12,Ministry of Education,button-name,275,5
2025-08-12,Ministry of Education,color-contrast,10535,23
2025-08-12,Ministry of Education,document-title,202,2
2025-08-12,Ministry of Education,frame-title,114,8
2025-08-12,Ministry of Education,html-has-lang,270,3
2025-08-12,Ministry of Education,image-alt,217,7
2025-08-12,Ministry of Education,label,163,4
2025-08-12,Ministry of Education,link-in-text-block,631,7
2025-08-12,Ministry of Education,link-name,1479,14
2025-08-12,Ministry of Education,list,102,6
2025-08-12,Ministry of Education,listitem,1898,5
2025-08-12,Ministry of Education,meta-viewport,58,2
2025-08-12,Ministry of Education,nested-interactive,443,5
2025-08-12,Ministry of Education,role-img-alt,206,2
2025-08-12,Ministry of Education,scrollable-region-focusable,150,6
2025-08-12,Ministry of Education,select-name,4,1
2025-08-12,Ministry of Education,summary-name,2,1
2025-08-12,Ministry of Foreign Affairs and Trade,aria-allowed-attr,106,2
2025-08-12,Ministry of Foreign Affairs and Trade,aria-command-name,6,1
2025-08-12,Ministry of Foreign Affairs and Trade,aria-hidden-focus,258,2
2025-08-12,Ministry of Foreign Affairs and Trade,button-name,1512,1
2025-08-12,Ministry of Foreign Affairs and Trade,color-contrast,688,7
2025-08-12,Ministry of Foreign Affairs and Trade,document-title,2,1
2025-08-12,Ministry of Foreign Affairs and Trade,html-has-lang,200,1
2025-08-12,Ministry of Foreign Affairs and Trade,image-alt,2,1
2025-08-12,Ministry of Foreign Affairs and Trade,label,20,2
2025-08-12,Ministry of Foreign Affairs and Trade,link-in-text-block,206,3
2025-08-12,Ministry of Foreign Affairs and Trade,link-name,36,5
2025-08-12,Ministry of Foreign Affairs and Trade,list,2,1
2025-08-12,Ministry of Foreign Affairs and Trade,meta-viewport,18,2
2025-08-12,Ministry of Foreign Affairs and Trade,role-img-alt,1,1
2025-08-12,Ministry of Foreign Affairs and Trade,scrollable-region-focusable,10,3
2025-08-12,Ministry of Foreign Affairs and Trade,select-name,496,2
2025-08-12,Ministry of Health,aria-allowed-attr,62,2
2025-08-12,Ministry of Health,aria-prohibited-attr,12,2
2025-08-12,Ministry of Health,aria-required-parent,34,4
2025-08-12,Ministry of Health,color-contrast,221,4
2025-08-12,Ministry of Health,dlitem,2,1
2025-08-12,Ministry of Health,document-title,8,2
2025-08-12,Ministry of Health,html-has-lang,12,4
2025-08-12,Ministry of Health,image-alt,7,1
2025-08-12,Ministry of Health,link-in-text-block,4,1
2025-08-12,Ministry of Health,link-name,1,1
2025-08-12,Ministry of Health,list,4,1
2025-08-12,Ministry of Health,nested-interactive,50,4
2025-08-12,Ministry of Health,scrollable-region-focusable,5,1
2025-08-12,Ministry of Health,select-name,2,1
2025-08-12,Ministry of Justice,aria-required-parent,540,1
2025-08-12,Ministry of Justice,button-name,400,1
2025-08-12,Ministry of Justice,color-contrast,2523,10
2025-08-12,Ministry of Justice,frame-title,82,2
2025-08-12,Ministry of Justice,html-has-lang,794,10
2025-08-12,Ministry of Justice,image-alt,974,3
2025-08-12,Ministry of Justice,label,96,1
2025-08-12,Ministry of Justice,link-in-text-block,158,2
2025-08-12,Ministry of Justice,link-name,1769,14
2025-08-12,Ministry of Justice,list,2,1
2025-08-12,Ministry of Justice,nested-interactive,84,1
2025-08-12,Ministry of Justice,scrollable-region-focusable,27,4
2025-08-12,Ministry of Justice,select-name,28,2
2025-08-12,Ministry of Justice,svg-img-alt,2754,1
2025-08-12,Ministry of Justice,valid-lang,913,1
2025-08-12,Ministry of Social Development,aria-allowed-attr,10,1
2025-08-12,Ministry of Social Development,aria-hidden-focus,102,2
2025-08-12,Ministry of Social Development,aria-input-field-name,42,2
2025-08-12,Ministry of Social Development,aria-prohibited-attr,16,1
2025-08-12,Ministry of Social Development,aria-required-children,160,3
2025-08-12,Ministry of Social Development,aria-required-parent,883,2
2025-08-12,Ministry of Social Development,aria-roles,210,1
2025-08-12,Ministry of Social Development,color-contrast,291,9
2025-08-12,Ministry of Social Development,document-title,52,2
2025-08-12,Ministry of Social Development,frame-title,48,4
2025-08-12,Ministry of Social Development,html-has-lang,234,6
2025-08-12,Ministry of Social Development,image-alt,703,6
2025-08-12,Ministry of Social Development,label,86,3
2025-08-12,Ministry of Social Development,link-in-text-block,14,2
2025-08-12,Ministry of Social Development,link-name,382,12
2025-08-12,Ministry of Social Development,list,214,7
2025-08-12,Ministry of Social Development,listitem,162,2
2025-08-12,Ministry of Social Development,nested-interactive,76,3
2025-08-12,Ministry of Social Development,role-img-alt,86,1
2025-08-12,Ministry of Social Development,scrollable-region-focusable,7,3
2025-08-12,Ministry of Social Development,select-name,262,2
2025-08-12,Ministry of Social Development,valid-lang,2,1
2025-08-12,National Emergency Management Agency,aria-input-field-name,6,1
2025-08-12,National Emergency Management Agency,aria-required-children,6,1
2025-08-12,National Emergency Management Agency,aria-valid-attr-value,19,1
2025-08-12,National Emergency Management Agency,autocomplete-valid,14,1
2025-08-12,National Emergency Management Agency,image-alt,2,1
2025-08-12,National Emergency Management Agency,link-name,8,2
2025-08-12,National Emergency Management Agency,scrollable-region-focusable,1,1
2025-08-12,National Emergency Management Agency,select-name,1,1
2025-08-12,New Zealand Customs Service,aria-allowed-attr,4,1
2025-08-12,New Zealand Customs Service,aria-command-name,2,1
2025-08-12,New Zealand Customs Service,button-name,4,1
2025-08-12,New Zealand Customs Service,color-contrast,281,2
2025-08-12,New Zealand Customs Service,frame-title,4,1
2025-08-12,New Zealand Customs Service,html-has-lang,16,2
2025-08-12,New Zealand Customs Service,image-alt,22,2
2025-08-12,New Zealand Customs Service,label,6,2
2025-08-12,New Zealand Customs Service,link-name,204,2
2025-08-12,New Zealand Customs Service,list,2,1
2025-08-12,New Zealand Customs Service,nested-interactive,302,1
2025-08-12,New Zealand Customs Service,select-name,2,1
2025-08-12,New Zealand Defence Force,aria-required-children,38,1
2025-08-12,New Zealand Defence Force,aria-required-parent,60,2
2025-08-12,New Zealand Defence Force,color-contrast,3351,8
2025-08-12,New Zealand Defence Force,definition-list,666,1
2025-08-12,New Zealand Defence Force,document-title,2,1
2025-08-12,New Zealand Defence Force,frame-title,74,4
2025-08-12,New Zealand Defence Force,image-alt,1004,4
2025-08-12,New Zealand Defence Force,label,486,1
2025-08-12,New Zealand Defence Force,link-in-text-block,598,3
2025-08-12,New Zealand Defence Force,link-name,4325,8
2025-08-12,New Zealand Defence Force,list,2,1
2025-08-12,New Zealand Defence Force,listitem,36,1
2025-08-12,New Zealand Defence Force,meta-viewport,400,2
2025-08-12,New Zealand Defence Force,nested-interactive,12,1
2025-08-12,New Zealand Defence Force,scrollable-region-focusable,70,5
2025-08-12,New Zealand Defence Force,select-name,76,4
2025-08-12,New Zealand Police,aria-required-attr,232,1
2025-08-12,New Zealand Police,button-name,64,2
2025-08-12,New Zealand Police,color-contrast,24,2
2025-08-12,New Zealand Police,definition-list,12,1
2025-08-12,New Zealand Police,dlitem,4,1
2025-08-12,New Zealand Police,frame-title,12,2
2025-08-12,New Zealand Police,image-alt,7,1
2025-08-12,New Zealand Police,label,4,1
2025-08-12,New Zealand Police,link-in-text-block,806,2
2025-08-12,New Zealand Police,link-name,185,2
2025-08-12,New Zealand Police,list,2,1
2025-08-12,New Zealand Police,nested-interactive,116,1
2025-08-12,New Zealand Police,select-name,22,1
2025-08-12,New Zealand Security Intelligence Service,autocomplete-valid,2,1
2025-08-12,New Zealand Security Intelligence Service,color-contrast,700,1
2025-08-12,New Zealand Security Intelligence Service,link-name,2,1
2025-08-12,New Zealand Security Intelligence Service,scrollable-region-focusable,1,1
2025-08-12,Oranga Tamariki,aria-input-field-name,8,1
2025-08-12,Oranga Tamariki,aria-required-attr,8,1
2025-08-12,Oranga Tamariki,button-name,90,2
2025-08-12,Oranga Tamariki,color-contrast,70,4
2025-08-12,Oranga Tamariki,document-title,2,1
2025-08-12,Oranga Tamariki,html-has-lang,202,2
2025-08-12,Oranga Tamariki,image-alt,128,1
2025-08-12,Oranga Tamariki,label,219,3
2025-08-12,Oranga Tamariki,link-name,90,3
2025-08-12,Oranga Tamariki,list,4,1
2025-08-12,Parliamentary Counsel Office,aria-required-parent,338,1
2025-08-12,Parliamentary Counsel Office,aria-valid-attr-value,32,1
2025-08-12,Parliamentary Counsel Office,color-contrast,252,1
2025-08-12,Parliamentary Counsel Office,frame-title,8,1
2025-08-12,Parliamentary Counsel Office,image-alt,252,1
2025-08-12,Parliamentary Counsel Office,label,4,1
2025-08-12,Parliamentary Counsel Office,link-in-text-block,1014,1
2025-08-12,Parliamentary Counsel Office,link-name,46,3
2025-08-12,Parliamentary Counsel Office,list,8,1
2025-08-12,Parliamentary Counsel Office,scrollable-region-focusable,85,1
2025-08-12,Parliamentary Counsel Office,td-headers-attr,2,1
2025-08-12,Public Service Commission,aria-allowed-attr,52,3
2025-08-12,Public Service Commission,aria-hidden-focus,212,2
2025-08-12,Public Service Commission,aria-input-field-name,18,2
2025-08-12,Public Service Commission,aria-progressbar-name,1,1
2025-08-12,Public Service Commission,aria-prohibited-attr,6,1
2025-08-12,Public Service Commission,aria-required-children,4,1
2025-08-12,Public Service Commission,aria-valid-attr,80,1
2025-08-12,Public Service Commission,button-name,368,3
2025-08-12,Public Service Commission,color-contrast,2365,5
2025-08-12,Public Service Commission,frame-title,12,3
2025-08-12,Public Service Commission,html-has-lang,3,2
2025-08-12,Public Service Commission,html-lang-valid,200,1
2025-08-12,Public Service Commission,image-alt,14,2
2025-08-12,Public Service Commission,label,4,1
2025-08-12,Public Service Commission,link-in-text-block,341,5
2025-08-12,Public Service Commission,link-name,603,8
2025-08-12,Public Service Commission,list,4,2
2025-08-12,Public Service Commission,meta-viewport,200,1
2025-08-12,Public Service Commission,scrollable-region-focusable,909,5
2025-08-12,Public Service Commission,select-name,273,2
2025-08-12,Serious Fraud Office,aria-input-field-name,2,1
2025-08-12,Serious Fraud Office,aria-required-children,2,1
2025-08-12,Serious Fraud Office,color-contrast,4,1
2025-08-12,Serious Fraud Office,link-name,20,1
2025-08-12,Serious Fraud Office,listitem,4,1
2025-08-12,Social Investment Agency,aria-input-field-name,2,1
2025-08-12,Social Investment Agency,aria-required-children,602,2
2025-08-12,Social Investment Agency,button-name,100,1
2025-08-12,Social Investment Agency,color-contrast,551,2
2025-08-12,Social Investment Agency,html-has-lang,26,1
2025-08-12,Social Investment Agency,image-alt,82,2
2025-08-12,Social Investment Agency,label,107,2
2025-08-12,Social Investment Agency,link-in-text-block,62,2
2025-08-12,Social Investment Agency,link-name,217,2
2025-08-12,Social Investment Agency,listitem,4,1
2025-08-12,Social Investment Agency,select-name,12,1
2025-08-12,Statistics New Zealand,aria-command-name,1,1
2025-08-12,Statistics New Zealand,aria-hidden-focus,198,1
2025-08-12,Statistics New Zealand,aria-required-attr,110,1
2025-08-12,Statistics New Zealand,aria-required-parent,354,1
2025-08-12,Statistics New Zealand,aria-roles,28,1
2025-08-12,Statistics New Zealand,aria-valid-attr-value,5463,1
2025-08-12,Statistics New Zealand,button-name,64,1
2025-08-12,Statistics New Zealand,color-contrast,45,2
2025-08-12,Statistics New Zealand,frame-title,4,1
2025-08-12,Statistics New Zealand,html-has-lang,26,1
2025-08-12,Statistics New Zealand,image-alt,44,2
2025-08-12,Statistics New Zealand,input-image-alt,26,1
2025-08-12,Statistics New Zealand,label,36,1
2025-08-12,Statistics New Zealand,link-name,302,3
2025-08-12,Statistics New Zealand,list,43,1
2025-08-12,Statistics New Zealand,meta-viewport,198,1
2025-08-12,Statistics New Zealand,nested-interactive,1406,1
2025-08-12,Statistics New Zealand,role-img-alt,44,1
2025-08-12,Statistics New Zealand,scrollable-region-focusable,535,2
2025-08-12,Statistics New Zealand,select-name,12,2
2025-08-12,Statistics New Zealand,svg-img-alt,346,1
2025-08-12,Te Puni Kōkiri,aria-allowed-attr,2,1
2025-08-12,Te Puni Kōkiri,color-contrast,95,2
2025-08-12,Te Puni Kōkiri,definition-list,150,1
2025-08-12,Te Puni Kōkiri,link-name,90,1
2025-08-12,Te Puni Kōkiri,list,12,1
2025-08-12,Te Puni Kōkiri,listitem,84,1
2025-08-12,Te Tari Whakatau,aria-hidden-focus,1,1
2025-08-12,Te Tari Whakatau,color-contrast,5775,1
2025-08-12,Te Tari Whakatau,document-title,1,1
2025-08-12,Te Tari Whakatau,image-alt,4,1
2025-08-12,Te Tari Whakatau,scrollable-region-focusable,200,1
2025-08-12,The Treasury,aria-allowed-attr,202,2
2025-08-12,The Treasury,aria-hidden-focus,200,2
2025-08-12,The Treasury,aria-required-children,12,1
2025-08-12,The Treasury,aria-required-parent,60,1
2025-08-12,The Treasury,button-name,17,1
2025-08-12,The Treasury,color-contrast,1814,5
2025-08-12,The Treasury,frame-title,4,1
2025-08-12,The Treasury,html-has-lang,58,2
2025-08-12,The Treasury,image-alt,60,3
2025-08-12,The Treasury,link-in-text-block,216,4
2025-08-12,The Treasury,link-name,566,5
2025-08-12,The Treasury,list,30,5
2025-08-12,The Treasury,listitem,60,1
2025-08-12,The Treasury,scrollable-region-focusable,347,4
2025-08-12,Whaikaha,link-name,8,1
2025-08-12,Whaikaha,scrollable-region-focusable,3,1
2025-09-29,Aroturuki Tamariki,scrollable-region-focusable,21,1
2025-09-29,Cancer Control Agency,color-contrast,4894,2
2025-09-29,Cancer Control Agency,document-title,4,1
2025-09-29,Cancer Control Agency,frame-title,4,1
2025-09-29,Cancer Control Agency,image-alt,720,2
2025-09-29,Cancer Control Agency,label,2,1
2025-09-29,Cancer Control Agency,link-in-text-block,8,1
2025-09-29,Cancer Control Agency,link-name,216,1
2025-09-29,Crown Law Office,color-contrast,5660,1
2025-09-29,Crown Law Office,link-in-text-block,402,1
2025-09-29,Crown Law Office,link-name,22,1
2025-09-29,Crown Law Office,meta-viewport,164,1
2025-09-29,Crown Law Office,scrollable-region-focusable,1,1
2025-09-29,Department of Conservation,aria-allowed-attr,16,2
2025-09-29,Department of Conservation,aria-hidden-focus,8,1
2025-09-29,Department of Conservation,aria-progressbar-name,264,2
2025-09-29,Department of Conservation,aria-prohibited-attr,8,1
2025-09-29,Department of Conservation,aria-required-attr,4,1
2025-09-29,Department of Conservation,aria-required-children,133,1
2025-09-29,Department of Conservation,aria-required-parent,206,1
2025-09-29,Department of Conservation,autocomplete-valid,8,1
2025-09-29,Department of Conservation,button-name,16,1
2025-09-29,Department of Conservation,color-contrast,1898,7
2025-09-29,Department of Conservation,frame-title,22,2
2025-09-29,Department of Conservation,image-alt,66,4
2025-09-29,Department of Conservation,link-in-text-block,4,1
2025-09-29,Department of Conservation,link-name,1180,6
2025-09-29,Department of Conservation,list,200,1
2025-09-29,Department of Conservation,listitem,1176,1
2025-09-29,Department of Conservation,meta-viewport,14,3
2025-09-29,Department of Conservation,role-img-alt,4,1
2025-09-29,Department of Conservation,scrollable-region-focusable,54,3
2025-09-29,Department of Corrections,aria-allowed-attr,4,1
2025-09-29,Department of Corrections,aria-hidden-focus,531,2
2025-09-29,Department of Corrections,aria-input-field-name,5,2
2025-09-29,Department of Corrections,aria-required-children,3,1
2025-09-29,Department of Corrections,aria-roles,4,1
2025-09-29,Department of Corrections,color-contrast,356,4
2025-09-29,Department of Corrections,frame-title,56,3
2025-09-29,Department of Corrections,link-in-text-block,60,2
2025-09-29,Department of Corrections,link-name,45,2
2025-09-29,Department of Corrections,list,14,2
2025-09-29,Department of Corrections,nested-interactive,2,1
2025-09-29,Department of Corrections,scrollable-region-focusable,45,1
2025-09-29,Department of Corrections,select-name,4,1
2025-09-29,Department of Internal Affairs,area-alt,4,1
2025-09-29,Department of Internal Affairs,aria-allowed-attr,1400,5
2025-09-29,Department of Internal Affairs,aria-command-name,413,1
2025-09-29,Department of Internal Affairs,aria-hidden-focus,1053,8
2025-09-29,Department of Internal Affairs,aria-input-field-name,10,1
2025-09-29,Department of Internal Affairs,aria-prohibited-attr,300,2
2025-09-29,Department of Internal Affairs,aria-required-attr,2,1
2025-09-29,Department of Internal Affairs,aria-required-children,453,12
2025-09-29,Department of Internal Affairs,aria-required-parent,187,4
2025-09-29,Department of Internal Affairs,aria-roles,2,1
2025-09-29,Department of Internal Affairs,aria-tooltip-name,202,1
2025-09-29,Department of Internal Affairs,aria-valid-attr-value,8,2
2025-09-29,Department of Internal Affairs,autocomplete-valid,4,1
2025-09-29,Department of Internal Affairs,button-name,582,6
2025-09-29,Department of Internal Affairs,color-contrast,14764,30
2025-09-29,Department of Internal Affairs,definition-list,4,1
2025-09-29,Department of Internal Affairs,frame-title,53,5
2025-09-29,Department of Internal Affairs,html-has-lang,384,8
2025-09-29,Department of Internal Affairs,image-alt,2016,12
2025-09-29,Department of Internal Affairs,label,642,11
2025-09-29,Department of Internal Affairs,link-in-text-block,669,8
2025-09-29,Department of Internal Affairs,link-name,1399,20
2025-09-29,Department of Internal Affairs,list,911,17
2025-09-29,Department of Internal Affairs,listitem,2224,12
2025-09-29,Department of Internal Affairs,meta-viewport,413,6
2025-09-29,Department of Internal Affairs,nested-interactive,82,3
2025-09-29,Department of Internal Affairs,scrollable-region-focusable,54,5
2025-09-29,Department of Internal Affairs,select-name,511,12
2025-09-29,Department of Internal Affairs,valid-lang,200,1
2025-09-29,Department of the Prime Minister and Cabinet,aria-hidden-focus,200,2
2025-09-29,Department of the Prime Minister and Cabinet,color-contrast,1424,2
2025-09-29,Department of the Prime Minister and Cabinet,image-alt,64,2
2025-09-29,Department of the Prime Minister and Cabinet,link-in-text-block,4,1
2025-09-29,Department of the Prime Minister and Cabinet,link-name,1146,2
2025-09-29,Department of the Prime Minister and Cabinet,list,16,2
2025-09-29,Department of the Prime Minister and Cabinet,scrollable-region-focusable,10,2
2025-09-29,Education Review Office,aria-allowed-attr,94,1
2025-09-29,Education Review Office,button-name,1314,1
2025-09-29,Education Review Office,color-contrast,174,1
2025-09-29,Education Review Office,document-title,6,1
2025-09-29,Education Review Office,frame-title,10,1
2025-09-29,Education Review Office,html-has-lang,6,1
2025-09-29,Education Review Office,link-name,90,1
2025-09-29,Financial Markets Authority,aria-input-field-name,8,1
2025-09-29,Financial Markets Authority,aria-prohibited-attr,10,1
2025-09-29,Financial Markets Authority,aria-required-children,208,1
2025-09-29,Financial Markets Authority,button-name,22,1
2025-09-29,Financial Markets Authority,color-contrast,383,4
2025-09-29,Financial Markets Authority,frame-title,16,1
2025-09-29,Financial Markets Authority,label,28,2
2025-09-29,Financial Markets Authority,link-name,1063,4
2025-09-29,Government Communications Security Bureau,aria-allowed-attr,4,1
2025-09-29,Government Communications Security Bureau,aria-hidden-focus,314,2
2025-09-29,Government Communications Security Bureau,aria-input-field-name,2,1
2025-09-29,Government Communications Security Bureau,aria-required-children,2,1
2025-09-29,Government Communications Security Bureau,aria-required-parent,130,1
2025-09-29,Government Communications Security Bureau,color-contrast,27,3
2025-09-29,Government Communications Security Bureau,listitem,12,1
2025-09-29,Health New Zealand,aria-allowed-attr,40,2
2025-09-29,Health New Zealand,aria-hidden-focus,14,2
2025-09-29,Health New Zealand,aria-input-field-name,4,2
2025-09-29,Health New Zealand,aria-prohibited-attr,4,1
2025-09-29,Health New Zealand,aria-required-attr,4,1
2025-09-29,Health New Zealand,aria-required-children,2,1
2025-09-29,Health New Zealand,aria-required-parent,24,1
2025-09-29,Health New Zealand,aria-valid-attr,12,1
2025-09-29,Health New Zealand,button-name,59,4
2025-09-29,Health New Zealand,color-contrast,240,7
2025-09-29,Health New Zealand,document-title,2,1
2025-09-29,Health New Zealand,frame-title,34,1
2025-09-29,Health New Zealand,image-alt,325,5
2025-09-29,Health New Zealand,input-button-name,198,2
2025-09-29,Health New Zealand,label,2,1
2025-09-29,Health New Zealand,link-in-text-block,533,2
2025-09-29,Health New Zealand,link-name,360,3
2025-09-29,Health New Zealand,list,30,2
2025-09-29,Health New Zealand,listitem,36,2
2025-09-29,Health New Zealand,nested-interactive,428,1
2025-09-29,Health New Zealand,scrollable-region-focusable,3,1
2025-09-29,Health New Zealand,select-name,1,1
2025-09-29,Inland Revenue Department,color-contrast,101,3
2025-09-29,Inland Revenue Department,image-alt,2,1
2025-09-29,Inland Revenue Department,link-in-text-block,14,1
2025-09-29,Inland Revenue Department,link-name,10,1
2025-09-29,Inland Revenue Department,list,101,2
2025-09-29,Inland Revenue Department,scrollable-region-focusable,11,3
2025-09-29,Land Information New Zealand,aria-allowed-attr,20,2
2025-09-29,Land Information New Zealand,aria-hidden-focus,28,1
2025-09-29,Land Information New Zealand,aria-prohibited-attr,2,1
2025-09-29,Land Information New Zealand,aria-required-children,19,1
2025-09-29,Land Information New Zealand,button-name,195,1
2025-09-29,Land Information New Zealand,color-contrast,987,4
2025-09-29,Land Information New Zealand,dlitem,154,1
2025-09-29,Land Information New Zealand,image-alt,3,1
2025-09-29,Land Information New Zealand,label,23,2
2025-09-29,Land Information New Zealand,link-in-text-block,186,3
2025-09-29,Land Information New Zealand,link-name,678,1
2025-09-29,Land Information New Zealand,listitem,62,1
2025-09-29,Land Information New Zealand,meta-viewport,90,3
2025-09-29,Land Information New Zealand,nested-interactive,2,1
2025-09-29,Land Information New Zealand,role-img-alt,188,1
2025-09-29,Land Information New Zealand,scrollable-region-focusable,17,1
2025-09-29,Land Information New Zealand,select-name,2,1
2025-09-29,Ministry for Culture and Heritage,aria-command-name,24,1
2025-09-29,Ministry for Culture and Heritage,aria-required-children,2,1
2025-09-29,Ministry for Culture and Heritage,aria-required-parent,4,2
2025-09-29,Ministry for Culture and Heritage,color-contrast,203,3
2025-09-29,Ministry for Culture and Heritage,frame-title,8,3
2025-09-29,Ministry for Culture and Heritage,image-alt,435,4
2025-09-29,Ministry for Culture and Heritage,link-name,109,3
2025-09-29,Ministry for Culture and Heritage,list,2,1
2025-09-29,Ministry for Culture and Heritage,listitem,2,1
2025-09-29,Ministry for Culture and Heritage,scrollable-region-focusable,2,1
2025-09-29,Ministry for Ethnic Communities,aria-required-parent,800,1
2025-09-29,Ministry for Ethnic Communities,color-contrast,396,1
2025-09-29,Ministry for Ethnic Communities,frame-title,2,1
2025-09-29,Ministry for Ethnic Communities,link-name,412,1
2025-09-29,Ministry for Ethnic Communities,list,100,1
2025-09-29,Ministry for Pacific Peoples,aria-hidden-focus,8,1
2025-09-29,Ministry for Pacific Peoples,aria-required-children,100,1
2025-09-29,Ministry for Pacific Peoples,aria-required-parent,400,1
2025-09-29,Ministry for Pacific Peoples,color-contrast,530,2
2025-09-29,Ministry for Pacific Peoples,frame-title,8,1
2025-09-29,Ministry for Pacific Peoples,label,2,1
2025-09-29,Ministry for Pacific Peoples,link-name,8,2
2025-09-29,Ministry for Pacific Peoples,listitem,400,1
2025-09-29,Ministry for Primary Industries,aria-allowed-attr,24,1
2025-09-29,Ministry for Primary Industries,aria-hidden-focus,114,6
2025-09-29,Ministry for Primary Industries,aria-input-field-name,8,4
2025-09-29,Ministry for Primary Industries,aria-required-attr,99,1
2025-09-29,Ministry for Primary Industries,aria-required-children,193,5
2025-09-29,Ministry for Primary Industries,button-name,146,4
2025-09-29,Ministry for Primary Industries,color-contrast,2242,4
2025-09-29,Ministry for Primary Industries,frame-title,36,4
2025-09-29,Ministry for Primary Industries,image-alt,608,8
2025-09-29,Ministry for Primary Industries,label,154,1
2025-09-29,Ministry for Primary Industries,link-in-text-block,215,6
2025-09-29,Ministry for Primary Industries,link-name,2885,12
2025-09-29,Ministry for Primary Industries,list,60,2
2025-09-29,Ministry for Primary Industries,listitem,851,2
2025-09-29,Ministry for Primary Industries,meta-refresh,8,1
2025-09-29,Ministry for Primary Industries,meta-viewport,400,2
2025-09-29,Ministry for Primary Industries,nested-interactive,4,1
2025-09-29,Ministry for Primary Industries,role-img-alt,8,1
2025-09-29,Ministry for Primary Industries,scrollable-region-focusable,14,3
2025-09-29,Ministry for Regulation,aria-allowed-attr,27,1
2025-09-29,Ministry for Regulation,aria-input-field-name,27,1
2025-09-29,Ministry for Regulation,button-name,6,1
2025-09-29,Ministry for Regulation,color-contrast,55,2
2025-09-29,Ministry for Regulation,image-alt,8,1
2025-09-29,Ministry for Regulation,link-name,4,1
2025-09-29,Ministry for Regulation,scrollable-region-focusable,2,2
2025-09-29,Ministry for Regulation,select-name,4,1
2025-09-29,Ministry for Women,aria-hidden-focus,100,1
2025-09-29,Ministry for Women,aria-required-children,200,1
2025-09-29,Ministry for Women,button-name,4,1
2025-09-29,Ministry for Women,color-contrast,185,1
2025-09-29,Ministry for Women,link-in-text-block,16,1
2025-09-29,Ministry for Women,list,14,1
2025-09-29,Ministry for Women,listitem,1400,1
2025-09-29,Ministry for Women,nested-interactive,22,1
2025-09-29,Ministry for Women,role-img-alt,202,1
2025-09-29,"Ministry of Business, Innovation and Employment",aria-allowed-attr,596,14
2025-09-29,"Ministry of Business, Innovation and Employment",aria-command-name,102,2
2025-09-29,"Ministry of Business, Innovation and Employment",aria-hidden-focus,287,7
2025-09-29,"Ministry of Business, Innovation and Employment",aria-input-field-name,296,11
2025-09-29,"Ministry of Business, Innovation and Employment",aria-progressbar-name,4,3
2025-09-29,"Ministry of Business, Innovation and Employment",aria-prohibited-attr,14,2
2025-09-29,"Ministry of Business, Innovation and Employment",aria-required-attr,54,5
2025-09-29,"Ministry of Business, Innovation and Employment",aria-required-children,1624,12
2025-09-29,"Ministry of Business, Innovation and Employment",aria-required-parent,145,2
2025-09-29,"Ministry of Business, Innovation and Employment",aria-roles,858,4
2025-09-29,"Ministry of Business, Innovation and Employment",aria-toggle-field-name,156,2
2025-09-29,"Ministry of Business, Innovation and Employment",aria-valid-attr,10,1
2025-09-29,"Ministry of Business, Innovation and Employment",aria-valid-attr-value,629,13
2025-09-29,"Ministry of Business, Innovation and Employment",button-name,435,12
2025-09-29,"Ministry of Business, Innovation and Employment",color-contrast,6643,40
2025-09-29,"Ministry of Business, Innovation and Employment",definition-list,16,1
2025-09-29,"Ministry of Business, Innovation and Employment",document-title,24,5
2025-09-29,"Ministry of Business, Innovation and Employment",frame-title,96,8
2025-09-29,"Ministry of Business, Innovation and Employment",html-has-lang,216,17
2025-09-29,"Ministry of Business, Innovation and Employment",image-alt,1011,32
2025-09-29,"Ministry of Business, Innovation and Employment",input-button-name,166,1
2025-09-29,"Ministry of Business, Innovation and Employment",label,1529,10
2025-09-29,"Ministry of Business, Innovation and Employment",link-in-text-block,994,17
2025-09-29,"Ministry of Business, Innovation and Employment",link-name,3020,51
2025-09-29,"Ministry of Business, Innovation and Employment",list,297,20
2025-09-29,"Ministry of Business, Innovation and Employment",listitem,1257,9
2025-09-29,"Ministry of Business, Innovation and Employment",meta-viewport,214,4
2025-09-29,"Ministry of Business, Innovation and Employment",nested-interactive,590,7
2025-09-29,"Ministry of Business, Innovation and Employment",object-alt,1,1
2025-09-29,"Ministry of Business, Innovation and Employment",role-img-alt,42,1
2025-09-29,"Ministry of Business, Innovation and Employment",scrollable-region-focusable,84,17
2025-09-29,"Ministry of Business, Innovation and Employment",select-name,160,8
2025-09-29,"Ministry of Cities, Environment, Regions and Transport",aria-allowed-attr,282,3
2025-09-29,"Ministry of Cities, Environment, Regions and Transport",aria-hidden-focus,45,3
2025-09-29,"Ministry of Cities, Environment, Regions and Transport",aria-input-field-name,251,3
2025-09-29,"Ministry of Cities, Environment, Regions and Transport",aria-progressbar-name,17,2
2025-09-29,"Ministry of Cities, Environment, Regions and Transport",aria-required-children,256,4
2025-09-29,"Ministry of Cities, Environment, Regions and Transport",aria-roles,2,1
2025-09-29,"Ministry of Cities, Environment, Regions and Transport",aria-valid-attr,1,1
2025-09-29,"Ministry of Cities, Environment, Regions and Transport",aria-valid-attr-value,10,1
2025-09-29,"Ministry of Cities, Environment, Regions and Transport",button-name,365,5
2025-09-29,"Ministry of Cities, Environment, Regions and Transport",color-contrast,3798,6
2025-09-29,"Ministry of Cities, Environment, Regions and Transport",document-title,14,2
2025-09-29,"Ministry of Cities, Environment, Regions and Transport",frame-title,76,3
2025-09-29,"Ministry of Cities, Environment, Regions and Transport",html-has-lang,14,2
2025-09-29,"Ministry of Cities, Environment, Regions and Transport",image-alt,184,2
2025-09-29,"Ministry of Cities, Environment, Regions and Transport",label,130,3
2025-09-29,"Ministry of Cities, Environment, Regions and Transport",link-in-text-block,116,6
2025-09-29,"Ministry of Cities, Environment, Regions and Transport",link-name,1735,9
2025-09-29,"Ministry of Cities, Environment, Regions and Transport",list,30,4
2025-09-29,"Ministry of Cities, Environment, Regions and Transport",listitem,396,4
2025-09-29,"Ministry of Cities, Environment, Regions and Transport",meta-viewport,339,4
2025-09-29,"Ministry of Cities, Environment, Regions and Transport",scrollable-region-focusable,70,6
2025-09-29,"Ministry of Cities, Environment, Regions and Transport",select-name,8,2
2025-09-29,Ministry of Defence,color-contrast,50,2
2025-09-29,Ministry of Defence,html-has-lang,14,1
2025-09-29,Ministry of Defence,image-alt,59,2
2025-09-29,Ministry of Defence,link-name,12,1
2025-09-29,Ministry of Education,aria-allowed-attr,898,5
2025-09-29,Ministry of Education,aria-command-name,144,1
2025-09-29,Ministry of Education,aria-hidden-focus,590,6
2025-09-29,Ministry of Education,aria-input-field-name,124,3
2025-09-29,Ministry of Education,aria-prohibited-attr,373,3
2025-09-29,Ministry of Education,aria-required-attr,4,1
2025-09-29,Ministry of Education,aria-required-children,352,3
2025-09-29,Ministry of Education,aria-required-parent,3,1
2025-09-29,Ministry of Education,aria-valid-attr,108,1
2025-09-29,Ministry of Education,button-name,324,5
2025-09-29,Ministry of Education,color-contrast,14341,24
2025-09-29,Ministry of Education,document-title,2,1
2025-09-29,Ministry of Education,frame-title,104,8
2025-09-29,Ministry of Education,html-has-lang,270,3
2025-09-29,Ministry of Education,image-alt,275,9
2025-09-29,Ministry of Education,label,340,4
2025-09-29,Ministry of Education,link-in-text-block,1075,7
2025-09-29,Ministry of Education,link-name,1472,16
2025-09-29,Ministry of Education,list,174,6
2025-09-29,Ministry of Education,listitem,1934,5
2025-09-29,Ministry of Education,meta-viewport,202,2
2025-09-29,Ministry of Education,nested-interactive,378,4
2025-09-29,Ministry of Education,role-img-alt,12,1
2025-09-29,Ministry of Education,scrollable-region-focusable,41,5
2025-09-29,Ministry of Education,select-name,4,1
2025-09-29,Ministry of Foreign Affairs and Trade,aria-allowed-attr,102,2
2025-09-29,Ministry of Foreign Affairs and Trade,aria-command-name,6,1
2025-09-29,Ministry of Foreign Affairs and Trade,aria-hidden-focus,191,2
2025-09-29,Ministry of Foreign Affairs and Trade,aria-required-children,1,1
2025-09-29,Ministry of Foreign Affairs and Trade,button-name,16,1
2025-09-29,Ministry of Foreign Affairs and Trade,color-contrast,451,7
2025-09-29,Ministry of Foreign Affairs and Trade,document-title,2,1
2025-09-29,Ministry of Foreign Affairs and Trade,frame-title,4,1
2025-09-29,Ministry of Foreign Affairs and Trade,html-has-lang,200,1
2025-09-29,Ministry of Foreign Affairs and Trade,image-alt,2,1
2025-09-29,Ministry of Foreign Affairs and Trade,label,20,2
2025-09-29,Ministry of Foreign Affairs and Trade,link-in-text-block,238,3
2025-09-29,Ministry of Foreign Affairs and Trade,link-name,32,5
2025-09-29,Ministry of Foreign Affairs and Trade,meta-viewport,18,2
2025-09-29,Ministry of Foreign Affairs and Trade,role-img-alt,1,1
2025-09-29,Ministry of Foreign Affairs and Trade,scrollable-region-focusable,4,2
2025-09-29,Ministry of Foreign Affairs and Trade,select-name,24,1
2025-09-29,Ministry of Health,aria-allowed-attr,56,1
2025-09-29,Ministry of Health,aria-prohibited-attr,4,1
2025-09-29,Ministry of Health,aria-required-parent,34,4
2025-09-29,Ministry of Health,color-contrast,121,2
2025-09-29,Ministry of Health,document-title,5,2
2025-09-29,Ministry of Health,html-has-lang,8,2
2025-09-29,Ministry of Health,label,6,1
2025-09-29,Ministry of Health,link-name,8,2
2025-09-29,Ministry of Health,list,2,1
2025-09-29,Ministry of Health,nested-interactive,50,4
2025-09-29,Ministry of Health,scrollable-region-focusable,4,1
2025-09-29,Ministry of Justice,aria-input-field-name,6,1
2025-09-29,Ministry of Justice,aria-required-parent,540,1
2025-09-29,Ministry of Justice,button-name,400,1
2025-09-29,Ministry of Justice,color-contrast,2404,11
2025-09-29,Ministry of Justice,frame-title,104,2
2025-09-29,Ministry of Justice,html-has-lang,804,8
2025-09-29,Ministry of Justice,image-alt,962,2
2025-09-29,Ministry of Justice,label,136,1
2025-09-29,Ministry of Justice,link-in-text-block,194,2
2025-09-29,Ministry of Justice,link-name,1138,8
2025-09-29,Ministry of Justice,list,2,1
2025-09-29,Ministry of Justice,nested-interactive,84,1
2025-09-29,Ministry of Justice,scrollable-region-focusable,22,4
2025-09-29,Ministry of Justice,select-name,20,2
2025-09-29,Ministry of Justice,svg-img-alt,2854,1
2025-09-29,Ministry of Justice,valid-lang,972,1
2025-09-29,Ministry of Social Development,aria-allowed-attr,12,1
2025-09-29,Ministry of Social Development,aria-hidden-focus,161,2
2025-09-29,Ministry of Social Development,aria-input-field-name,60,3
2025-09-29,Ministry of Social Development,aria-required-attr,6,1
2025-09-29,Ministry of Social Development,aria-required-children,44,2
2025-09-29,Ministry of Social Development,aria-required-parent,839,2
2025-09-29,Ministry of Social Development,aria-roles,212,1
2025-09-29,Ministry of Social Development,button-name,2,1
2025-09-29,Ministry of Social Development,color-contrast,4215,13
2025-09-29,Ministry of Social Development,document-title,44,1
2025-09-29,Ministry of Social Development,frame-title,44,4
2025-09-29,Ministry of Social Development,html-has-lang,232,5
2025-09-29,Ministry of Social Development,image-alt,532,3
2025-09-29,Ministry of Social Development,label,106,3
2025-09-29,Ministry of Social Development,link-in-text-block,16,3
2025-09-29,Ministry of Social Development,link-name,254,12
2025-09-29,Ministry of Social Development,list,212,7
2025-09-29,Ministry of Social Development,listitem,234,3
2025-09-29,Ministry of Social Development,meta-viewport,200,1
2025-09-29,Ministry of Social Development,nested-interactive,82,3
2025-09-29,Ministry of Social Development,role-img-alt,86,1
2025-09-29,Ministry of Social Development,scrollable-region-focusable,14,5
2025-09-29,Ministry of Social Development,select-name,103,2
2025-09-29,Ministry of Social Development,valid-lang,2,1
2025-09-29,National Emergency Management Agency,aria-hidden-focus,150,1
2025-09-29,National Emergency Management Agency,aria-input-field-name,12,1
2025-09-29,National Emergency Management Agency,aria-required-children,12,1
2025-09-29,National Emergency Management Agency,aria-valid-attr-value,38,1
2025-09-29,National Emergency Management Agency,autocomplete-valid,28,1
2025-09-29,National Emergency Management Agency,frame-title,12,1
2025-09-29,National Emergency Management Agency,link-name,8,2
2025-09-29,National Emergency Management Agency,select-name,2,1
2025-09-29,New Zealand Customs Service,aria-allowed-attr,4,1
2025-09-29,New Zealand Customs Service,aria-command-name,2,1
2025-09-29,New Zealand Customs Service,button-name,4,1
2025-09-29,New Zealand Customs Service,color-contrast,471,2
2025-09-29,New Zealand Customs Service,frame-title,4,1
2025-09-29,New Zealand Customs Service,html-has-lang,34,2
2025-09-29,New Zealand Customs Service,image-alt,58,2
2025-09-29,New Zealand Customs Service,label,6,2
2025-09-29,New Zealand Customs Service,link-name,212,3
2025-09-29,New Zealand Customs Service,list,2,1
2025-09-29,New Zealand Customs Service,nested-interactive,302,1
2025-09-29,New Zealand Customs Service,select-name,2,1
2025-09-29,New Zealand Defence Force,aria-hidden-focus,16,1
2025-09-29,New Zealand Defence Force,button-name,48,1
2025-09-29,New Zealand Defence Force,color-contrast,3137,7
2025-09-29,New Zealand Defence Force,definition-list,638,1
2025-09-29,New Zealand Defence Force,document-title,2,1
2025-09-29,New Zealand Defence Force,frame-title,6,2
2025-09-29,New Zealand Defence Force,image-alt,983,3
2025-09-29,New Zealand Defence Force,label,348,1
2025-09-29,New Zealand Defence Force,link-in-text-block,666,3
2025-09-29,New Zealand Defence Force,link-name,4166,8
2025-09-29,New Zealand Defence Force,listitem,706,1
2025-09-29,New Zealand Defence Force,meta-viewport,400,2
2025-09-29,New Zealand Defence Force,scrollable-region-focusable,72,4
2025-09-29,New Zealand Defence Force,select-name,57,4
2025-09-29,New Zealand Police,aria-required-attr,236,1
2025-09-29,New Zealand Police,button-name,124,2
2025-09-29,New Zealand Police,color-contrast,38,2
2025-09-29,New Zealand Police,frame-title,16,2
2025-09-29,New Zealand Police,image-alt,21,1
2025-09-29,New Zealand Police,link-in-text-block,846,2
2025-09-29,New Zealand Police,link-name,229,2
2025-09-29,New Zealand Police,nested-interactive,118,1
2025-09-29,New Zealand Police,select-name,10,1
2025-09-29,New Zealand Security Intelligence Service,aria-required-children,4,1
2025-09-29,New Zealand Security Intelligence Service,autocomplete-valid,2,1
2025-09-29,New Zealand Security Intelligence Service,color-contrast,443,2
2025-09-29,New Zealand Security Intelligence Service,link-name,2,1
2025-09-29,New Zealand Security Intelligence Service,listitem,28,1
2025-09-29,Oranga Tamariki,aria-allowed-attr,2,1
2025-09-29,Oranga Tamariki,aria-input-field-name,8,1
2025-09-29,Oranga Tamariki,aria-required-attr,8,1
2025-09-29,Oranga Tamariki,button-name,80,2
2025-09-29,Oranga Tamariki,color-contrast,20,2
2025-09-29,Oranga Tamariki,html-has-lang,200,1
2025-09-29,Oranga Tamariki,image-alt,116,1
2025-09-29,Oranga Tamariki,label,51,2
2025-09-29,Oranga Tamariki,link-name,78,3
2025-09-29,Oranga Tamariki,list,4,1
2025-09-29,Parliamentary Counsel Office,aria-required-parent,430,1
2025-09-29,Parliamentary Counsel Office,aria-valid-attr-value,33,1
2025-09-29,Parliamentary Counsel Office,color-contrast,106,1
2025-09-29,Parliamentary Counsel Office,frame-title,2,1
2025-09-29,Parliamentary Counsel Office,image-alt,106,1
2025-09-29,Parliamentary Counsel Office,label,4,1
2025-09-29,Parliamentary Counsel Office,link-in-text-block,386,1
2025-09-29,Parliamentary Counsel Office,link-name,38,3
2025-09-29,Parliamentary Counsel Office,list,8,2
2025-09-29,Parliamentary Counsel Office,scrollable-region-focusable,59,1
2025-09-29,Public Service Commission,aria-allowed-attr,50,2
2025-09-29,Public Service Commission,aria-hidden-focus,224,2
2025-09-29,Public Service Commission,aria-input-field-name,14,1
2025-09-29,Public Service Commission,aria-prohibited-attr,2,1
2025-09-29,Public Service Commission,aria-valid-attr,80,1
2025-09-29,Public Service Commission,button-name,348,2
2025-09-29,Public Service Commission,color-contrast,2700,5
2025-09-29,Public Service Commission,frame-title,8,2
2025-09-29,Public Service Commission,html-has-lang,2,1
2025-09-29,Public Service Commission,html-lang-valid,200,1
2025-09-29,Public Service Commission,link-in-text-block,348,4
2025-09-29,Public Service Commission,link-name,566,10
2025-09-29,Public Service Commission,list,25,2
2025-09-29,Public Service Commission,meta-viewport,202,1
2025-09-29,Public Service Commission,scrollable-region-focusable,1223,4
2025-09-29,Public Service Commission,select-name,275,2
2025-09-29,Serious Fraud Office,aria-input-field-name,2,1
2025-09-29,Serious Fraud Office,aria-required-children,2,1
2025-09-29,Serious Fraud Office,color-contrast,2,1
2025-09-29,Serious Fraud Office,link-name,14,1
2025-09-29,Serious Fraud Office,listitem,4,1
2025-09-29,Social Investment Agency,aria-required-children,600,1
2025-09-29,Social Investment Agency,button-name,100,1
2025-09-29,Social Investment Agency,color-contrast,545,1
2025-09-29,Social Investment Agency,image-alt,85,1
2025-09-29,Social Investment Agency,link-in-text-block,13,1
2025-09-29,Social Investment Agency,link-name,200,1
2025-09-29,Statistics New Zealand,aria-hidden-focus,198,1
2025-09-29,Statistics New Zealand,aria-input-field-name,1,1
2025-09-29,Statistics New Zealand,aria-required-attr,120,1
2025-09-29,Statistics New Zealand,aria-required-parent,362,1
2025-09-29,Statistics New Zealand,aria-roles,28,1
2025-09-29,Statistics New Zealand,aria-valid-attr-value,241,1
2025-09-29,Statistics New Zealand,button-name,33,2
2025-09-29,Statistics New Zealand,frame-title,18,1
2025-09-29,Statistics New Zealand,html-has-lang,26,1
2025-09-29,Statistics New Zealand,image-alt,52,2
2025-09-29,Statistics New Zealand,input-image-alt,26,1
2025-09-29,Statistics New Zealand,label,36,1
2025-09-29,Statistics New Zealand,link-name,287,3
2025-09-29,Statistics New Zealand,list,33,1
2025-09-29,Statistics New Zealand,meta-viewport,198,1
2025-09-29,Statistics New Zealand,nested-interactive,1498,1
2025-09-29,Statistics New Zealand,role-img-alt,42,1
2025-09-29,Statistics New Zealand,scrollable-region-focusable,40,2
2025-09-29,Statistics New Zealand,select-name,12,2
2025-09-29,Statistics New Zealand,svg-img-alt,260,1
2025-09-29,Te Puni Kōkiri,aria-allowed-attr,2,1
2025-09-29,Te Puni Kōkiri,color-contrast,143,2
2025-09-29,Te Puni Kōkiri,definition-list,150,1
2025-09-29,Te Puni Kōkiri,link-name,87,1
2025-09-29,Te Puni Kōkiri,list,10,1
2025-09-29,Te Puni Kōkiri,listitem,64,1
2025-09-29,Te Tari Whakatau,aria-hidden-focus,1,1
2025-09-29,Te Tari Whakatau,button-name,1,1
2025-09-29,Te Tari Whakatau,color-contrast,4997,1
2025-09-29,Te Tari Whakatau,document-title,3,1
2025-09-29,Te Tari Whakatau,image-alt,10,1
2025-09-29,Te Tari Whakatau,meta-viewport,2,1
2025-09-29,Te Tari Whakatau,scrollable-region-focusable,200,1
2025-09-29,The Treasury,aria-allowed-attr,202,2
2025-09-29,The Treasury,aria-hidden-focus,200,2
2025-09-29,The Treasury,aria-required-children,10,1
2025-09-29,The Treasury,aria-required-parent,50,1
2025-09-29,The Treasury,button-name,17,1
2025-09-29,The Treasury,color-contrast,2270,5
2025-09-29,The Treasury,frame-title,4,1
2025-09-29,The Treasury,html-has-lang,60,2
2025-09-29,The Treasury,image-alt,48,3
2025-09-29,The Treasury,link-in-text-block,233,4
2025-09-29,The Treasury,link-name,550,5
2025-09-29,The Treasury,list,38,4
2025-09-29,The Treasury,listitem,50,1
2025-09-29,The Treasury,scrollable-region-focusable,334,4
2025-09-29,The Treasury,td-headers-attr,2,1
2025-09-29,Whaikaha,link-name,6,2
2025-09-29,Whaikaha,scrollable-region-focusable,1,1
2025-12-17,Cancer Control Agency,color-contrast,5077,2
2025-12-17,Cancer Control Agency,document-title,4,1
2025-12-17,Cancer Control Agency,frame-title,4,1
2025-12-17,Cancer Control Agency,image-alt,771,2
2025-12-17,Cancer Control Agency,label,2,1
2025-12-17,Cancer Control Agency,link-in-text-block,8,1
2025-12-17,Cancer Control Agency,link-name,212,1
2025-12-17,Charter School Agency,link-name,4,1
2025-12-17,Crown Law Office,color-contrast,5684,1
2025-12-17,Crown Law Office,link-in-text-block,402,1
2025-12-17,Crown Law Office,link-name,22,1
2025-12-17,Crown Law Office,meta-viewport,164,1
2025-12-17,Crown Law Office,scrollable-region-focusable,1,1
2025-12-17,Department of Conservation,aria-allowed-attr,14,2
2025-12-17,Department of Conservation,aria-hidden-focus,2,1
2025-12-17,Department of Conservation,aria-progressbar-name,264,2
2025-12-17,Department of Conservation,aria-prohibited-attr,8,1
2025-12-17,Department of Conservation,aria-required-attr,4,1
2025-12-17,Department of Conservation,aria-required-children,194,1
2025-12-17,Department of Conservation,aria-required-parent,280,1
2025-12-17,Department of Conservation,autocomplete-valid,10,2
2025-12-17,Department of Conservation,button-name,100,1
2025-12-17,Department of Conservation,color-contrast,3009,8
2025-12-17,Department of Conservation,frame-title,18,1
2025-12-17,Department of Conservation,image-alt,72,4
2025-12-17,Department of Conservation,label,2,1
2025-12-17,Department of Conservation,link-in-text-block,6,2
2025-12-17,Department of Conservation,link-name,1066,6
2025-12-17,Department of Conservation,list,200,1
2025-12-17,Department of Conservation,listitem,1240,1
2025-12-17,Department of Conservation,meta-viewport,14,3
2025-12-17,Department of Conservation,nested-interactive,28,1
2025-12-17,Department of Conservation,role-img-alt,4,1
2025-12-17,Department of Conservation,scrollable-region-focusable,43,3
2025-12-17,Department of Corrections,aria-allowed-attr,8,1
2025-12-17,Department of Corrections,aria-hidden-focus,516,2
2025-12-17,Department of Corrections,aria-input-field-name,5,2
2025-12-17,Department of Corrections,aria-required-children,3,1
2025-12-17,Department of Corrections,aria-roles,8,1
2025-12-17,Department of Corrections,color-contrast,360,4
2025-12-17,Department of Corrections,frame-title,52,2
2025-12-17,Department of Corrections,image-alt,12,1
2025-12-17,Department of Corrections,link-in-text-block,69,2
2025-12-17,Department of Corrections,link-name,41,2
2025-12-17,Department of Corrections,list,12,3
2025-12-17,Department of Corrections,nested-interactive,2,1
2025-12-17,Department of Corrections,scrollable-region-focusable,61,2
2025-12-17,Department of Corrections,select-name,2,1
2025-12-17,Department of Internal Affairs,aria-allowed-attr,655,5
2025-12-17,Department of Internal Affairs,aria-command-name,289,1
2025-12-17,Department of Internal Affairs,aria-hidden-focus,1032,9
2025-12-17,Department of Internal Affairs,aria-input-field-name,10,1
2025-12-17,Department of Internal Affairs,aria-progressbar-name,2,1
2025-12-17,Department of Internal Affairs,aria-prohibited-attr,300,2
2025-12-17,Department of Internal Affairs,aria-required-attr,26,2
2025-12-17,Department of Internal Affairs,aria-required-children,470,10
2025-12-17,Department of Internal Affairs,aria-required-parent,291,4
2025-12-17,Department of Internal Affairs,aria-roles,2,1
2025-12-17,Department of Internal Affairs,aria-tooltip-name,200,1
2025-12-17,Department of Internal Affairs,aria-valid-attr-value,32,3
2025-12-17,Department of Internal Affairs,autocomplete-valid,4,1
2025-12-17,Department of Internal Affairs,button-name,476,5
2025-12-17,Department of Internal Affairs,color-contrast,6938,28
2025-12-17,Department of Internal Affairs,definition-list,10,1
2025-12-17,Department of Internal Affairs,frame-title,34,5
2025-12-17,Department of Internal Affairs,html-has-lang,378,7
2025-12-17,Department of Internal Affairs,image-alt,1314,9
2025-12-17,Department of Internal Affairs,label,655,11
2025-12-17,Department of Internal Affairs,link-in-text-block,1404,9
2025-12-17,Department of Internal Affairs,link-name,1085,19
2025-12-17,Department of Internal Affairs,list,419,16
2025-12-17,Department of Internal Affairs,listitem,2236,10
2025-12-17,Department of Internal Affairs,meta-viewport,413,6
2025-12-17,Department of Internal Affairs,nested-interactive,204,4
2025-12-17,Department of Internal Affairs,scrollable-region-focusable,74,6
2025-12-17,Department of Internal Affairs,select-name,296,11
2025-12-17,Department of Internal Affairs,valid-lang,200,1
2025-12-17,Department of the Prime Minister and Cabinet,aria-hidden-focus,200,2
2025-12-17,Department of the Prime Minister and Cabinet,color-contrast,978,2
2025-12-17,Department of the Prime Minister and Cabinet,image-alt,132,2
2025-12-17,Department of the Prime Minister and Cabinet,label,2,1
2025-12-17,Department of the Prime Minister and Cabinet,link-in-text-block,8,1
2025-12-17,Department of the Prime Minister and Cabinet,link-name,76,1
2025-12-17,Department of the Prime Minister and Cabinet,list,16,2
2025-12-17,Department of the Prime Minister and Cabinet,scrollable-region-focusable,12,2
2025-12-17,Education Review Office,aria-allowed-attr,288,1
2025-12-17,Education Review Office,button-name,1468,1
2025-12-17,Education Review Office,color-contrast,234,1
2025-12-17,Education Review Office,document-title,4,1
2025-12-17,Education Review Office,frame-title,10,1
2025-12-17,Education Review Office,html-has-lang,4,1
2025-12-17,Education Review Office,link-name,94,1
2025-12-17,Education Review Office,list,16,1
2025-12-17,Education Review Office,valid-lang,6,1
2025-12-17,Financial Markets Authority,aria-input-field-name,8,1
2025-12-17,Financial Markets Authority,aria-prohibited-attr,10,1
2025-12-17,Financial Markets Authority,aria-required-children,208,1
2025-12-17,Financial Markets Authority,button-name,20,1
2025-12-17,Financial Markets Authority,color-contrast,279,4
2025-12-17,Financial Markets Authority,frame-title,10,1
2025-12-17,Financial Markets Authority,label,29,2
2025-12-17,Financial Markets Authority,link-name,1049,4
2025-12-17,Financial Markets Authority,list,20,1
2025-12-17,Financial Markets Authority,listitem,150,1
2025-12-17,Financial Markets Authority,select-name,10,1
2025-12-17,Government Communications Security Bureau,aria-allowed-attr,4,1
2025-12-17,Government Communications Security Bureau,aria-hidden-focus,328,2
2025-12-17,Government Communications Security Bureau,aria-input-field-name,2,1
2025-12-17,Government Communications Security Bureau,aria-required-parent,230,1
2025-12-17,Government Communications Security Bureau,button-name,8,2
2025-12-17,Government Communications Security Bureau,color-contrast,8,3
2025-12-17,Government Communications Security Bureau,link-name,10,1
2025-12-17,Health New Zealand,aria-allowed-attr,40,2
2025-12-17,Health New Zealand,aria-hidden-focus,14,2
2025-12-17,Health New Zealand,aria-input-field-name,4,2
2025-12-17,Health New Zealand,aria-prohibited-attr,4,1
2025-12-17,Health New Zealand,aria-required-attr,4,1
2025-12-17,Health New Zealand,aria-required-children,2,1
2025-12-17,Health New Zealand,aria-required-parent,4,1
2025-12-17,Health New Zealand,aria-valid-attr,12,1
2025-12-17,Health New Zealand,button-name,59,4
2025-12-17,Health New Zealand,color-contrast,259,7
2025-12-17,Health New Zealand,document-title,2,1
2025-12-17,Health New Zealand,frame-title,34,1
2025-12-17,Health New Zealand,image-alt,296,4
2025-12-17,Health New Zealand,input-button-name,198,2
2025-12-17,Health New Zealand,label,2,1
2025-12-17,Health New Zealand,link-in-text-block,491,1
2025-12-17,Health New Zealand,link-name,665,4
2025-12-17,Health New Zealand,list,10,2
2025-12-17,Health New Zealand,listitem,4,1
2025-12-17,Health New Zealand,nested-interactive,428,1
2025-12-17,Health New Zealand,scrollable-region-focusable,3,1
2025-12-17,Inland Revenue Department,aria-hidden-focus,2,1
2025-12-17,Inland Revenue Department,color-contrast,35,3
2025-12-17,Inland Revenue Department,image-alt,2,1
2025-12-17,Inland Revenue Department,link-in-text-block,6,2
2025-12-17,Inland Revenue Department,link-name,8,1
2025-12-17,Inland Revenue Department,list,101,1
2025-12-17,Inland Revenue Department,scrollable-region-focusable,14,2
2025-12-17,Land Information New Zealand,aria-allowed-attr,70,2
2025-12-17,Land Information New Zealand,aria-hidden-focus,28,1
2025-12-17,Land Information New Zealand,aria-prohibited-attr,2,1
2025-12-17,Land Information New Zealand,aria-required-children,16,1
2025-12-17,Land Information New Zealand,button-name,225,2
2025-12-17,Land Information New Zealand,color-contrast,804,4
2025-12-17,Land Information New Zealand,dlitem,134,1
2025-12-17,Land Information New Zealand,image-alt,3,1
2025-12-17,Land Information New Zealand,label,22,2
2025-12-17,Land Information New Zealand,link-in-text-block,141,3
2025-12-17,Land Information New Zealand,link-name,874,1
2025-12-17,Land Information New Zealand,listitem,52,1
2025-12-17,Land Information New Zealand,meta-viewport,98,3
2025-12-17,Land Information New Zealand,nested-interactive,2,1
2025-12-17,Land Information New Zealand,scrollable-region-focusable,16,1
2025-12-17,Land Information New Zealand,select-name,2,1
2025-12-17,Ministry for Culture and Heritage,aria-command-name,2,1
2025-12-17,Ministry for Culture and Heritage,aria-hidden-focus,13,1
2025-12-17,Ministry for Culture and Heritage,aria-required-children,2,1
2025-12-17,Ministry for Culture and Heritage,aria-required-parent,2,1
2025-12-17,Ministry for Culture and Heritage,color-contrast,155,2
2025-12-17,Ministry for Culture and Heritage,frame-title,8,2
2025-12-17,Ministry for Culture and Heritage,image-alt,66,2
2025-12-17,Ministry for Culture and Heritage,link-name,23,2
2025-12-17,Ministry for Culture and Heritage,listitem,6,2
2025-12-17,Ministry for Culture and Heritage,scrollable-region-focusable,39,1
2025-12-17,Ministry for Ethnic Communities,aria-required-parent,800,1
2025-12-17,Ministry for Ethnic Communities,color-contrast,396,1
2025-12-17,Ministry for Ethnic Communities,frame-title,2,1
2025-12-17,Ministry for Ethnic Communities,link-name,800,1
2025-12-17,Ministry for Ethnic Communities,list,100,1
2025-12-17,Ministry for Pacific Peoples,aria-hidden-focus,4,1
2025-12-17,Ministry for Pacific Peoples,aria-required-children,100,1
2025-12-17,Ministry for Pacific Peoples,aria-required-parent,400,1
2025-12-17,Ministry for Pacific Peoples,color-contrast,549,2
2025-12-17,Ministry for Pacific Peoples,frame-title,8,1
2025-12-17,Ministry for Pacific Peoples,label,2,1
2025-12-17,Ministry for Pacific Peoples,link-name,7,2
2025-12-17,Ministry for Pacific Peoples,listitem,400,1
2025-12-17,Ministry for Primary Industries,aria-allowed-attr,6,1
2025-12-17,Ministry for Primary Industries,aria-hidden-focus,94,4
2025-12-17,Ministry for Primary Industries,aria-input-field-name,2,1
2025-12-17,Ministry for Primary Industries,aria-required-attr,99,1
2025-12-17,Ministry for Primary Industries,aria-required-children,193,1
2025-12-17,Ministry for Primary Industries,color-contrast,126,3
2025-12-17,Ministry for Primary Industries,definition-list,2,1
2025-12-17,Ministry for Primary Industries,frame-title,36,4
2025-12-17,Ministry for Primary Industries,image-alt,448,2
2025-12-17,Ministry for Primary Industries,link-in-text-block,87,4
2025-12-17,Ministry for Primary Industries,link-name,991,10
2025-12-17,Ministry for Primary Industries,listitem,547,1
2025-12-17,Ministry for Primary Industries,meta-refresh,30,1
2025-12-17,Ministry for Primary Industries,scrollable-region-focusable,13,3
2025-12-17,Ministry for Regulation,aria-allowed-attr,28,1
2025-12-17,Ministry for Regulation,aria-input-field-name,28,1
2025-12-17,Ministry for Regulation,button-name,37,2
2025-12-17,Ministry for Regulation,color-contrast,50,2
2025-12-17,Ministry for Regulation,image-alt,4,1
2025-12-17,Ministry for Regulation,link-name,2,1
2025-12-17,Ministry for Regulation,list,15,1
2025-12-17,Ministry for Regulation,scrollable-region-focusable,2,2
2025-12-17,Ministry for Regulation,select-name,4,1
2025-12-17,Ministry for Women,aria-hidden-focus,100,1
2025-12-17,Ministry for Women,aria-required-children,200,1
2025-12-17,Ministry for Women,button-name,2,1
2025-12-17,Ministry for Women,color-contrast,208,1
2025-12-17,Ministry for Women,frame-title,2,1
2025-12-17,Ministry for Women,link-in-text-block,4,1
2025-12-17,Ministry for Women,list,10,1
2025-12-17,Ministry for Women,listitem,1400,1
2025-12-17,Ministry for Women,nested-interactive,32,1
2025-12-17,Ministry for Women,role-img-alt,188,1
2025-12-17,"Ministry of Business, Innovation and Employment",aria-allowed-attr,580,11
2025-12-17,"Ministry of Business, Innovation and Employment",aria-command-name,1,1
2025-12-17,"Ministry of Business, Innovation and Employment",aria-hidden-focus,384,11
2025-12-17,"Ministry of Business, Innovation and Employment",aria-input-field-name,106,10
2025-12-17,"Ministry of Business, Innovation and Employment",aria-progressbar-name,8,5
2025-12-17,"Ministry of Business, Innovation and Employment",aria-prohibited-attr,14,2
2025-12-17,"Ministry of Business, Innovation and Employment",aria-required-attr,61,4
2025-12-17,"Ministry of Business, Innovation and Employment",aria-required-children,1042,7
2025-12-17,"Ministry of Business, Innovation and Employment",aria-required-parent,132,2
2025-12-17,"Ministry of Business, Innovation and Employment",aria-roles,854,4
2025-12-17,"Ministry of Business, Innovation and Employment",aria-toggle-field-name,183,2
2025-12-17,"Ministry of Business, Innovation and Employment",aria-valid-attr,10,1
2025-12-17,"Ministry of Business, Innovation and Employment",aria-valid-attr-value,599,13
2025-12-17,"Ministry of Business, Innovation and Employment",button-name,296,11
2025-12-17,"Ministry of Business, Innovation and Employment",color-contrast,5741,39
2025-12-17,"Ministry of Business, Innovation and Employment",document-title,21,5
2025-12-17,"Ministry of Business, Innovation and Employment",frame-title,70,8
2025-12-17,"Ministry of Business, Innovation and Employment",html-has-lang,225,17
2025-12-17,"Ministry of Business, Innovation and Employment",image-alt,1128,31
2025-12-17,"Ministry of Business, Innovation and Employment",input-button-name,176,1
2025-12-17,"Ministry of Business, Innovation and Employment",label,1344,9
2025-12-17,"Ministry of Business, Innovation and Employment",link-in-text-block,857,16
2025-12-17,"Ministry of Business, Innovation and Employment",link-name,2828,45
2025-12-17,"Ministry of Business, Innovation and Employment",list,328,20
2025-12-17,"Ministry of Business, Innovation and Employment",listitem,236,8
2025-12-17,"Ministry of Business, Innovation and Employment",meta-viewport,209,3
2025-12-17,"Ministry of Business, Innovation and Employment",nested-interactive,443,6
2025-12-17,"Ministry of Business, Innovation and Employment",object-alt,1,1
2025-12-17,"Ministry of Business, Innovation and Employment",role-img-alt,42,1
2025-12-17,"Ministry of Business, Innovation and Employment",scrollable-region-focusable,92,17
2025-12-17,"Ministry of Business, Innovation and Employment",select-name,142,7
2025-12-17,"Ministry of Cities, Environment, Regions and Transport",aria-allowed-attr,241,2
2025-12-17,"Ministry of Cities, Environment, Regions and Transport",aria-hidden-focus,20,2
2025-12-17,"Ministry of Cities, Environment, Regions and Transport",aria-input-field-name,241,2
2025-12-17,"Ministry of Cities, Environment, Regions and Transport",aria-progressbar-name,15,1
2025-12-17,"Ministry of Cities, Environment, Regions and Transport",aria-required-children,252,3
2025-12-17,"Ministry of Cities, Environment, Regions and Transport",button-name,349,5
2025-12-17,"Ministry of Cities, Environment, Regions and Transport",color-contrast,2687,6
2025-12-17,"Ministry of Cities, Environment, Regions and Transport",document-title,10,2
2025-12-17,"Ministry of Cities, Environment, Regions and Transport",frame-title,58,2
2025-12-17,"Ministry of Cities, Environment, Regions and Transport",html-has-lang,10,3
2025-12-17,"Ministry of Cities, Environment, Regions and Transport",image-alt,6,2
2025-12-17,"Ministry of Cities, Environment, Regions and Transport",label,158,3
2025-12-17,"Ministry of Cities, Environment, Regions and Transport",link-in-text-block,251,6
2025-12-17,"Ministry of Cities, Environment, Regions and Transport",link-name,1568,10
2025-12-17,"Ministry of Cities, Environment, Regions and Transport",list,82,4
2025-12-17,"Ministry of Cities, Environment, Regions and Transport",listitem,378,3
2025-12-17,"Ministry of Cities, Environment, Regions and Transport",meta-viewport,327,4
2025-12-17,"Ministry of Cities, Environment, Regions and Transport",scrollable-region-focusable,56,6
2025-12-17,"Ministry of Cities, Environment, Regions and Transport",select-name,8,2
2025-12-17,Ministry of Defence,color-contrast,22,2
2025-12-17,Ministry of Defence,html-has-lang,8,1
2025-12-17,Ministry of Defence,image-alt,8,1
2025-12-17,Ministry of Defence,link-name,6,1
2025-12-17,Ministry of Education,aria-allowed-attr,846,6
2025-12-17,Ministry of Education,aria-command-name,151,1
2025-12-17,Ministry of Education,aria-hidden-focus,583,6
2025-12-17,Ministry of Education,aria-input-field-name,140,3
2025-12-17,Ministry of Education,aria-prohibited-attr,281,3
2025-12-17,Ministry of Education,aria-required-attr,4,1
2025-12-17,Ministry of Education,aria-required-children,370,4
2025-12-17,Ministry of Education,aria-required-parent,44,2
2025-12-17,Ministry of Education,aria-valid-attr,1753,2
2025-12-17,Ministry of Education,aria-valid-attr-value,128,2
2025-12-17,Ministry of Education,button-name,271,6
2025-12-17,Ministry of Education,color-contrast,15826,27
2025-12-17,Ministry of Education,document-title,304,3
2025-12-17,Ministry of Education,frame-title,94,6
2025-12-17,Ministry of Education,html-has-lang,270,3
2025-12-17,Ministry of Education,image-alt,664,12
2025-12-17,Ministry of Education,label,283,4
2025-12-17,Ministry of Education,link-in-text-block,1064,9
2025-12-17,Ministry of Education,link-name,1279,15
2025-12-17,Ministry of Education,list,202,7
2025-12-17,Ministry of Education,listitem,2010,6
2025-12-17,Ministry of Education,meta-viewport,204,3
2025-12-17,Ministry of Education,nested-interactive,664,7
2025-12-17,Ministry of Education,role-img-alt,237,3
2025-12-17,Ministry of Education,scrollable-region-focusable,284,7
2025-12-17,Ministry of Education,select-name,8,1
2025-12-17,Ministry of Education,summary-name,8,1
2025-12-17,Ministry of Education,valid-lang,10,1
2025-12-17,Ministry of Foreign Affairs and Trade,aria-allowed-attr,102,2
2025-12-17,Ministry of Foreign Affairs and Trade,aria-command-name,6,1
2025-12-17,Ministry of Foreign Affairs and Trade,aria-hidden-focus,183,2
2025-12-17,Ministry of Foreign Affairs and Trade,button-name,110,2
2025-12-17,Ministry of Foreign Affairs and Trade,color-contrast,480,7
2025-12-17,Ministry of Foreign Affairs and Trade,document-title,2,1
2025-12-17,Ministry of Foreign Affairs and Trade,frame-title,2,1
2025-12-17,Ministry of Foreign Affairs and Trade,html-has-lang,200,1
2025-12-17,Ministry of Foreign Affairs and Trade,image-alt,2,1
2025-12-17,Ministry of Foreign Affairs and Trade,label,20,2
2025-12-17,Ministry of Foreign Affairs and Trade,link-in-text-block,177,3
2025-12-17,Ministry of Foreign Affairs and Trade,link-name,28,5
2025-12-17,Ministry of Foreign Affairs and Trade,meta-viewport,18,2
2025-12-17,Ministry of Foreign Affairs and Trade,role-img-alt,1,1
2025-12-17,Ministry of Foreign Affairs and Trade,scrollable-region-focusable,3,2
2025-12-17,Ministry of Foreign Affairs and Trade,select-name,24,1
2025-12-17,Ministry of Health,color-contrast,123,3
2025-12-17,Ministry of Health,scrollable-region-focusable,2,1
2025-12-17,Ministry of Justice,aria-allowed-attr,12,1
2025-12-17,Ministry of Justice,aria-required-parent,860,2
2025-12-17,Ministry of Justice,button-name,400,1
2025-12-17,Ministry of Justice,color-contrast,2499,8
2025-12-17,Ministry of Justice,frame-title,80,1
2025-12-17,Ministry of Justice,image-alt,902,1
2025-12-17,Ministry of Justice,label,90,2
2025-12-17,Ministry of Justice,link-in-text-block,132,2
2025-12-17,Ministry of Justice,link-name,879,8
2025-12-17,Ministry of Justice,list,4,2
2025-12-17,Ministry of Justice,nested-interactive,134,2
2025-12-17,Ministry of Justice,scrollable-region-focusable,19,6
2025-12-17,Ministry of Justice,select-name,38,3
2025-12-17,Ministry of Social Development,aria-allowed-attr,9,1
2025-12-17,Ministry of Social Development,aria-hidden-focus,124,2
2025-12-17,Ministry of Social Development,aria-input-field-name,57,3
2025-12-17,Ministry of Social Development,aria-required-attr,6,1
2025-12-17,Ministry of Social Development,aria-required-children,44,2
2025-12-17,Ministry of Social Development,aria-required-parent,808,2
2025-12-17,Ministry of Social Development,aria-roles,209,1
2025-12-17,Ministry of Social Development,button-name,58,2
2025-12-17,Ministry of Social Development,color-contrast,2991,17
2025-12-17,Ministry of Social Development,document-title,58,1
2025-12-17,Ministry of Social Development,frame-title,48,4
2025-12-17,Ministry of Social Development,html-has-lang,230,4
2025-12-17,Ministry of Social Development,image-alt,513,6
2025-12-17,Ministry of Social Development,label,92,4
2025-12-17,Ministry of Social Development,link-name,244,10
2025-12-17,Ministry of Social Development,list,222,7
2025-12-17,Ministry of Social Development,listitem,212,2
2025-12-17,Ministry of Social Development,meta-viewport,200,1
2025-12-17,Ministry of Social Development,nested-interactive,76,3
2025-12-17,Ministry of Social Development,role-img-alt,86,1
2025-12-17,Ministry of Social Development,scrollable-region-focusable,36,6
2025-12-17,Ministry of Social Development,select-name,105,2
2025-12-17,Ministry of Social Development,valid-lang,2,1
2025-12-17,National Emergency Management Agency,link-name,12,2
2025-12-17,National Emergency Management Agency,scrollable-region-focusable,1,1
2025-12-17,Natural Hazards Commission,color-contrast,1,1
2025-12-17,Natural Hazards Commission,link-name,11,1
2025-12-17,New Zealand Customs Service,aria-allowed-attr,4,1
2025-12-17,New Zealand Customs Service,aria-command-name,2,1
2025-12-17,New Zealand Customs Service,button-name,4,1
2025-12-17,New Zealand Customs Service,color-contrast,186,2
2025-12-17,New Zealand Customs Service,frame-title,4,1
2025-12-17,New Zealand Customs Service,html-has-lang,8,2
2025-12-17,New Zealand Customs Service,image-alt,12,2
2025-12-17,New Zealand Customs Service,label,2,1
2025-12-17,New Zealand Customs Service,link-name,202,2
2025-12-17,New Zealand Customs Service,list,4,1
2025-12-17,New Zealand Customs Service,nested-interactive,298,1
2025-12-17,New Zealand Defence Force,aria-hidden-focus,16,1
2025-12-17,New Zealand Defence Force,button-name,52,1
2025-12-17,New Zealand Defence Force,color-contrast,2343,7
2025-12-17,New Zealand Defence Force,definition-list,644,1
2025-12-17,New Zealand Defence Force,document-title,2,1
2025-12-17,New Zealand Defence Force,frame-title,48,4
2025-12-17,New Zealand Defence Force,html-has-lang,4,1
2025-12-17,New Zealand Defence Force,image-alt,984,3
2025-12-17,New Zealand Defence Force,link-in-text-block,641,3
2025-12-17,New Zealand Defence Force,link-name,4190,7
2025-12-17,New Zealand Defence Force,listitem,543,1
2025-12-17,New Zealand Defence Force,meta-viewport,398,2
2025-12-17,New Zealand Defence Force,scrollable-region-focusable,84,4
2025-12-17,New Zealand Defence Force,select-name,67,4
2025-12-17,New Zealand Police,aria-required-attr,256,1
2025-12-17,New Zealand Police,button-name,128,1
2025-12-17,New Zealand Police,color-contrast,151,2
2025-12-17,New Zealand Police,frame-title,10,1
2025-12-17,New Zealand Police,label,8,1
2025-12-17,New Zealand Police,link-in-text-block,2,1
2025-12-17,New Zealand Police,link-name,3,2
2025-12-17,New Zealand Police,select-name,20,1
2025-12-17,New Zealand Security Intelligence Service,autocomplete-valid,2,1
2025-12-17,Oranga Tamariki,aria-input-field-name,6,1
2025-12-17,Oranga Tamariki,aria-required-attr,6,1
2025-12-17,Oranga Tamariki,button-name,64,1
2025-12-17,Oranga Tamariki,color-contrast,19,2
2025-12-17,Oranga Tamariki,html-has-lang,200,1
2025-12-17,Oranga Tamariki,image-alt,118,1
2025-12-17,Oranga Tamariki,label,53,2
2025-12-17,Oranga Tamariki,link-name,22,2
2025-12-17,Oranga Tamariki,list,6,1
2025-12-17,Parliamentary Counsel Office,aria-required-parent,578,1
2025-12-17,Parliamentary Counsel Office,aria-valid-attr-value,36,1
2025-12-17,Parliamentary Counsel Office,color-contrast,42,1
2025-12-17,Parliamentary Counsel Office,frame-title,2,1
2025-12-17,Parliamentary Counsel Office,html-has-lang,1,1
2025-12-17,Parliamentary Counsel Office,image-alt,66,2
2025-12-17,Parliamentary Counsel Office,label,4,1
2025-12-17,Parliamentary Counsel Office,link-in-text-block,616,1
2025-12-17,Parliamentary Counsel Office,link-name,18,2
2025-12-17,Parliamentary Counsel Office,list,2,1
2025-12-17,Parliamentary Counsel Office,scrollable-region-focusable,121,1
2025-12-17,Public Service Commission,aria-allowed-attr,56,2
2025-12-17,Public Service Commission,aria-hidden-focus,201,1
2025-12-17,Public Service Commission,aria-input-field-name,28,1
2025-12-17,Public Service Commission,aria-prohibited-attr,6,1
2025-12-17,Public Service Commission,aria-valid-attr,83,1
2025-12-17,Public Service Commission,button-name,122,1
2025-12-17,Public Service Commission,color-contrast,1782,5
2025-12-17,Public Service Commission,frame-title,6,1
2025-12-17,Public Service Commission,html-lang-valid,200,1
2025-12-17,Public Service Commission,image-alt,10,1
2025-12-17,Public Service Commission,link-in-text-block,565,4
2025-12-17,Public Service Commission,link-name,820,9
2025-12-17,Public Service Commission,list,170,4
2025-12-17,Public Service Commission,listitem,102,1
2025-12-17,Public Service Commission,meta-viewport,201,1
2025-12-17,Public Service Commission,scrollable-region-focusable,1186,4
2025-12-17,Public Service Commission,select-name,262,2
2025-12-17,Public Service Commission,valid-lang,10,1
2025-12-17,Serious Fraud Office,link-name,64,1
2025-12-17,Serious Fraud Office,scrollable-region-focusable,1,1
2025-12-17,Social Investment Agency,aria-required-children,600,1
2025-12-17,Social Investment Agency,button-name,100,1
2025-12-17,Social Investment Agency,color-contrast,546,1
2025-12-17,Social Investment Agency,image-alt,72,1
2025-12-17,Social Investment Agency,link-in-text-block,9,1
2025-12-17,Social Investment Agency,link-name,202,1
2025-12-17,Statistics New Zealand,aria-hidden-focus,200,1
2025-12-17,Statistics New Zealand,aria-input-field-name,1,1
2025-12-17,Statistics New Zealand,aria-required-attr,224,1
2025-12-17,Statistics New Zealand,aria-required-parent,272,1
2025-12-17,Statistics New Zealand,aria-roles,36,1
2025-12-17,Statistics New Zealand,aria-valid-attr-value,5373,1
2025-12-17,Statistics New Zealand,button-name,121,2
2025-12-17,Statistics New Zealand,frame-title,22,1
2025-12-17,Statistics New Zealand,html-has-lang,26,1
2025-12-17,Statistics New Zealand,image-alt,52,2
2025-12-17,Statistics New Zealand,input-image-alt,26,1
2025-12-17,Statistics New Zealand,label,36,1
2025-12-17,Statistics New Zealand,link-name,320,3
2025-12-17,Statistics New Zealand,list,20,1
2025-12-17,Statistics New Zealand,meta-viewport,200,1
2025-12-17,Statistics New Zealand,nested-interactive,1088,1
2025-12-17,Statistics New Zealand,role-img-alt,88,1
2025-12-17,Statistics New Zealand,scrollable-region-focusable,526,2
2025-12-17,Statistics New Zealand,select-name,12,2
2025-12-17,Statistics New Zealand,svg-img-alt,172,1
2025-12-17,Te Puni Kōkiri,aria-allowed-attr,2,1
2025-12-17,Te Puni Kōkiri,color-contrast,1,1
2025-12-17,Te Puni Kōkiri,link-name,91,1
2025-12-17,Te Puni Kōkiri,list,12,1
2025-12-17,Te Puni Kōkiri,listitem,88,1
2025-12-17,Te Tari Whakatau,button-name,1,1
2025-12-17,Te Tari Whakatau,color-contrast,1752,1
2025-12-17,Te Tari Whakatau,document-title,4,1
2025-12-17,Te Tari Whakatau,link-name,2,1
2025-12-17,Te Tari Whakatau,meta-viewport,2,1
2025-12-17,The Treasury,aria-allowed-attr,202,2
2025-12-17,The Treasury,aria-hidden-focus,200,2
2025-12-17,The Treasury,aria-required-children,10,1
2025-12-17,The Treasury,aria-required-parent,50,1
2025-12-17,The Treasury,button-name,17,1
2025-12-17,The Treasury,color-contrast,2424,5
2025-12-17,The Treasury,frame-title,2,1
2025-12-17,The Treasury,html-has-lang,42,2
2025-12-17,The Treasury,image-alt,50,4
2025-12-17,The Treasury,label,2,1
2025-12-17,The Treasury,link-in-text-block,126,4
2025-12-17,The Treasury,link-name,552,4
2025-12-17,The Treasury,list,28,5
2025-12-17,The Treasury,listitem,50,1
2025-12-17,The Treasury,scrollable-region-focusable,347,4
2025-12-17,Whaikaha,link-name,24,2
2026-03-31,Aroturuki Tamariki,link-name,2,1
2026-03-31,Cancer Control Agency,color-contrast,5011,2
2026-03-31,Cancer Control Agency,document-title,4,1
2026-03-31,Cancer Control Agency,frame-title,2,1
2026-03-31,Cancer Control Agency,image-alt,677,2
2026-03-31,Cancer Control Agency,label,2,1
2026-03-31,Cancer Control Agency,link-in-text-block,8,1
2026-03-31,Cancer Control Agency,link-name,212,1
2026-03-31,Charter School Agency,link-name,8,1
2026-03-31,Crown Law Office,color-contrast,5763,1
2026-03-31,Crown Law Office,link-in-text-block,402,1
2026-03-31,Crown Law Office,link-name,22,1
2026-03-31,Crown Law Office,meta-viewport,168,1
2026-03-31,Crown Law Office,scrollable-region-focusable,1,1
2026-03-31,Department of Conservation,aria-allowed-attr,14,2
2026-03-31,Department of Conservation,aria-hidden-focus,42,2
2026-03-31,Department of Conservation,aria-progressbar-name,202,2
2026-03-31,Department of Conservation,aria-required-attr,4,1
2026-03-31,Department of Conservation,aria-required-children,115,1
2026-03-31,Department of Conservation,aria-required-parent,153,1
2026-03-31,Department of Conservation,autocomplete-valid,10,2
2026-03-31,Department of Conservation,button-name,104,2
2026-03-31,Department of Conservation,color-contrast,1495,5
2026-03-31,Department of Conservation,frame-title,50,2
2026-03-31,Department of Conservation,html-has-lang,2,1
2026-03-31,Department of Conservation,image-alt,46,2
2026-03-31,Department of Conservation,link-in-text-block,4,1
2026-03-31,Department of Conservation,link-name,976,4
2026-03-31,Department of Conservation,list,200,1
2026-03-31,Department of Conservation,listitem,1128,1
2026-03-31,Department of Conservation,meta-refresh,2,1
2026-03-31,Department of Conservation,meta-viewport,14,3
2026-03-31,Department of Conservation,nested-interactive,4,1
2026-03-31,Department of Conservation,role-img-alt,4,1
2026-03-31,Department of Conservation,scrollable-region-focusable,23,3
2026-03-31,Department of Corrections,aria-hidden-focus,510,2
2026-03-31,Department of Corrections,aria-input-field-name,5,2
2026-03-31,Department of Corrections,aria-required-children,3,1
2026-03-31,Department of Corrections,color-contrast,274,4
2026-03-31,Department of Corrections,frame-title,62,3
2026-03-31,Department of Corrections,link-in-text-block,70,1
2026-03-31,Department of Corrections,link-name,51,2
2026-03-31,Department of Corrections,list,2,1
2026-03-31,Department of Corrections,nested-interactive,2,1
2026-03-31,Department of Corrections,scrollable-region-focusable,39,2
2026-03-31,Department of Internal Affairs,area-alt,4,1
2026-03-31,Department of Internal Affairs,aria-allowed-attr,1189,5
2026-03-31,Department of Internal Affairs,aria-hidden-focus,951,8
2026-03-31,Department of Internal Affairs,aria-input-field-name,10,1
2026-03-31,Department of Internal Affairs,aria-progressbar-name,2,1
2026-03-31,Department of Internal Affairs,aria-prohibited-attr,300,2
2026-03-31,Department of Internal Affairs,aria-required-attr,26,2
2026-03-31,Department of Internal Affairs,aria-required-children,411,10
2026-03-31,Department of Internal Affairs,aria-required-parent,339,5
2026-03-31,Department of Internal Affairs,aria-roles,2,1
2026-03-31,Department of Internal Affairs,aria-tooltip-name,200,1
2026-03-31,Department of Internal Affairs,aria-valid-attr,6,1
2026-03-31,Department of Internal Affairs,aria-valid-attr-value,26,2
2026-03-31,Department of Internal Affairs,button-name,358,4
2026-03-31,Department of Internal Affairs,color-contrast,5899,28
2026-03-31,Department of Internal Affairs,frame-title,44,2
2026-03-31,Department of Internal Affairs,html-has-lang,391,8
2026-03-31,Department of Internal Affairs,image-alt,1325,10
2026-03-31,Department of Internal Affairs,label,661,11
2026-03-31,Department of Internal Affairs,link-in-text-block,1508,9
2026-03-31,Department of Internal Affairs,link-name,1011,19
2026-03-31,Department of Internal Affairs,list,439,15
2026-03-31,Department of Internal Affairs,listitem,2188,9
2026-03-31,Department of Internal Affairs,meta-viewport,413,6
2026-03-31,Department of Internal Affairs,nested-interactive,204,4
2026-03-31,Department of Internal Affairs,role-img-alt,74,1
2026-03-31,Department of Internal Affairs,scrollable-region-focusable,65,7
2026-03-31,Department of Internal Affairs,select-name,361,12
2026-03-31,Department of Internal Affairs,valid-lang,200,1
2026-03-31,Department of the Prime Minister and Cabinet,aria-hidden-focus,200,2
2026-03-31,Department of the Prime Minister and Cabinet,color-contrast,881,2
2026-03-31,Department of the Prime Minister and Cabinet,image-alt,64,1
2026-03-31,Department of the Prime Minister and Cabinet,link-in-text-block,10,1
2026-03-31,Department of the Prime Minister and Cabinet,link-name,74,1
2026-03-31,Department of the Prime Minister and Cabinet,list,36,2
2026-03-31,Department of the Prime Minister and Cabinet,scrollable-region-focusable,14,2
2026-03-31,Department of the Prime Minister and Cabinet,td-headers-attr,2,1
2026-03-31,Education Review Office,aria-allowed-attr,248,1
2026-03-31,Education Review Office,color-contrast,296,1
2026-03-31,Education Review Office,document-title,12,1
2026-03-31,Education Review Office,frame-title,10,1
2026-03-31,Education Review Office,html-has-lang,12,1
2026-03-31,Education Review Office,image-alt,2,1
2026-03-31,Education Review Office,link-name,88,1
2026-03-31,Education Review Office,list,6,1
2026-03-31,Financial Markets Authority,button-name,4,1
2026-03-31,Financial Markets Authority,color-contrast,264,4
2026-03-31,Financial Markets Authority,label,29,2
2026-03-31,Financial Markets Authority,link-name,44,3
2026-03-31,Financial Markets Authority,list,52,1
2026-03-31,Financial Markets Authority,listitem,322,1
2026-03-31,Financial Markets Authority,select-name,18,1
2026-03-31,Government Communications Security Bureau,aria-hidden-focus,300,1
2026-03-31,Government Communications Security Bureau,aria-input-field-name,2,1
2026-03-31,Government Communications Security Bureau,aria-required-parent,130,1
2026-03-31,Government Communications Security Bureau,button-name,16,2
2026-03-31,Government Communications Security Bureau,color-contrast,2,1
2026-03-31,Health New Zealand,aria-allowed-attr,40,2
2026-03-31,Health New Zealand,aria-hidden-focus,4,1
2026-03-31,Health New Zealand,aria-input-field-name,2,1
2026-03-31,Health New Zealand,aria-prohibited-attr,4,1
2026-03-31,Health New Zealand,aria-required-attr,4,1
2026-03-31,Health New Zealand,aria-required-parent,14,1
2026-03-31,Health New Zealand,aria-valid-attr,12,1
2026-03-31,Health New Zealand,button-name,58,3
2026-03-31,Health New Zealand,color-contrast,441,7
2026-03-31,Health New Zealand,document-title,2,1
2026-03-31,Health New Zealand,frame-title,56,3
2026-03-31,Health New Zealand,html-has-lang,2,1
2026-03-31,Health New Zealand,image-alt,248,4
2026-03-31,Health New Zealand,label,2,1
2026-03-31,Health New Zealand,link-in-text-block,582,2
2026-03-31,Health New Zealand,link-name,663,4
2026-03-31,Health New Zealand,list,16,2
2026-03-31,Health New Zealand,listitem,48,1
2026-03-31,Health New Zealand,nested-interactive,432,2
2026-03-31,Health New Zealand,scrollable-region-focusable,3,1
2026-03-31,Health New Zealand,svg-img-alt,11,1
2026-03-31,Inland Revenue Department,aria-hidden-focus,2,1
2026-03-31,Inland Revenue Department,color-contrast,33,2
2026-03-31,Inland Revenue Department,image-alt,4,1
2026-03-31,Inland Revenue Department,link-in-text-block,4,1
2026-03-31,Inland Revenue Department,link-name,8,2
2026-03-31,Inland Revenue Department,list,2,1
2026-03-31,Inland Revenue Department,listitem,4,1
2026-03-31,Inland Revenue Department,scrollable-region-focusable,9,1
2026-03-31,Land Information New Zealand,aria-allowed-attr,80,2
2026-03-31,Land Information New Zealand,aria-prohibited-attr,2,1
2026-03-31,Land Information New Zealand,aria-required-children,13,1
2026-03-31,Land Information New Zealand,button-name,287,1
2026-03-31,Land Information New Zealand,color-contrast,429,3
2026-03-31,Land Information New Zealand,definition-list,18,1
2026-03-31,Land Information New Zealand,dlitem,82,1
2026-03-31,Land Information New Zealand,image-alt,56,1
2026-03-31,Land Information New Zealand,label,15,2
2026-03-31,Land Information New Zealand,link-in-text-block,22,1
2026-03-31,Land Information New Zealand,link-name,1210,1
2026-03-31,Land Information New Zealand,listitem,82,1
2026-03-31,Land Information New Zealand,meta-viewport,103,3
2026-03-31,Land Information New Zealand,nested-interactive,2,1
2026-03-31,Land Information New Zealand,scrollable-region-focusable,14,1
2026-03-31,Land Information New Zealand,select-name,4,1
2026-03-31,Ministry for Culture and Heritage,aria-command-name,186,1
2026-03-31,Ministry for Culture and Heritage,aria-required-children,2,1
2026-03-31,Ministry for Culture and Heritage,aria-required-parent,2,1
2026-03-31,Ministry for Culture and Heritage,color-contrast,13,2
2026-03-31,Ministry for Culture and Heritage,frame-title,10,3
2026-03-31,Ministry for Culture and Heritage,image-alt,76,2
2026-03-31,Ministry for Culture and Heritage,link-name,13,3
2026-03-31,Ministry for Culture and Heritage,listitem,2,1
2026-03-31,Ministry for Culture and Heritage,scrollable-region-focusable,2,1
2026-03-31,Ministry for Ethnic Communities,aria-required-parent,800,1
2026-03-31,Ministry for Ethnic Communities,color-contrast,392,1
2026-03-31,Ministry for Ethnic Communities,link-name,806,1
2026-03-31,Ministry for Ethnic Communities,list,100,1
2026-03-31,Ministry for Pacific Peoples,aria-hidden-focus,8,1
2026-03-31,Ministry for Pacific Peoples,aria-required-children,100,1
2026-03-31,Ministry for Pacific Peoples,aria-required-parent,400,1
2026-03-31,Ministry for Pacific Peoples,color-contrast,390,2
2026-03-31,Ministry for Pacific Peoples,frame-title,6,1
2026-03-31,Ministry for Pacific Peoples,link-name,3,2
2026-03-31,Ministry for Pacific Peoples,listitem,400,1
2026-03-31,Ministry for Primary Industries,aria-allowed-attr,104,2
2026-03-31,Ministry for Primary Industries,aria-hidden-focus,105,5
2026-03-31,Ministry for Primary Industries,aria-input-field-name,2,1
2026-03-31,Ministry for Primary Industries,aria-required-children,100,1
2026-03-31,Ministry for Primary Industries,button-name,4,1
2026-03-31,Ministry for Primary Industries,color-contrast,1807,5
2026-03-31,Ministry for Primary Industries,frame-title,26,3
2026-03-31,Ministry for Primary Industries,html-has-lang,9,2
2026-03-31,Ministry for Primary Industries,image-alt,481,4
2026-03-31,Ministry for Primary Industries,link-in-text-block,94,5
2026-03-31,Ministry for Primary Industries,link-name,1168,10
2026-03-31,Ministry for Primary Industries,listitem,117,1
2026-03-31,Ministry for Primary Industries,meta-refresh,67,2
2026-03-31,Ministry for Primary Industries,nested-interactive,4,1
2026-03-31,Ministry for Primary Industries,role-img-alt,8,1
2026-03-31,Ministry for Primary Industries,scrollable-region-focusable,12,2
2026-03-31,Ministry for Regulation,aria-allowed-attr,21,1
2026-03-31,Ministry for Regulation,aria-input-field-name,21,1
2026-03-31,Ministry for Regulation,button-name,38,2
2026-03-31,Ministry for Regulation,color-contrast,27,2
2026-03-31,Ministry for Regulation,image-alt,4,1
2026-03-31,Ministry for Regulation,link-name,2,1
2026-03-31,Ministry for Regulation,list,16,1
2026-03-31,Ministry for Regulation,scrollable-region-focusable,1,1
2026-03-31,Ministry for Regulation,select-name,11,1
2026-03-31,Ministry for Women,color-contrast,8,1
2026-03-31,"Ministry of Business, Innovation and Employment",aria-allowed-attr,350,11
2026-03-31,"Ministry of Business, Innovation and Employment",aria-command-name,102,2
2026-03-31,"Ministry of Business, Innovation and Employment",aria-hidden-focus,589,9
2026-03-31,"Ministry of Business, Innovation and Employment",aria-input-field-name,109,11
2026-03-31,"Ministry of Business, Innovation and Employment",aria-progressbar-name,3,3
2026-03-31,"Ministry of Business, Innovation and Employment",aria-prohibited-attr,66,3
2026-03-31,"Ministry of Business, Innovation and Employment",aria-required-attr,86,5
2026-03-31,"Ministry of Business, Innovation and Employment",aria-required-children,1027,7
2026-03-31,"Ministry of Business, Innovation and Employment",aria-required-parent,306,2
2026-03-31,"Ministry of Business, Innovation and Employment",aria-roles,19,2
2026-03-31,"Ministry of Business, Innovation and Employment",aria-toggle-field-name,172,2
2026-03-31,"Ministry of Business, Innovation and Employment",aria-tooltip-name,14,1
2026-03-31,"Ministry of Business, Innovation and Employment",aria-valid-attr,10,1
2026-03-31,"Ministry of Business, Innovation and Employment",aria-valid-attr-value,433,11
2026-03-31,"Ministry of Business, Innovation and Employment",button-name,359,10
2026-03-31,"Ministry of Business, Innovation and Employment",color-contrast,5249,45
2026-03-31,"Ministry of Business, Innovation and Employment",document-title,24,5
2026-03-31,"Ministry of Business, Innovation and Employment",frame-title,81,9
2026-03-31,"Ministry of Business, Innovation and Employment",html-has-lang,240,24
2026-03-31,"Ministry of Business, Innovation and Employment",image-alt,1058,30
2026-03-31,"Ministry of Business, Innovation and Employment",input-button-name,176,1
2026-03-31,"Ministry of Business, Innovation and Employment",label,451,10
2026-03-31,"Ministry of Business, Innovation and Employment",link-in-text-block,893,21
2026-03-31,"Ministry of Business, Innovation and Employment",link-name,2962,49
2026-03-31,"Ministry of Business, Innovation and Employment",list,303,21
2026-03-31,"Ministry of Business, Innovation and Employment",listitem,1262,9
2026-03-31,"Ministry of Business, Innovation and Employment",meta-viewport,10,2
2026-03-31,"Ministry of Business, Innovation and Employment",nested-interactive,502,8
2026-03-31,"Ministry of Business, Innovation and Employment",object-alt,1,1
2026-03-31,"Ministry of Business, Innovation and Employment",role-img-alt,62,2
2026-03-31,"Ministry of Business, Innovation and Employment",scrollable-region-focusable,113,19
2026-03-31,"Ministry of Business, Innovation and Employment",select-name,148,8
2026-03-31,"Ministry of Business, Innovation and Employment",td-headers-attr,2,1
2026-03-31,"Ministry of Cities, Environment, Regions and Transport",aria-allowed-attr,47,2
2026-03-31,"Ministry of Cities, Environment, Regions and Transport",aria-hidden-focus,12,1
2026-03-31,"Ministry of Cities, Environment, Regions and Transport",aria-input-field-name,47,2
2026-03-31,"Ministry of Cities, Environment, Regions and Transport",aria-progressbar-name,1,1
2026-03-31,"Ministry of Cities, Environment, Regions and Transport",aria-required-children,57,3
2026-03-31,"Ministry of Cities, Environment, Regions and Transport",button-name,400,3
2026-03-31,"Ministry of Cities, Environment, Regions and Transport",color-contrast,2251,7
2026-03-31,"Ministry of Cities, Environment, Regions and Transport",document-title,2,1
2026-03-31,"Ministry of Cities, Environment, Regions and Transport",frame-title,62,3
2026-03-31,"Ministry of Cities, Environment, Regions and Transport",html-has-lang,3,2
2026-03-31,"Ministry of Cities, Environment, Regions and Transport",image-alt,6,2
2026-03-31,"Ministry of Cities, Environment, Regions and Transport",label,116,3
2026-03-31,"Ministry of Cities, Environment, Regions and Transport",link-in-text-block,108,4
2026-03-31,"Ministry of Cities, Environment, Regions and Transport",link-name,1179,8
2026-03-31,"Ministry of Cities, Environment, Regions and Transport",list,26,2
2026-03-31,"Ministry of Cities, Environment, Regions and Transport",listitem,408,3
2026-03-31,"Ministry of Cities, Environment, Regions and Transport",meta-viewport,348,3
2026-03-31,"Ministry of Cities, Environment, Regions and Transport",scrollable-region-focusable,25,6
2026-03-31,"Ministry of Cities, Environment, Regions and Transport",select-name,4,1
2026-03-31,Ministry of Defence,color-contrast,68,1
2026-03-31,Ministry of Defence,html-has-lang,6,1
2026-03-31,Ministry of Defence,image-alt,6,1
2026-03-31,Ministry of Defence,link-name,6,1
2026-03-31,Ministry of Education,aria-allowed-attr,774,6
2026-03-31,Ministry of Education,aria-command-name,322,1
2026-03-31,Ministry of Education,aria-hidden-focus,504,6
2026-03-31,Ministry of Education,aria-input-field-name,132,3
2026-03-31,Ministry of Education,aria-prohibited-attr,286,3
2026-03-31,Ministry of Education,aria-required-attr,4,1
2026-03-31,Ministry of Education,aria-required-children,362,4
2026-03-31,Ministry of Education,aria-required-parent,56,2
2026-03-31,Ministry of Education,aria-valid-attr,1782,2
2026-03-31,Ministry of Education,aria-valid-attr-value,246,2
2026-03-31,Ministry of Education,button-name,319,5
2026-03-31,Ministry of Education,color-contrast,16051,27
2026-03-31,Ministry of Education,document-title,286,3
2026-03-31,Ministry of Education,frame-title,116,8
2026-03-31,Ministry of Education,html-has-lang,281,3
2026-03-31,Ministry of Education,image-alt,219,9
2026-03-31,Ministry of Education,label,289,3
2026-03-31,Ministry of Education,link-in-text-block,942,8
2026-03-31,Ministry of Education,link-name,1310,15
2026-03-31,Ministry of Education,list,124,7
2026-03-31,Ministry of Education,listitem,1978,4
2026-03-31,Ministry of Education,meta-viewport,67,3
2026-03-31,Ministry of Education,nested-interactive,788,7
2026-03-31,Ministry of Education,role-img-alt,294,3
2026-03-31,Ministry of Education,scrollable-region-focusable,196,8
2026-03-31,Ministry of Education,select-name,4,1
2026-03-31,Ministry of Education,valid-lang,10,1
2026-03-31,Ministry of Foreign Affairs and Trade,aria-allowed-attr,12,2
2026-03-31,Ministry of Foreign Affairs and Trade,aria-command-name,6,1
2026-03-31,Ministry of Foreign Affairs and Trade,aria-hidden-focus,25,1
2026-03-31,Ministry of Foreign Affairs and Trade,button-name,126,1
2026-03-31,Ministry of Foreign Affairs and Trade,color-contrast,345,6
2026-03-31,Ministry of Foreign Affairs and Trade,document-title,2,1
2026-03-31,Ministry of Foreign Affairs and Trade,html-has-lang,2,1
2026-03-31,Ministry of Foreign Affairs and Trade,image-alt,2,1
2026-03-31,Ministry of Foreign Affairs and Trade,label,18,1
2026-03-31,Ministry of Foreign Affairs and Trade,link-in-text-block,32,3
2026-03-31,Ministry of Foreign Affairs and Trade,link-name,34,5
2026-03-31,Ministry of Foreign Affairs and Trade,meta-viewport,18,2
2026-03-31,Ministry of Foreign Affairs and Trade,role-img-alt,1,1
2026-03-31,Ministry of Foreign Affairs and Trade,select-name,24,1
2026-03-31,Ministry of Health,aria-allowed-attr,4,1
2026-03-31,Ministry of Health,aria-prohibited-attr,8,1
2026-03-31,Ministry of Health,color-contrast,155,2
2026-03-31,Ministry of Health,document-title,4,1
2026-03-31,Ministry of Health,html-has-lang,4,1
2026-03-31,Ministry of Health,label,4,1
2026-03-31,Ministry of Health,link-in-text-block,3,1
2026-03-31,Ministry of Health,list,6,2
2026-03-31,Ministry of Health,scrollable-region-focusable,2,1
2026-03-31,Ministry of Justice,aria-allowed-attr,10,1
2026-03-31,Ministry of Justice,aria-required-parent,584,2
2026-03-31,Ministry of Justice,button-name,4,1
2026-03-31,Ministry of Justice,color-contrast,1223,6
2026-03-31,Ministry of Justice,frame-title,90,2
2026-03-31,Ministry of Justice,label,96,1
2026-03-31,Ministry of Justice,link-in-text-block,126,1
2026-03-31,Ministry of Justice,link-name,559,8
2026-03-31,Ministry of Justice,list,16,2
2026-03-31,Ministry of Justice,nested-interactive,92,2
2026-03-31,Ministry of Justice,scrollable-region-focusable,16,5
2026-03-31,Ministry of Justice,select-name,4,1
2026-03-31,Ministry of Social Development,aria-hidden-focus,2,1
2026-03-31,Ministry of Social Development,aria-input-field-name,48,2
2026-03-31,Ministry of Social Development,aria-required-attr,6,1
2026-03-31,Ministry of Social Development,aria-required-children,44,2
2026-03-31,Ministry of Social Development,aria-required-parent,720,1
2026-03-31,Ministry of Social Development,color-contrast,883,14
2026-03-31,Ministry of Social Development,document-title,38,1
2026-03-31,Ministry of Social Development,frame-title,42,4
2026-03-31,Ministry of Social Development,html-has-lang,40,4
2026-03-31,Ministry of Social Development,image-alt,487,4
2026-03-31,Ministry of Social Development,label,24,4
2026-03-31,Ministry of Social Development,link-name,232,8
2026-03-31,Ministry of Social Development,list,140,6
2026-03-31,Ministry of Social Development,listitem,212,2
2026-03-31,Ministry of Social Development,meta-viewport,200,1
2026-03-31,Ministry of Social Development,nested-interactive,94,3
2026-03-31,Ministry of Social Development,role-img-alt,98,1
2026-03-31,Ministry of Social Development,scrollable-region-focusable,26,5
2026-03-31,Ministry of Social Development,select-name,106,2
2026-03-31,Ministry of Social Development,valid-lang,2,1
2026-03-31,National Emergency Management Agency,image-alt,2,1
2026-03-31,National Emergency Management Agency,link-name,18,2
2026-03-31,National Emergency Management Agency,scrollable-region-focusable,2,1
2026-03-31,Natural Hazards Commission,color-contrast,1,1
2026-03-31,Natural Hazards Commission,link-name,11,1
2026-03-31,Natural Hazards Commission,scrollable-region-focusable,3,1
2026-03-31,New Zealand Customs Service,aria-allowed-attr,4,1
2026-03-31,New Zealand Customs Service,button-name,4,1
2026-03-31,New Zealand Customs Service,color-contrast,275,2
2026-03-31,New Zealand Customs Service,frame-title,4,1
2026-03-31,New Zealand Customs Service,html-has-lang,14,1
2026-03-31,New Zealand Customs Service,image-alt,22,1
2026-03-31,New Zealand Customs Service,label,6,2
2026-03-31,New Zealand Customs Service,link-name,200,1
2026-03-31,New Zealand Customs Service,list,2,1
2026-03-31,New Zealand Customs Service,nested-interactive,298,1
2026-03-31,New Zealand Customs Service,select-name,2,1
2026-03-31,New Zealand Defence Force,aria-hidden-focus,214,2
2026-03-31,New Zealand Defence Force,aria-required-children,16,1
2026-03-31,New Zealand Defence Force,button-name,36,1
2026-03-31,New Zealand Defence Force,color-contrast,4044,7
2026-03-31,New Zealand Defence Force,document-title,1,1
2026-03-31,New Zealand Defence Force,frame-title,27,2
2026-03-31,New Zealand Defence Force,html-has-lang,1,1
2026-03-31,New Zealand Defence Force,image-alt,661,3
2026-03-31,New Zealand Defence Force,label,2,1
2026-03-31,New Zealand Defence Force,link-in-text-block,1161,4
2026-03-31,New Zealand Defence Force,link-name,3431,7
2026-03-31,New Zealand Defence Force,list,2,1
2026-03-31,New Zealand Defence Force,listitem,626,1
2026-03-31,New Zealand Defence Force,meta-refresh,1,1
2026-03-31,New Zealand Defence Force,meta-viewport,200,1
2026-03-31,New Zealand Defence Force,scrollable-region-focusable,96,5
2026-03-31,New Zealand Defence Force,select-name,50,4
2026-03-31,New Zealand Police,button-name,2,1
2026-03-31,New Zealand Police,color-contrast,4,2
2026-03-31,New Zealand Police,document-title,2,1
2026-03-31,New Zealand Police,html-has-lang,2,1
2026-03-31,New Zealand Security Intelligence Service,autocomplete-valid,2,1
2026-03-31,Oranga Tamariki,aria-allowed-attr,2,1
2026-03-31,Oranga Tamariki,aria-input-field-name,8,1
2026-03-31,Oranga Tamariki,aria-required-attr,8,1
2026-03-31,Oranga Tamariki,aria-required-parent,48,1
2026-03-31,Oranga Tamariki,color-contrast,25,3
2026-03-31,Oranga Tamariki,html-has-lang,36,1
2026-03-31,Oranga Tamariki,image-alt,36,1
2026-03-31,Oranga Tamariki,label,42,1
2026-03-31,Oranga Tamariki,link-name,4,1
2026-03-31,Oranga Tamariki,list,8,1
2026-03-31,Oranga Tamariki,nested-interactive,48,1
2026-03-31,Parliamentary Counsel Office,aria-required-parent,218,1
2026-03-31,Parliamentary Counsel Office,aria-valid-attr-value,26,1
2026-03-31,Parliamentary Counsel Office,color-contrast,260,1
2026-03-31,Parliamentary Counsel Office,frame-title,12,1
2026-03-31,Parliamentary Counsel Office,image-alt,284,2
2026-03-31,Parliamentary Counsel Office,label,4,1
2026-03-31,Parliamentary Counsel Office,link-name,36,2
2026-03-31,Parliamentary Counsel Office,list,4,1
2026-03-31,Parliamentary Counsel Office,listitem,14,1
2026-03-31,Parliamentary Counsel Office,scrollable-region-focusable,18,1
2026-03-31,Public Service Commission,aria-allowed-attr,6,1
2026-03-31,Public Service Commission,aria-hidden-focus,200,1
2026-03-31,Public Service Commission,aria-input-field-name,28,1
2026-03-31,Public Service Commission,aria-prohibited-attr,8,1
2026-03-31,Public Service Commission,aria-valid-attr,95,1
2026-03-31,Public Service Commission,button-name,132,1
2026-03-31,Public Service Commission,color-contrast,1630,5
2026-03-31,Public Service Commission,frame-title,2,1
2026-03-31,Public Service Commission,html-has-lang,1,1
2026-03-31,Public Service Commission,html-lang-valid,200,1
2026-03-31,Public Service Commission,link-in-text-block,664,4
2026-03-31,Public Service Commission,link-name,975,6
2026-03-31,Public Service Commission,list,64,3
2026-03-31,Public Service Commission,listitem,800,1
2026-03-31,Public Service Commission,meta-viewport,200,1
2026-03-31,Public Service Commission,scrollable-region-focusable,1212,5
2026-03-31,Public Service Commission,select-name,266,2
2026-03-31,Serious Fraud Office,aria-input-field-name,2,1
2026-03-31,Serious Fraud Office,link-name,10,1
2026-03-31,Serious Fraud Office,nested-interactive,4,1
2026-03-31,Serious Fraud Office,scrollable-region-focusable,1,1
2026-03-31,Social Investment Agency,image-alt,16,1
2026-03-31,Social Investment Agency,label,2,1
2026-03-31,Social Investment Agency,link-name,8,2
2026-03-31,Statistics New Zealand,aria-input-field-name,3,2
2026-03-31,Statistics New Zealand,aria-roles,36,1
2026-03-31,Statistics New Zealand,aria-valid-attr-value,2,1
2026-03-31,Statistics New Zealand,button-name,70,2
2026-03-31,Statistics New Zealand,color-contrast,3,2
2026-03-31,Statistics New Zealand,frame-title,14,2
2026-03-31,Statistics New Zealand,html-has-lang,28,2
2026-03-31,Statistics New Zealand,image-alt,44,1
2026-03-31,Statistics New Zealand,input-image-alt,26,1
2026-03-31,Statistics New Zealand,label,36,1
2026-03-31,Statistics New Zealand,link-in-text-block,117,1
2026-03-31,Statistics New Zealand,link-name,358,4
2026-03-31,Statistics New Zealand,nested-interactive,2,1
2026-03-31,Statistics New Zealand,scrollable-region-focusable,28,2
2026-03-31,Statistics New Zealand,select-name,10,1
2026-03-31,Te Puni Kōkiri,color-contrast,1,1
2026-03-31,Te Puni Kōkiri,link-name,85,1
2026-03-31,Te Puni Kōkiri,listitem,46,1
2026-03-31,Te Tari Whakatau,color-contrast,1535,1
2026-03-31,Te Tari Whakatau,document-title,2,1
2026-03-31,Te Tari Whakatau,link-name,2,1
2026-03-31,The Treasury,aria-allowed-attr,202,2
2026-03-31,The Treasury,aria-hidden-focus,200,2
2026-03-31,The Treasury,color-contrast,1884,4
2026-03-31,The Treasury,definition-list,2,1
2026-03-31,The Treasury,html-has-lang,64,1
2026-03-31,The Treasury,image-alt,14,2
2026-03-31,The Treasury,label,60,1
2026-03-31,The Treasury,link-in-text-block,8,2
2026-03-31,The Treasury,link-name,274,3
2026-03-31,The Treasury,list,52,4
2026-03-31,The Treasury,scrollable-region-focusable,319,4
2026-03-31,The Treasury,td-headers-attr,4,1
2026-03-31,Whaikaha,link-name,6,2
2026-06-30,Cancer Control Agency,color-contrast,7614,2
2026-06-30,Cancer Control Agency,document-title,4,1
2026-06-30,Cancer Control Agency,frame-title,2,1
2026-06-30,Cancer Control Agency,image-alt,849,2
2026-06-30,Cancer Control Agency,label,2,1
2026-06-30,Cancer Control Agency,link-in-text-block,8,1
2026-06-30,Cancer Control Agency,link-name,336,1
2026-06-30,Charter School Agency,link-name,120,1
2026-06-30,Crown Law Office,color-contrast,5870,1
2026-06-30,Crown Law Office,link-in-text-block,406,1
2026-06-30,Crown Law Office,link-name,22,1
2026-06-30,Crown Law Office,meta-viewport,170,1
2026-06-30,Department of Conservation,aria-allowed-attr,4,1
2026-06-30,Department of Conservation,aria-hidden-focus,46,2
2026-06-30,Department of Conservation,aria-progressbar-name,4,2
2026-06-30,Department of Conservation,aria-required-attr,4,1
2026-06-30,Department of Conservation,aria-required-children,309,1
2026-06-30,Department of Conservation,aria-required-parent,476,1
2026-06-30,Department of Conservation,autocomplete-valid,8,1
2026-06-30,Department of Conservation,button-name,200,1
2026-06-30,Department of Conservation,color-contrast,4069,5
2026-06-30,Department of Conservation,frame-title,102,2
2026-06-30,Department of Conservation,html-has-lang,2,1
2026-06-30,Department of Conservation,image-alt,83,3
2026-06-30,Department of Conservation,label,20,1
2026-06-30,Department of Conservation,link-in-text-block,4,1
2026-06-30,Department of Conservation,link-name,3354,3
2026-06-30,Department of Conservation,list,6,2
2026-06-30,Department of Conservation,listitem,476,1
2026-06-30,Department of Conservation,meta-refresh,2,1
2026-06-30,Department of Conservation,meta-viewport,10,2
2026-06-30,Department of Conservation,nested-interactive,416,2
2026-06-30,Department of Conservation,role-img-alt,4,1
2026-06-30,Department of Conservation,scrollable-region-focusable,55,2
2026-06-30,Department of Conservation,select-name,10,1
2026-06-30,Department of Conservation,svg-img-alt,9,1
2026-06-30,Department of Corrections,aria-hidden-focus,487,1
2026-06-30,Department of Corrections,aria-input-field-name,5,2
2026-06-30,Department of Corrections,aria-required-children,11,1
2026-06-30,Department of Corrections,aria-required-parent,6,1
2026-06-30,Department of Corrections,color-contrast,410,3
2026-06-30,Department of Corrections,frame-title,48,1
2026-06-30,Department of Corrections,image-alt,10,2
2026-06-30,Department of Corrections,link-in-text-block,52,1
2026-06-30,Department of Corrections,link-name,53,2
2026-06-30,Department of Corrections,list,28,4
2026-06-30,Department of Corrections,nested-interactive,2,1
2026-06-30,Department of Corrections,scrollable-region-focusable,127,2
2026-06-30,Department of Corrections,td-headers-attr,2,1
2026-06-30,Department of Internal Affairs,area-alt,12,1
2026-06-30,Department of Internal Affairs,aria-allowed-attr,909,4
2026-06-30,Department of Internal Affairs,aria-hidden-focus,2473,8
2026-06-30,Department of Internal Affairs,aria-input-field-name,22,2
2026-06-30,Department of Internal Affairs,aria-progressbar-name,2,1
2026-06-30,Department of Internal Affairs,aria-prohibited-attr,900,2
2026-06-30,Department of Internal Affairs,aria-required-attr,26,2
2026-06-30,Department of Internal Affairs,aria-required-children,791,10
2026-06-30,Department of Internal Affairs,aria-required-parent,1552,6
2026-06-30,Department of Internal Affairs,aria-roles,2,1
2026-06-30,Department of Internal Affairs,aria-tooltip-name,646,1
2026-06-30,Department of Internal Affairs,aria-valid-attr,10,1
2026-06-30,Department of Internal Affairs,aria-valid-attr-value,32,3
2026-06-30,Department of Internal Affairs,autocomplete-valid,4,1
2026-06-30,Department of Internal Affairs,button-name,749,4
2026-06-30,Department of Internal Affairs,color-contrast,9934,31
2026-06-30,Department of Internal Affairs,frame-title,13,3
2026-06-30,Department of Internal Affairs,html-has-lang,636,9
2026-06-30,Department of Internal Affairs,image-alt,457,11
2026-06-30,Department of Internal Affairs,label,1351,10
2026-06-30,Department of Internal Affairs,link-in-text-block,4076,8
2026-06-30,Department of Internal Affairs,link-name,2406,21
2026-06-30,Department of Internal Affairs,list,1385,17
2026-06-30,Department of Internal Affairs,listitem,3120,11
2026-06-30,Department of Internal Affairs,meta-viewport,1378,6
2026-06-30,Department of Internal Affairs,nested-interactive,204,4
2026-06-30,Department of Internal Affairs,role-img-alt,320,1
2026-06-30,Department of Internal Affairs,scrollable-region-focusable,152,8
2026-06-30,Department of Internal Affairs,select-name,984,10
2026-06-30,Department of Internal Affairs,valid-lang,268,1
2026-06-30,Department of the Prime Minister and Cabinet,aria-hidden-focus,600,2
2026-06-30,Department of the Prime Minister and Cabinet,color-contrast,3311,3
2026-06-30,Department of the Prime Minister and Cabinet,html-has-lang,12,1
2026-06-30,Department of the Prime Minister and Cabinet,image-alt,68,2
2026-06-30,Department of the Prime Minister and Cabinet,label,6,2
2026-06-30,Department of the Prime Minister and Cabinet,link-in-text-block,34,1
2026-06-30,Department of the Prime Minister and Cabinet,link-name,82,2
2026-06-30,Department of the Prime Minister and Cabinet,list,100,2
2026-06-30,Department of the Prime Minister and Cabinet,scrollable-region-focusable,20,2
2026-06-30,Department of the Prime Minister and Cabinet,td-headers-attr,2,1
2026-06-30,Education Review Office,aria-allowed-attr,518,1
2026-06-30,Education Review Office,color-contrast,2,1
2026-06-30,Education Review Office,image-alt,2,1
2026-06-30,Education Review Office,link-name,40,1
2026-06-30,Education Review Office,list,12,1
2026-06-30,Education Review Office,valid-lang,216,1
2026-06-30,Financial Markets Authority,color-contrast,497,4
2026-06-30,Financial Markets Authority,frame-title,12,1
2026-06-30,Financial Markets Authority,label,31,3
2026-06-30,Financial Markets Authority,link-name,44,3
2026-06-30,Financial Markets Authority,list,170,1
2026-06-30,Financial Markets Authority,listitem,990,1
2026-06-30,Financial Markets Authority,scrollable-region-focusable,4,1
2026-06-30,Financial Markets Authority,select-name,44,1
2026-06-30,Government Communications Security Bureau,aria-input-field-name,2,1
2026-06-30,Government Communications Security Bureau,button-name,22,1
2026-06-30,Government Communications Security Bureau,color-contrast,12,1
2026-06-30,Government Communications Security Bureau,link-name,18,2
2026-06-30,Government Communications Security Bureau,scrollable-region-focusable,3,1
2026-06-30,Health New Zealand,aria-allowed-attr,40,2
2026-06-30,Health New Zealand,aria-hidden-focus,6,2
2026-06-30,Health New Zealand,aria-input-field-name,4,2
2026-06-30,Health New Zealand,aria-prohibited-attr,4,1
2026-06-30,Health New Zealand,aria-required-attr,4,1
2026-06-30,Health New Zealand,aria-required-children,4,2
2026-06-30,Health New Zealand,aria-required-parent,18,1
2026-06-30,Health New Zealand,aria-valid-attr,12,1
2026-06-30,Health New Zealand,button-name,60,4
2026-06-30,Health New Zealand,color-contrast,2254,9
2026-06-30,Health New Zealand,document-title,2,1
2026-06-30,Health New Zealand,frame-title,38,2
2026-06-30,Health New Zealand,image-alt,747,5
2026-06-30,Health New Zealand,input-button-name,212,2
2026-06-30,Health New Zealand,label,6,1
2026-06-30,Health New Zealand,link-in-text-block,1712,2
2026-06-30,Health New Zealand,link-name,1696,6
2026-06-30,Health New Zealand,list,28,2
2026-06-30,Health New Zealand,listitem,152,2
2026-06-30,Health New Zealand,nested-interactive,440,3
2026-06-30,Health New Zealand,scrollable-region-focusable,3,1
2026-06-30,Health New Zealand,select-name,2,1
2026-06-30,Health New Zealand,svg-img-alt,16,1
2026-06-30,Inland Revenue Department,aria-hidden-focus,2,1
2026-06-30,Inland Revenue Department,color-contrast,21,2
2026-06-30,Inland Revenue Department,image-alt,10,1
2026-06-30,Inland Revenue Department,link-in-text-block,11,2
2026-06-30,Inland Revenue Department,link-name,8,3
2026-06-30,Inland Revenue Department,list,2,1
2026-06-30,Inland Revenue Department,listitem,4,1
2026-06-30,Inland Revenue Department,scrollable-region-focusable,13,2
2026-06-30,Land Information New Zealand,aria-allowed-attr,4,1
2026-06-30,Land Information New Zealand,aria-prohibited-attr,2,1
2026-06-30,Land Information New Zealand,aria-required-children,53,1
2026-06-30,Land Information New Zealand,button-name,563,1
2026-06-30,Land Information New Zealand,color-contrast,3223,2
2026-06-30,Land Information New Zealand,label,95,2
2026-06-30,Land Information New Zealand,link-in-text-block,274,1
2026-06-30,Land Information New Zealand,link-name,4,1
2026-06-30,Land Information New Zealand,listitem,265,1
2026-06-30,Land Information New Zealand,meta-viewport,4,2
2026-06-30,Land Information New Zealand,nested-interactive,2,1
2026-06-30,Land Information New Zealand,scrollable-region-focusable,55,1
2026-06-30,Ministry for Culture and Heritage,aria-command-name,10,1
2026-06-30,Ministry for Culture and Heritage,color-contrast,90,2
2026-06-30,Ministry for Culture and Heritage,frame-title,182,2
2026-06-30,Ministry for Culture and Heritage,image-alt,26,2
2026-06-30,Ministry for Culture and Heritage,link-name,39,2
2026-06-30,Ministry for Culture and Heritage,listitem,2,1
2026-06-30,Ministry for Culture and Heritage,scrollable-region-focusable,13,1
2026-06-30,Ministry for Ethnic Communities,color-contrast,2,1
2026-06-30,Ministry for Ethnic Communities,link-name,28,1
2026-06-30,Ministry for Pacific Peoples,aria-hidden-focus,8,1
2026-06-30,Ministry for Pacific Peoples,aria-required-children,300,1
2026-06-30,Ministry for Pacific Peoples,aria-required-parent,1200,1
2026-06-30,Ministry for Pacific Peoples,color-contrast,794,2
2026-06-30,Ministry for Pacific Peoples,frame-title,10,1
2026-06-30,Ministry for Pacific Peoples,link-name,10,2
2026-06-30,Ministry for Pacific Peoples,listitem,1200,1
2026-06-30,Ministry for Primary Industries,aria-allowed-attr,131,2
2026-06-30,Ministry for Primary Industries,aria-hidden-focus,118,5
2026-06-30,Ministry for Primary Industries,aria-input-field-name,4,2
2026-06-30,Ministry for Primary Industries,aria-required-children,129,1
2026-06-30,Ministry for Primary Industries,button-name,8,1
2026-06-30,Ministry for Primary Industries,color-contrast,2810,4
2026-06-30,Ministry for Primary Industries,document-title,6,1
2026-06-30,Ministry for Primary Industries,frame-title,16,3
2026-06-30,Ministry for Primary Industries,html-has-lang,46,2
2026-06-30,Ministry for Primary Industries,image-alt,22,2
2026-06-30,Ministry for Primary Industries,link-in-text-block,5,3
2026-06-30,Ministry for Primary Industries,link-name,624,7
2026-06-30,Ministry for Primary Industries,listitem,127,1
2026-06-30,Ministry for Primary Industries,nested-interactive,8,1
2026-06-30,Ministry for Primary Industries,scrollable-region-focusable,12,2
2026-06-30,Ministry for Primary Industries,select-name,1,1
2026-06-30,Ministry for Regulation,color-contrast,34,1
2026-06-30,Ministry for Regulation,image-alt,4,1
2026-06-30,Ministry for Regulation,link-name,2,1
2026-06-30,Ministry for Regulation,scrollable-region-focusable,1,1
2026-06-30,Ministry for Women,color-contrast,4,1
2026-06-30,Ministry for Women,link-name,6,1
2026-06-30,"Ministry of Business, Innovation and Employment",aria-allowed-attr,20,4
2026-06-30,"Ministry of Business, Innovation and Employment",aria-command-name,383,2
2026-06-30,"Ministry of Business, Innovation and Employment",aria-hidden-focus,944,9
2026-06-30,"Ministry of Business, Innovation and Employment",aria-input-field-name,146,9
2026-06-30,"Ministry of Business, Innovation and Employment",aria-progressbar-name,4,3
2026-06-30,"Ministry of Business, Innovation and Employment",aria-prohibited-attr,226,4
2026-06-30,"Ministry of Business, Innovation and Employment",aria-required-attr,194,6
2026-06-30,"Ministry of Business, Innovation and Employment",aria-required-children,3072,6
2026-06-30,"Ministry of Business, Innovation and Employment",aria-required-parent,625,1
2026-06-30,"Ministry of Business, Innovation and Employment",aria-roles,46,2
2026-06-30,"Ministry of Business, Innovation and Employment",aria-valid-attr-value,587,3
2026-06-30,"Ministry of Business, Innovation and Employment",button-name,1289,10
2026-06-30,"Ministry of Business, Innovation and Employment",color-contrast,17213,47
2026-06-30,"Ministry of Business, Innovation and Employment",definition-list,44,1
2026-06-30,"Ministry of Business, Innovation and Employment",document-title,27,7
2026-06-30,"Ministry of Business, Innovation and Employment",frame-title,132,11
2026-06-30,"Ministry of Business, Innovation and Employment",html-has-lang,546,18
2026-06-30,"Ministry of Business, Innovation and Employment",image-alt,2125,33
2026-06-30,"Ministry of Business, Innovation and Employment",input-button-name,492,1
2026-06-30,"Ministry of Business, Innovation and Employment",label,778,13
2026-06-30,"Ministry of Business, Innovation and Employment",link-in-text-block,1795,23
2026-06-30,"Ministry of Business, Innovation and Employment",link-name,3571,54
2026-06-30,"Ministry of Business, Innovation and Employment",list,1151,25
2026-06-30,"Ministry of Business, Innovation and Employment",listitem,196,6
2026-06-30,"Ministry of Business, Innovation and Employment",meta-viewport,20,2
2026-06-30,"Ministry of Business, Innovation and Employment",nested-interactive,102,5
2026-06-30,"Ministry of Business, Innovation and Employment",role-img-alt,62,2
2026-06-30,"Ministry of Business, Innovation and Employment",scrollable-region-focusable,199,20
2026-06-30,"Ministry of Business, Innovation and Employment",select-name,184,6
2026-06-30,"Ministry of Cities, Environment, Regions and Transport",aria-allowed-attr,88,2
2026-06-30,"Ministry of Cities, Environment, Regions and Transport",aria-hidden-focus,38,2
2026-06-30,"Ministry of Cities, Environment, Regions and Transport",aria-input-field-name,88,2
2026-06-30,"Ministry of Cities, Environment, Regions and Transport",aria-progressbar-name,7,2
2026-06-30,"Ministry of Cities, Environment, Regions and Transport",aria-required-children,133,3
2026-06-30,"Ministry of Cities, Environment, Regions and Transport",button-name,890,4
2026-06-30,"Ministry of Cities, Environment, Regions and Transport",color-contrast,5883,8
2026-06-30,"Ministry of Cities, Environment, Regions and Transport",document-title,2,1
2026-06-30,"Ministry of Cities, Environment, Regions and Transport",frame-title,155,2
2026-06-30,"Ministry of Cities, Environment, Regions and Transport",html-has-lang,2,1
2026-06-30,"Ministry of Cities, Environment, Regions and Transport",image-alt,20,3
2026-06-30,"Ministry of Cities, Environment, Regions and Transport",label,162,3
2026-06-30,"Ministry of Cities, Environment, Regions and Transport",link-in-text-block,751,5
2026-06-30,"Ministry of Cities, Environment, Regions and Transport",link-name,1344,9
2026-06-30,"Ministry of Cities, Environment, Regions and Transport",list,24,2
2026-06-30,"Ministry of Cities, Environment, Regions and Transport",listitem,508,3
2026-06-30,"Ministry of Cities, Environment, Regions and Transport",meta-viewport,618,2
2026-06-30,"Ministry of Cities, Environment, Regions and Transport",scrollable-region-focusable,155,6
2026-06-30,"Ministry of Cities, Environment, Regions and Transport",select-name,4,1
2026-06-30,Ministry of Defence,color-contrast,8,1
2026-06-30,Ministry of Defence,html-has-lang,2,1
2026-06-30,Ministry of Defence,image-alt,2,1
2026-06-30,Ministry of Education,aria-allowed-attr,480,5
2026-06-30,Ministry of Education,aria-command-name,333,1
2026-06-30,Ministry of Education,aria-hidden-focus,387,3
2026-06-30,Ministry of Education,aria-input-field-name,100,3
2026-06-30,Ministry of Education,aria-prohibited-attr,240,2
2026-06-30,Ministry of Education,aria-required-attr,4,1
2026-06-30,Ministry of Education,aria-required-children,366,4
2026-06-30,Ministry of Education,aria-required-parent,180,2
2026-06-30,Ministry of Education,aria-valid-attr,3739,2
2026-06-30,Ministry of Education,aria-valid-attr-value,898,2
2026-06-30,Ministry of Education,button-name,504,5
2026-06-30,Ministry of Education,color-contrast,23287,23
2026-06-30,Ministry of Education,document-title,940,4
2026-06-30,Ministry of Education,frame-title,150,7
2026-06-30,Ministry of Education,html-has-lang,686,4
2026-06-30,Ministry of Education,image-alt,555,9
2026-06-30,Ministry of Education,label,217,3
2026-06-30,Ministry of Education,link-in-text-block,519,6
2026-06-30,Ministry of Education,link-name,2406,13
2026-06-30,Ministry of Education,list,172,6
2026-06-30,Ministry of Education,listitem,2111,6
2026-06-30,Ministry of Education,meta-viewport,65,3
2026-06-30,Ministry of Education,nested-interactive,1279,6
2026-06-30,Ministry of Education,role-img-alt,952,3
2026-06-30,Ministry of Education,scrollable-region-focusable,566,7
2026-06-30,Ministry of Education,select-name,8,1
2026-06-30,Ministry of Education,td-headers-attr,14,1
2026-06-30,Ministry of Education,valid-lang,4,1
2026-06-30,Ministry of Foreign Affairs and Trade,aria-allowed-attr,12,2
2026-06-30,Ministry of Foreign Affairs and Trade,aria-hidden-focus,18,1
2026-06-30,Ministry of Foreign Affairs and Trade,aria-valid-attr-value,8,1
2026-06-30,Ministry of Foreign Affairs and Trade,color-contrast,318,6
2026-06-30,Ministry of Foreign Affairs and Trade,document-title,2,1
2026-06-30,Ministry of Foreign Affairs and Trade,frame-title,20,1
2026-06-30,Ministry of Foreign Affairs and Trade,html-has-lang,1,1
2026-06-30,Ministry of Foreign Affairs and Trade,image-alt,2,1
2026-06-30,Ministry of Foreign Affairs and Trade,label,18,1
2026-06-30,Ministry of Foreign Affairs and Trade,link-in-text-block,50,3
2026-06-30,Ministry of Foreign Affairs and Trade,link-name,76,5
2026-06-30,Ministry of Foreign Affairs and Trade,meta-viewport,18,2
2026-06-30,Ministry of Foreign Affairs and Trade,role-img-alt,1,1
2026-06-30,Ministry of Foreign Affairs and Trade,scrollable-region-focusable,16,1
2026-06-30,Ministry of Foreign Affairs and Trade,select-name,24,1
2026-06-30,Ministry of Health,aria-allowed-attr,4,1
2026-06-30,Ministry of Health,aria-prohibited-attr,8,1
2026-06-30,Ministry of Health,color-contrast,97,2
2026-06-30,Ministry of Health,definition-list,16,1
2026-06-30,Ministry of Health,document-title,4,1
2026-06-30,Ministry of Health,html-has-lang,9,2
2026-06-30,Ministry of Health,input-image-alt,6,1
2026-06-30,Ministry of Health,label,8,1
2026-06-30,Ministry of Health,link-in-text-block,2,1
2026-06-30,Ministry of Health,link-name,4,1
2026-06-30,Ministry of Health,list,6,2
2026-06-30,Ministry of Health,meta-refresh,5,1
2026-06-30,Ministry of Health,scrollable-region-focusable,4,1
2026-06-30,Ministry of Health,select-name,8,1
2026-06-30,Ministry of Justice,aria-allowed-attr,212,1
2026-06-30,Ministry of Justice,aria-command-name,4,1
2026-06-30,Ministry of Justice,aria-input-field-name,6,1
2026-06-30,Ministry of Justice,aria-required-parent,8,1
2026-06-30,Ministry of Justice,color-contrast,1396,7
2026-06-30,Ministry of Justice,document-title,10,1
2026-06-30,Ministry of Justice,frame-title,92,3
2026-06-30,Ministry of Justice,html-has-lang,10,1
2026-06-30,Ministry of Justice,label,98,2
2026-06-30,Ministry of Justice,link-in-text-block,82,1
2026-06-30,Ministry of Justice,link-name,639,8
2026-06-30,Ministry of Justice,list,16,2
2026-06-30,Ministry of Justice,nested-interactive,94,3
2026-06-30,Ministry of Justice,scrollable-region-focusable,115,6
2026-06-30,Ministry of Justice,select-name,14,2
2026-06-30,Ministry of Social Development,aria-hidden-focus,2,1
2026-06-30,Ministry of Social Development,aria-input-field-name,48,2
2026-06-30,Ministry of Social Development,aria-required-attr,6,1
2026-06-30,Ministry of Social Development,aria-required-children,43,2
2026-06-30,Ministry of Social Development,aria-required-parent,1868,1
2026-06-30,Ministry of Social Development,color-contrast,5223,17
2026-06-30,Ministry of Social Development,document-title,219,3
2026-06-30,Ministry of Social Development,frame-title,62,3
2026-06-30,Ministry of Social Development,html-has-lang,95,7
2026-06-30,Ministry of Social Development,image-alt,1137,7
2026-06-30,Ministry of Social Development,label,16,3
2026-06-30,Ministry of Social Development,link-in-text-block,2,1
2026-06-30,Ministry of Social Development,link-name,151,10
2026-06-30,Ministry of Social Development,list,352,5
2026-06-30,Ministry of Social Development,listitem,212,2
2026-06-30,Ministry of Social Development,meta-viewport,638,2
2026-06-30,Ministry of Social Development,nested-interactive,30,2
2026-06-30,Ministry of Social Development,role-img-alt,98,1
2026-06-30,Ministry of Social Development,scrollable-region-focusable,56,4
2026-06-30,Ministry of Social Development,select-name,138,2
2026-06-30,Ministry of Social Development,valid-lang,2,1
2026-06-30,National Emergency Management Agency,frame-title,16,1
2026-06-30,National Emergency Management Agency,link-name,22,2
2026-06-30,Natural Hazards Commission,color-contrast,25,1
2026-06-30,Natural Hazards Commission,link-name,19,1
2026-06-30,Natural Hazards Commission,scrollable-region-focusable,7,1
2026-06-30,New Zealand Customs Service,aria-allowed-attr,4,1
2026-06-30,New Zealand Customs Service,color-contrast,101,2
2026-06-30,New Zealand Customs Service,html-has-lang,4,1
2026-06-30,New Zealand Customs Service,image-alt,10,1
2026-06-30,New Zealand Customs Service,label,8,1
2026-06-30,New Zealand Customs Service,link-name,604,1
2026-06-30,New Zealand Customs Service,list,10,1
2026-06-30,New Zealand Customs Service,nested-interactive,902,1
2026-06-30,New Zealand Customs Service,scrollable-region-focusable,1,1
2026-06-30,New Zealand Customs Service,select-name,4,1
2026-06-30,New Zealand Defence Force,aria-allowed-attr,4,1
2026-06-30,New Zealand Defence Force,aria-hidden-focus,620,3
2026-06-30,New Zealand Defence Force,aria-input-field-name,8,1
2026-06-30,New Zealand Defence Force,aria-required-children,16,1
2026-06-30,New Zealand Defence Force,aria-roles,8,1
2026-06-30,New Zealand Defence Force,aria-toggle-field-name,4,1
2026-06-30,New Zealand Defence Force,button-name,196,1
2026-06-30,New Zealand Defence Force,color-contrast,9849,8
2026-06-30,New Zealand Defence Force,frame-title,45,4
2026-06-30,New Zealand Defence Force,image-alt,1602,3
2026-06-30,New Zealand Defence Force,label,2,1
2026-06-30,New Zealand Defence Force,link-in-text-block,2607,4
2026-06-30,New Zealand Defence Force,link-name,7125,8
2026-06-30,New Zealand Defence Force,listitem,1756,2
2026-06-30,New Zealand Defence Force,meta-viewport,600,1
2026-06-30,New Zealand Defence Force,scrollable-region-focusable,131,6
2026-06-30,New Zealand Defence Force,select-name,86,4
2026-06-30,New Zealand Police,aria-allowed-attr,4,1
2026-06-30,New Zealand Police,button-name,22,1
2026-06-30,New Zealand Police,color-contrast,3,1
2026-06-30,New Zealand Police,document-title,1,1
2026-06-30,New Zealand Police,html-has-lang,1,1
2026-06-30,New Zealand Security Intelligence Service,autocomplete-valid,2,1
2026-06-30,Oranga Tamariki,aria-allowed-attr,2,1
2026-06-30,Oranga Tamariki,aria-input-field-name,14,1
2026-06-30,Oranga Tamariki,aria-required-attr,14,1
2026-06-30,Oranga Tamariki,aria-required-parent,48,1
2026-06-30,Oranga Tamariki,button-name,10,1
2026-06-30,Oranga Tamariki,color-contrast,16,3
2026-06-30,Oranga Tamariki,document-title,2,1
2026-06-30,Oranga Tamariki,html-has-lang,6,2
2026-06-30,Oranga Tamariki,image-alt,6,1
2026-06-30,Oranga Tamariki,link-name,34,2
2026-06-30,Oranga Tamariki,list,12,1
2026-06-30,Oranga Tamariki,nested-interactive,48,1
2026-06-30,Parliamentary Counsel Office,aria-required-parent,3208,1
2026-06-30,Parliamentary Counsel Office,aria-valid-attr-value,143,1
2026-06-30,Parliamentary Counsel Office,frame-title,18,1
2026-06-30,Parliamentary Counsel Office,image-alt,64,1
2026-06-30,Parliamentary Counsel Office,label,4,1
2026-06-30,Parliamentary Counsel Office,link-name,86,1
2026-06-30,Parliamentary Counsel Office,list,24,1
2026-06-30,Parliamentary Counsel Office,scrollable-region-focusable,310,1
2026-06-30,Public Service Commission,aria-allowed-attr,6,1
2026-06-30,Public Service Commission,aria-hidden-focus,601,1
2026-06-30,Public Service Commission,aria-input-field-name,28,1
2026-06-30,Public Service Commission,aria-progressbar-name,1,1
2026-06-30,Public Service Commission,aria-prohibited-attr,297,2
2026-06-30,Public Service Commission,aria-required-children,196,1
2026-06-30,Public Service Commission,aria-roles,2,1
2026-06-30,Public Service Commission,aria-valid-attr,107,2
2026-06-30,Public Service Commission,button-name,438,2
2026-06-30,Public Service Commission,color-contrast,6103,5
2026-06-30,Public Service Commission,frame-title,8,2
2026-06-30,Public Service Commission,html-has-lang,15,2
2026-06-30,Public Service Commission,html-lang-valid,600,1
2026-06-30,Public Service Commission,image-alt,4,2
2026-06-30,Public Service Commission,link-in-text-block,2030,6
2026-06-30,Public Service Commission,link-name,1984,10
2026-06-30,Public Service Commission,list,646,4
2026-06-30,Public Service Commission,listitem,1054,1
2026-06-30,Public Service Commission,meta-viewport,601,1
2026-06-30,Public Service Commission,scrollable-region-focusable,2857,6
2026-06-30,Public Service Commission,select-name,809,2
2026-06-30,Public Service Commission,valid-lang,10,1
2026-06-30,Serious Fraud Office,link-name,34,1
2026-06-30,Social Investment Agency,link-name,4,1
2026-06-30,Statistics New Zealand,aria-input-field-name,2,1
2026-06-30,Statistics New Zealand,aria-roles,36,1
2026-06-30,Statistics New Zealand,aria-valid-attr-value,2,1
2026-06-30,Statistics New Zealand,button-name,47,2
2026-06-30,Statistics New Zealand,color-contrast,2,1
2026-06-30,Statistics New Zealand,frame-title,20,2
2026-06-30,Statistics New Zealand,html-has-lang,28,2
2026-06-30,Statistics New Zealand,input-image-alt,26,1
2026-06-30,Statistics New Zealand,label,36,1
2026-06-30,Statistics New Zealand,link-in-text-block,388,1
2026-06-30,Statistics New Zealand,link-name,1728,3
2026-06-30,Statistics New Zealand,list,4,1
2026-06-30,Statistics New Zealand,nested-interactive,2,1
2026-06-30,Statistics New Zealand,scrollable-region-focusable,55,2
2026-06-30,Statistics New Zealand,select-name,10,1
2026-06-30,Te Puni Kōkiri,color-contrast,1,1
2026-06-30,Te Puni Kōkiri,link-name,2,1
2026-06-30,Te Tari Whakatau,document-title,2,1
2026-06-30,Te Tari Whakatau,link-name,12,1
2026-06-30,The Treasury,aria-allowed-attr,2,1
2026-06-30,The Treasury,aria-hidden-focus,600,2
2026-06-30,The Treasury,color-contrast,4651,4
2026-06-30,The Treasury,definition-list,2,1
2026-06-30,The Treasury,frame-title,4,1
2026-06-30,The Treasury,html-has-lang,6,1
2026-06-30,The Treasury,image-alt,4,1
2026-06-30,The Treasury,label,2,1
2026-06-30,The Treasury,link-in-text-block,10,2
2026-06-30,The Treasury,link-name,562,4
2026-06-30,The Treasury,list,182,5
2026-06-30,The Treasury,scrollable-region-focusable,987,4
2026-06-30,The Treasury,td-headers-attr,4,1
2026-06-30,Whaikaha,html-has-lang,1,1
2026-06-30,Whaikaha,link-name,36,2
