scan_date,base_url,organisation,sector,pages_scanned,axe_issues,axe_serious,axe_critical,axe_issue_rows,axe_template_rows,focus_issues,reflow_pages,reflow_issues,broken_urls,language_pages,language_mean_fk,language_mean_smog
2025-06-30,https://28maoribattalion.org.nz/,Ministry for Culture and Heritage,Public Service Departments,100,1702,1578,124,1702,1151,97,100,100,0,30,5.73,7.498
2025-06-30,https://acart.health.govt.nz/,Ministry of Health,Public Service Departments,64,20,12,8,20,8,0,0,0,0,44,10.247,13.167
2025-06-30,https://airforcemuseum.co.nz/,New Zealand Defence Force,Non-Public Service Departments,100,1380,1105,275,1380,598,181,11,11,0,162,8.825,11.292
2025-06-30,https://aml.dia.govt.nz/,Department of Internal Affairs,Public Service Departments,15,275,20,255,275,176,15,1,1,0,10,11.373,14.106
2025-06-30,https://annualreport2021.msd.govt.nz/,Ministry of Social Development,Public Service Departments,78,0,0,0,0,0,0,0,0,0,72,11.134,12.446
2025-06-30,https://anyquestions.govt.nz/,Department of Internal Affairs,Public Service Departments,100,7488,6524,964,7488,3467,9,29,29,0,182,5.742,9.247
2025-06-30,https://aotearoahistories.education.govt.nz/,Ministry of Education,Public Service Departments,11,33,33,0,33,8,22,4,4,0,14,9.888,12.78
2025-06-30,https://api.doc.govt.nz/,Department of Conservation,Public Service Departments,1,12,6,6,12,12,0,1,1,0,0,,
2025-06-30,https://api.msd.govt.nz/,Ministry of Social Development,Public Service Departments,12,3,3,0,3,3,51,2,2,0,12,9.57,11.702
2025-06-30,https://app.birdbanding.doc.govt.nz/,Department of Conservation,Public Service Departments,4,55,42,13,55,25,0,1,1,0,1,11.784,12.871
2025-06-30,https://app.businessregisters.govt.nz/,"Ministry of Business, Innovation and Employment",Public Service Departments,1,12,10,2,12,12,0,1,1,0,0,,
2025-06-30,https://applications.education.govt.nz/,Ministry of Education,Public Service Departments,100,475,443,32,475,100,759,100,100,0,74,8.442,11.073
2025-06-30,https://apply.justice.govt.nz/,Ministry of Justice,Public Service Departments,87,2275,2147,128,2275,189,730,67,67,0,112,7.788,11.168
2025-06-30,https://ar.getready.govt.nz/,National Emergency Management Agency,Public Service Departmental Agencies,59,0,0,0,0,0,5,0,0,0,70,0.683,4.495
2025-06-30,https://aria.stats.govt.nz/aria/,Statistics New Zealand,Public Service Departments,0,0,0,0,0,0,0,0,0,0,0,,
2025-06-30,https://aroturuki.govt.nz/,Aroturuki Tamariki,Crown Entities - Independent Crown Entities,100,28,28,0,28,26,99,56,56,0,166,10.425,12.454
2025-06-30,https://auctioneers.mbie.govt.nz/,"Ministry of Business, Innovation and Employment",Public Service Departments,100,222,200,22,222,24,68,0,0,0,174,8.053,11.453
2025-06-30,https://basemaps.linz.govt.nz/,Land Information New Zealand,Public Service Departments,1,7,0,7,7,7,2,0,0,0,0,,
2025-06-30,https://bdmhistoricalrecords.dia.govt.nz/,Department of Internal Affairs,Public Service Departments,27,137,65,72,137,42,3,27,27,0,24,5.428,8.873
2025-06-30,https://bdmonline.dia.govt.nz/,Department of Internal Affairs,Public Service Departments,11,22,22,0,22,2,0,11,11,0,6,6.188,9.347
2025-06-30,https://beyondordinary.nzic.govt.nz/,Government Communications Security Bureau,Public Service Departments,25,0,0,0,0,0,0,8,8,0,30,8.921,11.783
2025-06-30,https://blog.doc.govt.nz/,Department of Conservation,Public Service Departments,100,2422,2420,2,2422,675,202,1,1,0,70,7.493,10.067
2025-06-30,https://bookings.doc.govt.nz/web/,Department of Conservation,Public Service Departments,0,0,0,0,0,0,0,0,0,0,0,,
2025-06-30,https://budget.govt.nz/,The Treasury,Public Service Departments,100,19,19,0,19,6,21,0,0,0,30,10.967,13.618
2025-06-30,https://bullyingfree.nz/,Ministry of Education,Public Service Departments,100,4774,4756,18,4774,3056,671,100,100,0,130,8.261,11.47
2025-06-30,https://businessonlineservices.msd.govt.nz/bos/MSDProviderLogon.jsp,Ministry of Social Development,Public Service Departments,1,2,2,0,2,2,0,1,1,0,0,,
2025-06-30,https://cadetforces.org.nz/,New Zealand Defence Force,Non-Public Service Departments,19,0,0,0,0,0,0,19,19,0,34,10.664,12.569
2025-06-30,https://canterbury.royalcommission.govt.nz/,Department of Internal Affairs,Public Service Departments,100,476,276,200,476,36,100,100,100,0,120,11.22,13.48
2025-06-30,https://careers.corrections.govt.nz/,Department of Corrections,Public Service Departments,100,314,314,0,314,104,281,13,13,0,136,8.684,11.28
2025-06-30,https://careers.customs.govt.nz/home,New Zealand Customs Service,Public Service Departments,0,0,0,0,0,0,0,0,0,0,0,,
2025-06-30,https://careers.education.govt.nz/,Ministry of Education,Public Service Departments,7,14,14,0,14,6,0,4,4,0,8,9.565,12.057
2025-06-30,https://careers.linz.govt.nz/,Land Information New Zealand,Public Service Departments,15,69,69,0,69,20,48,0,0,0,8,9.549,12.608
2025-06-30,https://careers.regulation.govt.nz/,Ministry for Regulation,Public Service Departments,22,17,3,14,17,9,21,1,1,0,14,10.648,13.529
2025-06-30,https://catalogue.data.govt.nz/dataset,Public Service Commission,Public Service Departments,100,2955,2730,225,2955,823,100,3,3,0,10,7.234,10.766
2025-06-30,https://celebrants.dia.govt.nz/,Department of Internal Affairs,Public Service Departments,2,28,14,14,28,22,0,0,0,0,0,,
2025-06-30,https://centralagenciesjobs.cass.govt.nz/home,The Treasury,Public Service Departments,0,0,0,0,0,0,0,0,0,0,0,,
2025-06-30,https://certificates.services.govt.nz/,Department of Internal Affairs,Public Service Departments,3,0,0,0,0,0,5,0,0,0,2,7.689,10.565
2025-06-30,https://charts.linz.govt.nz/,Land Information New Zealand,Public Service Departments,0,0,0,0,0,0,0,0,0,0,0,,
2025-06-30,https://check.msd.govt.nz/,Ministry of Social Development,Public Service Departments,7,2,2,0,2,2,0,0,0,0,8,4.796,4.684
2025-06-30,https://chiefvictimsadvisor.justice.govt.nz/,Ministry of Justice,Public Service Departments,19,114,76,38,114,6,0,19,19,0,16,10.533,12.988
2025-06-30,https://christchurchattack.royalcommission.nz/,Department of Internal Affairs,Public Service Departments,100,45,43,2,45,33,14,24,24,0,152,10.887,13.453
2025-06-30,https://ci.getready.govt.nz/,National Emergency Management Agency,Public Service Departmental Agencies,100,0,0,0,0,0,0,35,35,0,114,5.923,5.551
2025-06-30,https://codehub.building.govt.nz/,"Ministry of Business, Innovation and Employment",Public Service Departments,100,163,160,3,163,92,0,30,30,0,62,8.058,11.363
2025-06-30,https://collections.archives.govt.nz/,Department of Internal Affairs,Public Service Departments,100,698,444,254,698,24,9,0,0,0,38,4.802,8.595
2025-06-30,https://companies-register.companiesoffice.govt.nz/,"Ministry of Business, Innovation and Employment",Public Service Departments,100,31,11,20,31,15,0,1,1,0,139,8.252,11.815
2025-06-30,https://consult.environment.govt.nz/,"Ministry of Cities, Environment, Regions and Transport",Public Service Departments,100,4,4,0,4,1,8,100,100,0,102,10.356,13.103
2025-06-30,https://consult.health.govt.nz/,Ministry of Health,Public Service Departments,100,5,5,0,5,1,0,2,2,0,118,10.171,12.901
2025-06-30,https://consultation.dpmc.govt.nz/,Department of the Prime Minister and Cabinet,Public Service Departments,38,1,1,0,1,1,0,38,38,0,34,11.21,14.048
2025-06-30,https://consultations.justice.govt.nz/,Ministry of Justice,Public Service Departments,100,1,1,0,1,1,2,100,100,0,110,9.299,12.371
2025-06-30,https://ct-register.companiesoffice.govt.nz/,"Ministry of Business, Innovation and Employment",Public Service Departments,60,40,20,20,40,12,0,3,3,0,74,7.649,10.93
2025-06-30,https://curriculumprogresstools.education.govt.nz/,Ministry of Education,Public Service Departments,36,1399,1280,119,1399,161,0,6,6,0,38,8.628,11.118
2025-06-30,https://data.govt.nz/,Public Service Commission,Public Service Departments,100,85,59,26,85,72,1,5,5,0,138,9.483,12.148
2025-06-30,https://data.linz.govt.nz/,Land Information New Zealand,Public Service Departments,100,631,277,354,631,139,61,0,0,0,2,8.213,11.12
2025-06-30,https://datainfoplus.stats.govt.nz/,Statistics New Zealand,Public Service Departments,0,0,0,0,0,0,0,0,0,0,0,,
2025-06-30,https://deathdocs.services.govt.nz/,Department of Internal Affairs,Public Service Departments,9,130,128,2,130,62,0,9,9,0,6,13.073,15.263
2025-06-30,https://debtmanagement.treasury.govt.nz/,The Treasury,Public Service Departments,0,0,0,0,0,0,0,0,0,0,0,,
2025-06-30,https://deptconservation.maps.arcgis.com/apps/webappviewer/index.html?id=4299ffa07de9451994681b43b60ad95b,Department of Conservation,Public Service Departments,1,2,0,2,2,2,2,0,0,0,0,,
2025-06-30,https://designsystem.education.govt.nz/,Ministry of Education,Public Service Departments,34,56,56,0,56,23,172,5,5,0,40,7.375,10.425
2025-06-30,https://devdata.mfat.govt.nz/,Ministry of Foreign Affairs and Trade,Public Service Departments,100,2308,283,2025,2308,1072,1578,0,0,0,2,10.585,13.281
2025-06-30,https://developers.realme.govt.nz/,Department of Internal Affairs,Public Service Departments,0,0,0,0,0,0,0,0,0,0,0,,
2025-06-30,https://dia.services.govt.nz/,Department of Internal Affairs,Public Service Departments,6,68,47,21,68,53,0,0,0,0,6,7.969,11.171
2025-06-30,https://digitalnz.org/,Department of Internal Affairs,Public Service Departments,100,1271,1125,146,1271,182,137,1,1,0,118,6.27,9.616
2025-06-30,https://disclose-register.companiesoffice.govt.nz/,"Ministry of Business, Innovation and Employment",Public Service Departments,100,42,20,22,42,12,0,1,1,0,129,8.555,11.745
2025-06-30,https://disclosure.legislation.govt.nz/,Parliamentary Counsel Office,Non-Public Service Departments,100,34,34,0,34,34,0,100,100,0,2,10.986,14.013
2025-06-30,https://dispute.employment.govt.nz/app/Extra/Employment/Default.aspx,"Ministry of Business, Innovation and Employment",Public Service Departments,1,13,12,1,13,13,2,1,1,0,0,,
2025-06-30,https://dispute.era.govt.nz/app/Extra/ERA/Default.aspx,"Ministry of Business, Innovation and Employment",Public Service Departments,1,4,3,1,4,4,2,0,0,0,0,,
2025-06-30,https://dispute.tenancy.govt.nz/app/Extra/TenancyTribunal/Default.aspx,"Ministry of Business, Innovation and Employment",Public Service Departments,1,6,5,1,6,6,2,1,1,0,0,,
2025-06-30,https://doc-deptconservation.opendata.arcgis.com/,Department of Conservation,Public Service Departments,32,64,64,0,64,2,11,0,0,0,0,,
2025-06-30,https://eab.business.govt.nz/employmentagreementbuilder/startscreen,"Ministry of Business, Innovation and Employment",Public Service Departments,1,0,0,0,0,0,0,0,0,0,0,,
2025-06-30,https://earlylearning.services.govt.nz/,Department of Internal Affairs,Public Service Departments,42,607,607,0,607,190,0,1,1,0,24,7.62,10.191
2025-06-30,https://ecart.health.govt.nz/,Ministry of Health,Public Service Departments,21,20,12,8,20,8,0,0,0,0,12,9.973,12.901
2025-06-30,https://encservice.linz.govt.nz/,Land Information New Zealand,Public Service Departments,0,0,0,0,0,0,0,0,0,0,0,,
2025-06-30,https://endoflife.services.govt.nz/,Department of Internal Affairs,Public Service Departments,10,272,90,182,272,187,21,10,10,0,4,9.949,12.828
2025-06-30,https://environment.govt.nz/,"Ministry of Cities, Environment, Regions and Transport",Public Service Departments,100,2696,44,2652,2696,71,0,12,12,0,100,9.518,11.975
2025-06-30,https://epbr.building.govt.nz/,"Ministry of Business, Innovation and Employment",Public Service Departments,1,20,6,14,20,7,1,1,1,0,0,,
2025-06-30,https://er.getready.govt.nz/,National Emergency Management Agency,Public Service Departmental Agencies,34,0,0,0,0,0,0,17,17,0,4,11.187,14.155
2025-06-30,https://es.getready.govt.nz/,National Emergency Management Agency,Public Service Departmental Agencies,100,0,0,0,0,0,6,6,6,0,110,2.154,6.111
2025-06-30,https://ethics.health.govt.nz/,Ministry of Health,Public Service Departments,100,78,14,64,78,66,0,6,6,0,64,9.42,12.433
2025-06-30,https://ethnicxchange.org.nz/,Ministry for Ethnic Communities,Public Service Departmental Agencies,1,0,0,0,0,0,2,0,0,0,2,7.88,11.139
2025-06-30,https://etuwhanau.org.nz/,Ministry of Social Development,Public Service Departments,100,286,146,140,286,170,768,9,9,0,136,8.264,11.128
2025-06-30,https://evaluationhub.education.govt.nz/,Ministry of Education,Public Service Departments,18,6,6,0,6,6,108,18,18,0,18,8.592,11.34
2025-06-30,https://explore.data.stats.govt.nz/,Statistics New Zealand,Public Service Departments,1,1,1,0,1,1,0,1,1,0,0,,
2025-06-30,https://exportcredit.treasury.govt.nz/,The Treasury,Public Service Departments,0,0,0,0,0,0,0,0,0,0,0,,
2025-06-30,https://fa-eqqg-saasfaprod1.fa.ocs.oraclecloud.com/hcmUI/CandidateExperience/en/sites/CX_1001/,Department of Internal Affairs,Public Service Departments,61,122,122,0,122,4,61,8,8,0,74,11.45,14.24
2025-06-30,https://fadc.govt.nz/,Financial Markets Authority,Crown Entities - Independent Crown Entities,16,135,119,16,135,60,17,8,8,0,10,10.726,14.047
2025-06-30,https://financialadvicecode.govt.nz,Financial Markets Authority,Crown Entities - Independent Crown Entities,11,116,105,11,116,40,11,0,0,0,4,11.117,14.423
2025-06-30,https://fintech.govt.nz,Financial Markets Authority,Crown Entities - Independent Crown Entities,8,25,25,0,25,12,0,0,0,0,14,10.055,12.733
2025-06-30,https://fsp-register.companiesoffice.govt.nz/,"Ministry of Business, Innovation and Employment",Public Service Departments,81,48,30,18,48,20,0,0,0,0,106,8.144,11.547
2025-06-30,https://ftp.doc.govt.nz/login,Department of Conservation,Public Service Departments,2,20,16,4,20,10,2,0,0,0,0,,
2025-06-30,https://fuelquality.tradingstandards.govt.nz/,"Ministry of Business, Innovation and Employment",Public Service Departments,24,155,121,34,155,40,65,2,2,0,32,10.605,13.036
2025-06-30,https://gazette.education.govt.nz/,Ministry of Education,Public Service Departments,100,4650,4366,284,4650,804,5,100,100,0,126,8.467,11.733
2025-06-30,https://gazette.govt.nz/,Public Service Commission,Public Service Departments,100,1248,648,600,1248,15,201,7,7,0,46,10.596,12.392
2025-06-30,https://gazetteer.linz.govt.nz/,Land Information New Zealand,Public Service Departments,1,0,0,0,0,0,0,0,0,0,0,,
2025-06-30,https://getready.govt.nz/,National Emergency Management Agency,Public Service Departmental Agencies,100,49,21,28,49,49,8,16,16,0,144,4.44,8.311
2025-06-30,https://gg.govt.nz/,Department of the Prime Minister and Cabinet,Public Service Departments,0,0,0,0,0,0,0,0,0,0,0,,
2025-06-30,https://globalresearchalliance.org/,Ministry for Primary Industries,Public Service Departments,1,10,8,2,10,10,20,1,1,0,0,,
2025-06-30,https://govtnz.github.io/web-a11y-guidance/,Public Service Commission,Public Service Departments,100,2,2,0,2,2,3,0,0,0,116,8.983,11.714
2025-06-30,https://granted.govt.nz/,Department of Internal Affairs,Public Service Departments,3,4,4,0,4,4,7,0,0,0,2,10.499,12.745
2025-06-30,https://gwn.govt.nz/,Public Service Commission,Public Service Departments,100,534,528,6,534,306,207,21,21,0,100,8.794,11.517
2025-06-30,https://health.nzdf.mil.nz/,New Zealand Defence Force,Non-Public Service Departments,100,1196,1178,18,1196,865,18,0,0,0,102,8.011,10.944
2025-06-30,https://healthed.govt.nz/,Health New Zealand,Crown Entities - Crown Agents,100,302,100,202,302,90,54,5,5,0,88,6.093,8.848
2025-06-30,https://hearings.courtsofnz.govt.nz/,Ministry of Justice,Public Service Departments,6,2,2,0,2,2,2,0,0,0,2,8.728,12.071
2025-06-30,https://hepikorua.education.govt.nz/,Ministry of Education,Public Service Departments,34,874,556,318,874,362,1,5,5,0,48,9.24,12.22
2025-06-30,https://hi.getready.govt.nz/,National Emergency Management Agency,Public Service Departmental Agencies,100,0,0,0,0,0,5,2,2,0,80,3.045,4.699
2025-06-30,https://humanrights.govt.nz/,Ministry of Justice,Public Service Departments,1,13,13,0,13,13,1,0,0,0,0,,
2025-06-30,https://inclusive.tki.org.nz/,Ministry of Education,Public Service Departments,100,4522,4336,186,4522,216,2,0,0,0,166,6.844,10.127
2025-06-30,https://infoshare.stats.govt.nz,Statistics New Zealand,Public Service Departments,13,274,202,72,274,88,2,13,13,0,0,,
2025-06-30,https://inspectorate.corrections.govt.nz/,Department of Corrections,Public Service Departments,100,394,394,0,394,363,4,100,100,0,128,11.94,14.232
2025-06-30,https://is-register.companiesoffice.govt.nz/,"Ministry of Business, Innovation and Employment",Public Service Departments,100,78,22,56,78,20,0,3,3,0,156,8.879,11.794
2025-06-30,https://iya.education.govt.nz/login,Ministry of Education,Public Service Departments,2,32,18,14,32,18,1,0,0,0,0,,
2025-06-30,https://ja.getready.govt.nz/,National Emergency Management Agency,Public Service Departmental Agencies,100,1,1,0,1,1,6,1,1,0,0,,
2025-06-30,https://jcc.govt.nz/,Ministry of Justice,Public Service Departments,5,194,184,10,194,88,13,2,2,0,8,10.617,12.905
2025-06-30,https://jobs.defence.govt.nz/home,Ministry of Defence,Public Service Departments,0,0,0,0,0,0,0,0,0,0,0,,
2025-06-30,https://jobs.govt.nz/,Public Service Commission,Public Service Departments,100,13,11,2,13,13,15,23,23,0,138,10.34,13.238
2025-06-30,https://jobs.mbie.govt.nz/,"Ministry of Business, Innovation and Employment",Public Service Departments,100,219,218,1,219,71,4,0,0,0,174,12.314,14.359
2025-06-30,https://jobs.msd.govt.nz/,Ministry of Social Development,Public Service Departments,100,627,318,309,627,98,0,84,84,0,167,9.532,11.875
2025-06-30,https://kaorakaako.education.govt.nz/,Ministry of Education,Public Service Departments,100,52,52,0,52,8,72,5,5,0,108,6.134,9.23
2025-06-30,https://katoatoa.mpp.govt.nz/,Ministry for Pacific Peoples,Public Service Departments,1,8,8,0,8,8,0,1,1,0,0,,
2025-06-30,https://kauwhatareo.govt.nz/,Ministry of Education,Public Service Departments,100,936,817,119,936,111,341,0,0,0,56,6.507,8.111
2025-06-30,https://kowhiti-whakapae.education.govt.nz/,Ministry of Education,Public Service Departments,100,241,241,0,241,26,0,1,1,0,112,10.182,12.544
2025-06-30,https://kupe.net.nz/,Cancer Control Agency,Public Service Departmental Agencies,17,382,346,36,382,79,114,17,17,0,18,7.414,9.337
2025-06-30,https://learning.building.govt.nz/,"Ministry of Business, Innovation and Employment",Public Service Departments,100,1001,835,166,1001,117,12,0,0,0,8,9.311,12.049
2025-06-30,https://learning.procurement.govt.nz/,"Ministry of Business, Innovation and Employment",Public Service Departments,54,444,182,262,444,89,3,54,54,0,26,9.328,12.418
2025-06-30,https://learning.tradingstandards.govt.nz/login/,"Ministry of Business, Innovation and Employment",Public Service Departments,2,28,28,0,28,14,0,0,0,0,0,,
2025-06-30,https://learningfromhome.govt.nz/,Ministry of Education,Public Service Departments,100,461,161,300,461,156,600,3,3,0,46,7.915,10.692
2025-06-30,https://lp-register.companiesoffice.govt.nz/,"Ministry of Business, Innovation and Employment",Public Service Departments,90,54,26,28,54,16,0,2,2,0,114,9.033,12.495
2025-06-30,https://lrs.linz.govt.nz/search/,Land Information New Zealand,Public Service Departments,1,6,4,2,6,6,0,0,0,0,1,6.467,9.424
2025-06-30,https://lsfdashboard.treasury.govt.nz/wellbeing/,The Treasury,Public Service Departments,1,58,56,2,58,58,18,0,0,0,2,8.243,11.284
2025-06-30,https://maca-nds.maps.arcgis.com/home/index.html,Te Tari Whakatau,Public Service Departmental Agencies,4,6,3,3,6,5,4,0,0,0,0,,
2025-06-30,https://mahi.corrections.govt.nz/,Department of Corrections,Public Service Departments,24,71,71,0,71,33,10,19,19,0,20,11.406,13.927
2025-06-30,https://mahi.orangatamariki.govt.nz/home,Oranga Tamariki,Public Service Departments,0,0,0,0,0,0,0,0,0,0,0,,
2025-06-30,https://marinebiosecurity.org.nz/,Ministry for Primary Industries,Public Service Departments,72,586,172,414,586,36,18,33,33,0,96,9.231,11.935
2025-06-30,https://mbienz.shinyapps.io/labour-market-dashboard_prod/,"Ministry of Business, Innovation and Employment",Public Service Departments,0,0,0,0,0,0,0,0,0,0,0,,
2025-06-30,https://mbienz.shinyapps.io/migration_data_explorer/,"Ministry of Business, Innovation and Employment",Public Service Departments,0,0,0,0,0,0,0,0,0,0,0,,
2025-06-30,https://mbienz.shinyapps.io/RegionalFactsheets/,"Ministry of Business, Innovation and Employment",Public Service Departments,0,0,0,0,0,0,0,0,0,0,0,,
2025-06-30,https://mentalhealth.inquiry.govt.nz/,Department of Internal Affairs,Public Service Departments,100,730,630,100,730,32,8,33,33,0,112,11.115,13.709
2025-06-30,https://mi.getready.govt.nz/,National Emergency Management Agency,Public Service Departmental Agencies,100,0,0,0,0,0,2,15,15,0,102,2.144,4.669
2025-06-30,https://mineplans.nzpam.govt.nz/,"Ministry of Business, Innovation and Employment",Public Service Departments,1,7,3,4,7,7,6,0,0,0,2,11.476,13.312
2025-06-30,https://minhealthnz.shinyapps.io/national-gambling-study-data-explorer/,Ministry of Health,Public Service Departments,0,0,0,0,0,0,0,0,0,0,0,,
2025-06-30,https://minhealthnz.shinyapps.io/nz-health-survey-2022-23-mental-health-data-explorer/,Ministry of Health,Public Service Departments,0,0,0,0,0,0,0,0,0,0,0,,
2025-06-30,https://minhealthnz.shinyapps.io/WhakamauaDashboard/,Ministry of Health,Public Service Departments,0,0,0,0,0,0,0,0,0,0,0,,
2025-06-30,https://ministrycareers.education.govt.nz,Ministry of Education,Public Service Departments,100,847,447,400,847,125,2,100,100,0,184,11.938,14.334
2025-06-30,https://my.health.nz/,Health New Zealand,Crown Entities - Crown Agents,5,0,0,0,0,0,0,0,0,0,6,9.347,11.755
2025-06-30,https://my.msd.govt.nz/,Ministry of Social Development,Public Service Departments,8,16,16,0,16,16,60,0,0,0,4,8.435,11.341
2025-06-30,https://my.studylink.govt.nz/my/studylink/help/general-info.html,Ministry of Social Development,Public Service Departments,13,52,52,0,52,28,26,13,13,0,20,7.212,10.085
2025-06-30,https://my.studylink.govt.nz/mystudylink/logon.html,Ministry of Social Development,Public Service Departments,1,6,6,0,6,6,2,1,1,0,0,,
2025-06-30,https://my.studylink.govt.nz/mystudylink/logon_mobile.html,Ministry of Social Development,Public Service Departments,1,2,2,0,2,2,0,0,0,0,0,,
2025-06-30,https://natlib.govt.nz/,Department of Internal Affairs,Public Service Departments,100,997,50,947,997,886,7,4,4,0,126,9.113,12.013
2025-06-30,https://navymuseum.co.nz/,New Zealand Defence Force,Non-Public Service Departments,100,3249,2419,830,3249,640,944,21,21,0,179,7.35,10.523
2025-06-30,https://ncea.education.govt.nz/,Ministry of Education,Public Service Departments,100,76,76,0,76,12,10,13,13,0,114,8.302,10.588
2025-06-30,https://neac.health.govt.nz/,Ministry of Health,Public Service Departments,91,22,12,10,22,8,0,12,12,0,90,12.352,14.716
2025-06-30,https://nu.getready.govt.nz/,National Emergency Management Agency,Public Service Departmental Agencies,58,0,0,0,0,0,2,20,20,0,94,4.092,6.419
2025-06-30,https://nzeta.immigration.govt.nz/,"Ministry of Business, Innovation and Employment",Public Service Departments,1,15,15,0,15,14,0,0,0,0,0,,
2025-06-30,https://nzhistory.govt.nz/,Ministry for Culture and Heritage,Public Service Departments,100,3921,1192,2729,3921,1941,96,6,6,0,168,8.314,11.294
2025-06-30,https://nzism.gcsb.govt.nz/,Government Communications Security Bureau,Public Service Departments,35,2,2,0,2,2,0,16,16,0,28,11.876,14.236
2025-06-30,https://nzsar-resources.org.nz/,"Ministry of Cities, Environment, Regions and Transport",Public Service Departments,25,136,20,116,136,13,66,22,22,0,6,12.965,14.952
2025-06-30,https://nzsl.getready.govt.nz/,National Emergency Management Agency,Public Service Departmental Agencies,44,0,0,0,0,0,10,1,1,0,66,5.554,9.1
2025-06-30,https://nztcs.org.nz/,Department of Conservation,Public Service Departments,100,2269,1740,529,2269,884,9,10,10,0,42,6.995,10.06
2025-06-30,https://oio.linz.govt.nz/,Land Information New Zealand,Public Service Departments,0,0,0,0,0,0,0,0,0,0,0,,
2025-06-30,https://onlineservices.immigration.govt.nz/,"Ministry of Business, Innovation and Employment",Public Service Departments,0,0,0,0,0,0,0,0,0,0,0,,
2025-06-30,https://onzpr.mpi.govt.nz/,Ministry for Primary Industries,Public Service Departments,7,0,0,0,0,0,0,7,7,0,0,,
2025-06-30,https://operationburnham.inquiry.govt.nz/,Department of Internal Affairs,Public Service Departments,84,793,709,84,793,21,1,11,11,0,60,11.881,14.119
2025-06-30,https://order.healthpromotion.govt.nz/,Health New Zealand,Crown Entities - Crown Agents,100,1219,1209,10,1219,282,1,9,9,0,50,8.943,11.743
2025-06-30,https://pa.getready.govt.nz/,National Emergency Management Agency,Public Service Departmental Agencies,59,0,0,0,0,0,7,2,2,0,78,2.786,4.599
2025-06-30,https://paekupu.co.nz/,Ministry of Education,Public Service Departments,100,633,542,91,633,63,1353,14,14,0,18,2.558,6.367
2025-06-30,https://paperspast.natlib.govt.nz/,Department of Internal Affairs,Public Service Departments,100,727,688,39,727,198,0,100,100,0,125,6.723,9.013
2025-06-30,https://paymyinfringement.doc.govt.nz/,Department of Conservation,Public Service Departments,1,0,0,0,0,0,2,0,0,0,0,,
2025-06-30,https://permits-licences.doc.govt.nz/,Department of Conservation,Public Service Departments,2,0,0,0,0,0,0,0,0,0,0,,
2025-06-30,https://piersearch.mpi.govt.nz/,Ministry for Primary Industries,Public Service Departments,16,10,6,4,10,8,2,16,16,0,0,,
2025-06-30,https://pikeriver.royalcommission.govt.nz/,Department of Internal Affairs,Public Service Departments,64,130,130,0,130,14,128,64,64,0,80,9.65,12.615
2025-06-30,https://pitau.mbie.govt.nz/,"Ministry of Business, Innovation and Employment",Public Service Departments,2,0,0,0,0,0,0,1,1,0,2,11.254,12.603
2025-06-30,https://pjsp.govt.nz/,Ministry of Justice,Public Service Departments,100,6,6,0,6,6,43,0,0,0,28,8.445,11.355
2025-06-30,https://pld.education.govt.nz/,Ministry of Education,Public Service Departments,74,1139,721,418,1139,328,570,23,23,0,92,10.929,12.625
2025-06-30,https://poolinspectors.mbie.govt.nz/,"Ministry of Business, Innovation and Employment",Public Service Departments,25,74,52,22,74,26,0,2,2,0,28,9.862,13.155
2025-06-30,https://portal.api.business.govt.nz/,"Ministry of Business, Innovation and Employment",Public Service Departments,6,45,27,18,45,25,0,6,6,0,2,8.832,12.059
2025-06-30,https://portal.apis.stats.govt.nz/,Statistics New Zealand,Public Service Departments,6,78,22,56,78,28,0,0,0,0,4,7.029,10.157
2025-06-30,https://powerupplus.education.govt.nz/,Ministry of Education,Public Service Departments,1,14,12,2,14,14,0,0,0,0,0,,
2025-06-30,https://ppsr.companiesoffice.govt.nz/,"Ministry of Business, Innovation and Employment",Public Service Departments,75,50,18,32,50,10,0,1,1,0,110,7.876,10.757
2025-06-30,https://practice.orangatamariki.govt.nz/,Oranga Tamariki,Public Service Departments,100,180,8,172,180,8,211,19,19,0,108,8.336,11.698
2025-06-30,https://providinginformation.nzsis.govt.nz/,New Zealand Security Intelligence Service,Public Service Departments,1,2,2,0,2,2,0,0,0,0,0,,
2025-06-30,https://readingambassador.nz/,Department of Internal Affairs,Public Service Departments,49,88,88,0,88,82,3,49,49,0,72,7.157,10.098
2025-06-30,https://register.charities.govt.nz/CharitiesRegister/Search,Department of Internal Affairs,Public Service Departments,0,0,0,0,0,0,0,0,0,0,0,,
2025-06-30,https://resources.alcohol.org.nz/,Health New Zealand,Crown Entities - Crown Agents,100,114,10,104,114,15,220,1,1,0,70,10.233,13.16
2025-06-30,https://rrf.rsm.govt.nz/ui?state=1,"Ministry of Business, Innovation and Employment",Public Service Departments,1,3,3,0,3,3,0,0,0,0,0,,
2025-06-30,https://rtab.tenancy.govt.nz/tenancybuilder/startscreen,"Ministry of Business, Innovation and Employment",Public Service Departments,1,0,0,0,0,0,0,0,0,0,1,11.423,14.349
2025-06-30,https://school-leavers-toolkit.education.govt.nz/,Ministry of Education,Public Service Departments,65,270,270,0,270,211,14,5,5,0,92,6.018,7.597
2025-06-30,https://services-exporter-tool.govt.nz/,Ministry of Foreign Affairs and Trade,Public Service Departments,4,6,6,0,6,4,0,4,4,0,0,,
2025-06-30,https://services.workandincome.govt.nz/ua/supplier_registration,Ministry of Social Development,Public Service Departments,2,0,0,0,0,0,0,0,0,0,0,,
2025-06-30,https://sexualviolence.victimsinfo.govt.nz/,Ministry of Justice,Public Service Departments,46,704,152,552,704,56,603,46,46,0,59,6.668,8.279
2025-06-30,https://skillfinder.immigration.govt.nz/,"Ministry of Business, Innovation and Employment",Public Service Departments,1,12,12,0,12,12,0,0,0,0,0,,
2025-06-30,https://sm.getready.govt.nz/,National Emergency Management Agency,Public Service Departmental Agencies,100,0,0,0,0,0,1,25,25,0,96,3.124,5.758
2025-06-30,https://smartstart.services.govt.nz/,Department of Internal Affairs,Public Service Departments,33,473,346,127,473,58,73,33,33,0,24,7.521,10.633
2025-06-30,https://storymaps.arcgis.com/stories/907003437c504c9e9402420d05d59aeb,Department of Conservation,Public Service Departments,1,0,0,0,0,0,2,0,0,0,1,8.053,10.626
2025-06-30,https://support.api.business.govt.nz/s/,"Ministry of Business, Innovation and Employment",Public Service Departments,22,128,128,0,128,60,182,20,20,0,20,9.455,12.177
2025-06-30,https://takatu.civildefence.govt.nz/,National Emergency Management Agency,Public Service Departmental Agencies,2,4,4,0,4,2,4,0,0,0,0,,
2025-06-30,https://tatai.maori.nz/,Ministry of Health,Public Service Departments,4,65,65,0,65,40,0,1,1,0,2,10.316,12.866
2025-06-30,https://teaho.govt.nz/,Cancer Control Agency,Public Service Departmental Agencies,100,5120,4454,666,5120,1239,38,3,3,0,146,9.282,11.73
2025-06-30,https://teara.govt.nz/,Ministry for Culture and Heritage,Public Service Departments,100,22149,21925,224,22149,1983,88,26,26,0,156,7.26,10.139
2025-06-30,https://tehaeata.govt.nz/nau-mai-haere-mai-ki-te-haeata?destination=/kia-ora,Te Puni Kōkiri,Public Service Departments,9,3,1,2,3,3,9,4,4,0,2,7.847,11.024
2025-06-30,https://tehekemai.co.nz/,Ministry of Social Development,Public Service Departments,3,23,23,0,23,11,2,0,0,0,4,11.741,13.218
2025-06-30,https://terito.govt.nz/,Ministry of Education,Public Service Departments,16,85,85,0,85,8,3,1,1,0,18,7.762,11.004
2025-06-30,https://thehub.sia.govt.nz/,Social Investment Agency,Public Service Departments,100,1537,757,780,1537,60,12,3,3,0,106,10.271,12.921
2025-06-30,https://theinteryeti.govt.nz/,Department of Internal Affairs,Public Service Departments,1,4,0,4,4,4,1,0,0,0,0,,
2025-06-30,https://tl.getready.govt.nz/,National Emergency Management Agency,Public Service Departmental Agencies,100,0,0,0,0,0,7,13,13,0,94,2.717,6.191
2025-06-30,https://to.getready.govt.nz/,National Emergency Management Agency,Public Service Departmental Agencies,100,0,0,0,0,0,1,12,12,0,106,5.263,5.776
2025-06-30,https://tools.summaries.stats.govt.nz/,Statistics New Zealand,Public Service Departments,2,60,0,60,60,55,30,2,2,0,12,10.146,12.218
2025-06-30,https://tools.tenancy.govt.nz/heating-tool,"Ministry of Business, Innovation and Employment",Public Service Departments,1,0,0,0,0,0,0,0,0,0,0,,
2025-06-30,https://trademeasurement.tradingstandards.govt.nz/,"Ministry of Business, Innovation and Employment",Public Service Departments,100,698,536,162,698,78,165,1,1,0,150,9.891,12.792
2025-06-30,https://treaties.mfat.govt.nz/,Ministry of Foreign Affairs and Trade,Public Service Departments,6,120,66,54,120,75,91,0,0,0,6,10.02,12.143
2025-06-30,https://tuiaeducation.org.nz/,Ministry of Education,Public Service Departments,15,342,342,0,342,232,0,0,0,0,20,7.192,10.759
2025-06-30,https://vacancies.mfat.govt.nz/,Ministry of Foreign Affairs and Trade,Public Service Departments,1,15,13,2,15,15,2,0,0,0,2,8.018,10.324
2025-06-30,https://victimsinfo.govt.nz/,Ministry of Justice,Public Service Departments,39,16,16,0,16,16,0,39,39,0,14,8.466,8.473
2025-06-30,https://vietnamwar.govt.nz/,Ministry for Culture and Heritage,Public Service Departments,100,658,240,418,658,223,195,45,45,0,40,8.338,11.319
2025-06-30,https://webarchive.natlib.govt.nz/,Department of Internal Affairs,Public Service Departments,6,80,77,3,80,42,0,1,1,0,6,8.784,11.84
2025-06-30,https://webrear.mbie.govt.nz/summary/new-zealand,"Ministry of Business, Innovation and Employment",Public Service Departments,1,27,22,5,27,27,16,0,0,0,2,6.717,9.151
2025-06-30,https://whakatau.govt.nz/,Te Tari Whakatau,Public Service Departmental Agencies,100,5518,5514,4,5518,1741,4,55,55,0,120,8.999,12.272
2025-06-30,https://wheturangitia.services.govt.nz/,Department of Internal Affairs,Public Service Departments,47,940,906,34,940,270,404,7,7,0,86,9.93,12.529
2025-06-30,https://workforce.education.govt.nz,Ministry of Education,Public Service Departments,100,56,56,0,56,49,0,1,1,0,148,8.531,11.391
2025-06-30,https://workplacerepository.mbie.govt.nz/,"Ministry of Business, Innovation and Employment",Public Service Departments,6,0,0,0,0,0,0,4,4,0,4,11.528,14.427
2025-06-30,https://wpb.business.govt.nz/workplacepolicybuilder/startscreen,"Ministry of Business, Innovation and Employment",Public Service Departments,1,0,0,0,0,0,0,0,0,0,0,,
2025-06-30,https://www.7726.govt.nz/,Department of Internal Affairs,Public Service Departments,6,16,16,0,16,6,82,0,0,0,2,10.095,13.054
2025-06-30,https://www.abuseincare.org.nz/,Department of Internal Affairs,Public Service Departments,100,259,139,120,259,40,838,6,6,0,134,9.358,11.639
2025-06-30,https://www.abuseinquiryresponse.govt.nz/,Public Service Commission,Public Service Departments,100,40,0,40,40,40,0,26,26,0,118,9.328,12.254
2025-06-30,https://www.alcohol.org.nz/,Health New Zealand,Crown Entities - Crown Agents,98,108,10,98,108,11,193,3,3,0,124,5.923,8.343
2025-06-30,https://www.archives.govt.nz/,Department of Internal Affairs,Public Service Departments,100,545,329,216,545,25,969,0,0,0,110,9.097,11.733
2025-06-30,https://www.areyouok.org.nz/,Ministry of Social Development,Public Service Departments,79,209,85,124,209,120,4,0,0,0,78,7.607,9.472
2025-06-30,https://www.armymuseum.co.nz/,New Zealand Defence Force,Non-Public Service Departments,100,4086,3261,825,4086,1076,397,5,5,0,112,10.037,12.142
2025-06-30,https://www.ata.govt.nz/web/cms_ata.nsf/,Department of Internal Affairs,Public Service Departments,62,360,236,124,360,10,0,62,62,0,92,11.477,13.735
2025-06-30,https://www.beehive.govt.nz/,Department of Internal Affairs,Public Service Departments,100,884,676,208,884,213,445,2,2,0,162,9.583,12.096
2025-06-30,https://www.betterrules.govt.nz/,"Ministry of Business, Innovation and Employment",Public Service Departments,6,22,16,6,22,9,21,0,0,0,6,11.378,13.738
2025-06-30,https://www.bionet.nz/,Ministry for Primary Industries,Public Service Departments,60,578,514,64,578,153,62,3,3,0,60,7.678,10.923
2025-06-30,https://www.boardappointments.co.nz/,The Treasury,Public Service Departments,0,0,0,0,0,0,0,0,0,0,0,,
2025-06-30,https://www.building.govt.nz/,"Ministry of Business, Innovation and Employment",Public Service Departments,100,1618,612,1006,1618,36,3,7,7,0,162,9.124,11.797
2025-06-30,https://www.business.govt.nz/,"Ministry of Business, Innovation and Employment",Public Service Departments,0,8,3,5,8,8,1,0,0,0,0,,
2025-06-30,https://www.cadetnet.org.nz/,New Zealand Defence Force,Non-Public Service Departments,0,0,0,0,0,0,0,0,0,0,0,,
2025-06-30,https://www.canibuildit.govt.nz/,"Ministry of Business, Innovation and Employment",Public Service Departments,40,0,0,0,0,0,0,0,0,0,42,8.046,10.876
2025-06-30,https://www.canopy.govt.nz/,Ministry for Primary Industries,Public Service Departments,100,118,112,6,118,14,117,0,0,0,94,6.968,9.927
2025-06-30,https://www.changeispossible.org.nz/,Ministry of Social Development,Public Service Departments,100,500,140,360,500,88,0,2,2,0,70,4.015,7.956
2025-06-30,https://www.charities.govt.nz/,Department of Internal Affairs,Public Service Departments,100,6522,6048,474,6522,724,194,0,0,0,144,9.183,12.708
2025-06-30,https://www.charterschools.govt.nz/,Charter School Agency,Public Service Departmental Agencies,20,4,4,0,4,4,9,2,2,0,24,9.382,12.11
2025-06-30,https://www.childrensday.org.nz/,Oranga Tamariki,Public Service Departments,4,0,0,0,0,0,0,0,0,0,6,5.272,9.068
2025-06-30,https://www.chra.hud.govt.nz/,"Ministry of Cities, Environment, Regions and Transport",Public Service Departments,41,545,340,205,545,69,0,41,41,0,32,11.283,13.757
2025-06-30,https://www.christchurchappealtrust.org.nz,Department of Internal Affairs,Public Service Departments,25,576,526,50,576,183,56,25,25,0,38,9.415,12.22
2025-06-30,https://www.civildefence.govt.nz/,National Emergency Management Agency,Public Service Departmental Agencies,100,20,18,2,20,20,6,0,0,0,97,10.887,13.425
2025-06-30,https://www.communitymatters.govt.nz/,Department of Internal Affairs,Public Service Departments,100,1968,1398,570,1968,376,0,0,0,0,88,8.679,11.694
2025-06-30,https://www.companies.gov.nu/,"Ministry of Business, Innovation and Employment",Public Service Departments,27,9,9,0,9,6,0,2,2,0,25,8.549,12.439
2025-06-30,https://www.companiesoffice.govt.nz/,"Ministry of Business, Innovation and Employment",Public Service Departments,69,53,41,12,53,11,0,5,5,0,54,8.88,11.841
2025-06-30,https://www.companiesoffice.govt.nz/all-registers/approved-overseas-auditors-and-associations-of-accountants/,"Ministry of Business, Innovation and Employment",Public Service Departments,23,0,0,0,0,0,0,1,1,0,6,11.169,14.393
2025-06-30,https://www.companiesoffice.govt.nz/all-registers/auditors/,"Ministry of Business, Innovation and Employment",Public Service Departments,14,0,0,0,0,0,0,0,0,0,6,11.417,14.454
2025-06-30,https://www.companiesoffice.govt.nz/all-registers/building-societies/,"Ministry of Business, Innovation and Employment",Public Service Departments,7,0,0,0,0,0,0,0,0,0,8,9.525,12.414
2025-06-30,https://www.companiesoffice.govt.nz/all-registers/contributory-mortgage-brokers/,"Ministry of Business, Innovation and Employment",Public Service Departments,3,0,0,0,0,0,0,0,0,0,2,7.724,10.524
2025-06-30,https://www.companiesoffice.govt.nz/all-registers/credit-unions/,"Ministry of Business, Innovation and Employment",Public Service Departments,8,0,0,0,0,0,0,0,0,0,4,9.946,13.006
2025-06-30,https://www.companiesoffice.govt.nz/all-registers/friendly-societies/,"Ministry of Business, Innovation and Employment",Public Service Departments,8,2,2,0,2,2,0,0,0,0,6,9.454,12.759
2025-06-30,https://www.companiesoffice.govt.nz/all-registers/industrial-and-provident-societies/,"Ministry of Business, Innovation and Employment",Public Service Departments,6,0,0,0,0,0,0,0,0,0,10,12.276,14.997
2025-06-30,https://www.companiesoffice.govt.nz/all-registers/insolvency-practitioners/,"Ministry of Business, Innovation and Employment",Public Service Departments,21,2,2,0,2,2,0,0,0,0,22,12.442,14.707
2025-06-30,https://www.companiesoffice.govt.nz/all-registers/overseas-issuers/,"Ministry of Business, Innovation and Employment",Public Service Departments,6,0,0,0,0,0,0,0,0,0,6,11.246,14.511
2025-06-30,https://www.companiesoffice.govt.nz/all-registers/participatory-securities/,"Ministry of Business, Innovation and Employment",Public Service Departments,1,0,0,0,0,0,0,0,0,0,0,,
2025-06-30,https://www.companiesoffice.govt.nz/all-registers/registered-unions/,"Ministry of Business, Innovation and Employment",Public Service Departments,21,2,0,2,2,2,0,0,0,0,20,9.665,12.435
2025-06-30,https://www.companiesoffice.govt.nz/all-registers/retirement-villages/,"Ministry of Business, Innovation and Employment",Public Service Departments,31,24,24,0,24,2,0,0,0,0,32,9.683,12.81
2025-06-30,https://www.companiesoffice.govt.nz/all-registers/superannuation-schemes/,"Ministry of Business, Innovation and Employment",Public Service Departments,1,0,0,0,0,0,0,0,0,0,0,,
2025-06-30,https://www.companiesoffice.govt.nz/all-registers/unit-trusts/,"Ministry of Business, Innovation and Employment",Public Service Departments,1,0,0,0,0,0,0,0,0,0,0,,
2025-06-30,https://www.connect.co.nz/,Ministry of Social Development,Public Service Departments,5,2,2,0,2,2,1,2,2,0,4,6.433,9.864
2025-06-30,https://www.consumerprotection.govt.nz/,"Ministry of Business, Innovation and Employment",Public Service Departments,100,320,268,52,320,141,11,7,7,0,94,7.413,10.607
2025-06-30,https://www.corrections.govt.nz/,Department of Corrections,Public Service Departments,100,191,182,9,191,93,100,100,100,0,90,10.952,13.326
2025-06-30,https://www.courtsofnz.govt.nz/,Ministry of Justice,Public Service Departments,100,62,62,0,62,41,582,6,6,0,98,9.942,12.647
2025-06-30,https://www.covid19lessons.royalcommission.nz/,Department of Internal Affairs,Public Service Departments,100,23,13,10,23,17,258,9,9,0,152,11.386,13.498
2025-06-30,https://www.crownlaw.govt.nz/,Crown Law Office,Public Service Departments,81,6216,6054,162,6216,1645,81,0,0,0,132,11.275,13.738
2025-06-30,https://www.customs.govt.nz/,New Zealand Customs Service,Public Service Departments,100,518,508,10,518,23,857,6,6,0,98,9.014,11.696
2025-06-30,https://www.defence.govt.nz/,Ministry of Defence,Public Service Departments,100,40,4,36,40,6,5,3,3,0,144,11.433,13.778
2025-06-30,https://www.defencecareers.mil.nz/,New Zealand Defence Force,Non-Public Service Departments,100,143,117,26,143,30,23,43,43,0,138,8.5,11.569
2025-06-30,https://www.depression.org.nz,Health New Zealand,Crown Entities - Crown Agents,51,60,14,46,60,8,8,1,1,0,78,7.534,10.082
2025-06-30,https://www.dia.govt.nz/,Department of Internal Affairs,Public Service Departments,100,340,340,0,340,180,2,100,100,0,126,10.372,13.279
2025-06-30,https://www.digital.govt.nz/,Public Service Commission,Public Service Departments,100,0,0,0,0,0,1,1,1,0,76,9.719,12.539
2025-06-30,https://www.disabilitysupport.govt.nz/,Ministry of Social Development,Public Service Departments,100,15,15,0,15,15,0,0,0,0,122,9.738,12.446
2025-06-30,https://www.disputestribunal.govt.nz/,Ministry of Justice,Public Service Departments,24,52,52,0,52,4,2,24,24,0,16,5.436,9.088
2025-06-30,https://www.districtcourts.govt.nz/,Ministry of Justice,Public Service Departments,100,3219,1879,1340,3219,1230,3,9,9,0,134,10.424,12.822
2025-06-30,https://www.doc.govt.nz/,Department of Conservation,Public Service Departments,100,62,56,6,62,20,8,96,96,0,66,7.298,10.291
2025-06-30,https://www.dpmc.govt.nz/,Department of the Prime Minister and Cabinet,Public Service Departments,0,0,0,0,0,0,0,0,0,0,0,,
2025-06-30,https://www.education.govt.nz/,Ministry of Education,Public Service Departments,100,214,178,36,214,55,496,0,0,0,106,7.932,11.177
2025-06-30,https://www.educationcounts.govt.nz/home,Ministry of Education,Public Service Departments,0,0,0,0,0,0,0,0,0,0,0,,
2025-06-30,https://www.einvoicing.govt.nz/,"Ministry of Business, Innovation and Employment",Public Service Departments,100,397,287,110,397,37,314,2,2,0,128,8.963,12.126
2025-06-30,https://www.employment.govt.nz/,"Ministry of Business, Innovation and Employment",Public Service Departments,100,30,30,0,30,24,0,0,0,0,174,9.168,12.78
2025-06-30,https://www.employmentcourt.govt.nz/,Ministry of Justice,Public Service Departments,83,176,176,0,176,12,2,83,83,0,112,16.118,16.031
2025-06-30,https://www.environmentcourt.govt.nz/,Ministry of Justice,Public Service Departments,75,168,168,0,168,20,1,75,75,0,30,8.947,12.077
2025-06-30,https://www.era.govt.nz/,"Ministry of Business, Innovation and Employment",Public Service Departments,31,0,0,0,0,0,4,0,0,0,28,9.086,12.062
2025-06-30,https://www.ethniccommunities.govt.nz/,Ministry for Ethnic Communities,Public Service Departmental Agencies,100,1716,916,800,1716,146,12,100,100,0,52,7.014,8.854
2025-06-30,https://www.evidence.ero.govt.nz/,Education Review Office,Public Service Departments,100,1884,414,1470,1884,255,6,2,2,0,147,10.023,12.407
2025-06-30,https://www.ewrb.govt.nz/,"Ministry of Business, Innovation and Employment",Public Service Departments,100,20,4,16,20,7,2,2,2,0,150,9.188,12.136
2025-06-30,https://www.familyservices.govt.nz/directory/,Ministry of Social Development,Public Service Departments,100,554,178,376,554,354,0,0,0,0,0,,
2025-06-30,https://www.fma.govt.nz/,Financial Markets Authority,Crown Entities - Independent Crown Entities,100,1424,1198,226,1424,255,637,84,84,0,160,9.888,12.715
2025-06-30,https://www.fmg.org.nz/,"Ministry of Cities, Environment, Regions and Transport",Public Service Departments,73,2287,2141,146,2287,525,312,25,25,0,78,10.626,13.085
2025-06-30,https://www.gamblingaotearoa.govt.nz/,Department of Internal Affairs,Public Service Departments,2,28,22,6,28,20,0,0,0,0,2,8.38,12.139
2025-06-30,https://www.gamblingcommission.govt.nz/,Department of Internal Affairs,Public Service Departments,100,1628,594,1034,1628,292,0,101,101,0,4,8.33,11.525
2025-06-30,https://www.gcsb.govt.nz/,Government Communications Security Bureau,Public Service Departments,100,5,4,1,5,3,0,23,23,0,114,12.845,14.804
2025-06-30,https://www.gets.govt.nz/ExternalIndex.htm,"Ministry of Business, Innovation and Employment",Public Service Departments,100,3758,3183,575,3758,1528,90,89,89,0,44,11.804,14.052
2025-06-30,https://www.govt.nz/,Public Service Commission,Public Service Departments,100,29,29,0,29,16,0,6,6,0,24,6.52,10.211
2025-06-30,https://www.groundrules.mpi.govt.nz/,Ministry for Primary Industries,Public Service Departments,100,1,1,0,1,1,82,100,100,0,35,9.234,12.064
2025-06-30,https://www.growregions.govt.nz/,"Ministry of Business, Innovation and Employment",Public Service Departments,100,188,57,131,188,27,1,23,23,0,136,10.38,13.07
2025-06-30,https://www.hcn.govt.nz/,Oranga Tamariki,Public Service Departments,4,0,0,0,0,0,1,4,4,0,2,9.612,12.674
2025-06-30,https://www.health.govt.nz/,Ministry of Health,Public Service Departments,100,40,0,40,40,40,0,0,0,0,146,8.692,11.762
2025-06-30,https://www.heartlandservices.govt.nz/,Ministry of Social Development,Public Service Departments,46,4,4,0,4,4,0,0,0,0,8,8.15,11.012
2025-06-30,https://www.hud.govt.nz/,"Ministry of Cities, Environment, Regions and Transport",Public Service Departments,100,521,257,264,521,66,5,15,15,0,134,10.482,12.79
2025-06-30,https://www.iaa.govt.nz/,"Ministry of Business, Innovation and Employment",Public Service Departments,100,148,144,4,148,12,458,2,2,0,136,10.036,12.756
2025-06-30,https://www.immigration.govt.nz/,"Ministry of Business, Innovation and Employment",Public Service Departments,100,20,20,0,20,14,2,4,4,0,86,8.122,11.141
2025-06-30,https://www.insolvency.govt.nz/,"Ministry of Business, Innovation and Employment",Public Service Departments,100,24,4,20,24,24,3,100,100,0,138,8.401,11.47
2025-06-30,https://www.iponz.govt.nz/,"Ministry of Business, Innovation and Employment",Public Service Departments,100,832,732,100,832,201,900,8,8,0,132,9.114,12.049
2025-06-30,https://www.ird.govt.nz/,Inland Revenue Department,Public Service Departments,100,7,6,1,7,7,499,39,39,0,84,7.571,10.687
2025-06-30,https://www.justice.govt.nz/,Ministry of Justice,Public Service Departments,100,240,240,0,240,35,1,100,100,0,82,8.753,11.933
2025-06-30,https://www.kauriprotection.co.nz/,Ministry for Primary Industries,Public Service Departments,100,67,67,0,67,16,495,0,0,0,68,8.703,11.838
2025-06-30,https://www.keepitrealonline.govt.nz/,Department of Internal Affairs,Public Service Departments,100,569,569,0,569,273,290,7,7,0,106,6.815,10.094
2025-06-30,https://www.knowledgehub.transport.govt.nz/,"Ministry of Cities, Environment, Regions and Transport",Public Service Departments,12,0,0,0,0,0,48,1,1,0,6,11.125,13.771
2025-06-30,https://www.lbp.govt.nz/,"Ministry of Business, Innovation and Employment",Public Service Departments,100,19,9,10,19,4,0,5,5,0,146,8.989,11.796
2025-06-30,https://www.ldac.org.nz/,Parliamentary Counsel Office,Non-Public Service Departments,100,240,122,118,240,124,0,5,5,0,54,12.603,15.091
2025-06-30,https://www.ldc.govt.nz/,Public Service Commission,Public Service Departments,100,99,99,0,99,33,59,19,19,0,86,9.607,12.233
2025-06-30,https://www.legislation.govt.nz/,Parliamentary Counsel Office,Non-Public Service Departments,100,415,415,0,415,345,1,100,100,0,40,8.701,11.566
2025-06-30,https://www.lgc.govt.nz/,Department of Internal Affairs,Public Service Departments,100,47,28,19,47,9,195,5,5,0,126,10.813,13.279
2025-06-30,https://www.linz.govt.nz/,Land Information New Zealand,Public Service Departments,0,0,0,0,0,0,0,0,0,0,0,,
2025-06-30,https://www.lovebetter.org.nz/,Ministry of Social Development,Public Service Departments,100,62,62,0,62,58,5,0,0,0,108,8.842,10.657
2025-06-30,https://www.majorevents.govt.nz/,"Ministry of Business, Innovation and Employment",Public Service Departments,77,415,256,159,415,25,194,3,3,0,104,9.253,11.995
2025-06-30,https://www.maliat.govt.nz/,"Ministry of Cities, Environment, Regions and Transport",Public Service Departments,10,61,21,40,61,7,80,0,0,0,6,14.789,16.57
2025-06-30,https://www.mbie.govt.nz/,"Ministry of Business, Innovation and Employment",Public Service Departments,100,128,122,6,128,64,300,4,4,0,130,10.626,13.205
2025-06-30,https://www.mbieinformationresources.com/,"Ministry of Business, Innovation and Employment",Public Service Departments,1,47,32,15,47,43,0,0,0,0,0,,
2025-06-30,https://www.mch.govt.nz/,Ministry for Culture and Heritage,Public Service Departments,100,337,237,100,337,32,3,1,1,0,156,8.376,11.437
2025-06-30,https://www.mch.govt.nz/our-work/memorials-and-commemorations/oi-manawa-canterbury-earthquake-national-memorial,Ministry for Culture and Heritage,Public Service Departments,2,8,6,2,8,5,0,0,0,0,4,8.594,11.484
2025-06-30,https://www.medsafe.govt.nz/,Ministry of Health,Public Service Departments,100,208,12,196,208,12,87,98,98,0,98,10.065,13.003
2025-06-30,https://www.mfat.govt.nz/,Ministry of Foreign Affairs and Trade,Public Service Departments,100,401,300,101,401,211,188,0,0,0,160,9.56,12.16
2025-06-30,https://www.mpi.govt.nz/,Ministry for Primary Industries,Public Service Departments,100,945,650,295,945,298,6,1,1,0,54,7.284,10.657
2025-06-30,https://www.mpp.govt.nz/,Ministry for Pacific Peoples,Public Service Departments,100,1434,932,502,1434,338,5,3,3,0,116,10.456,13.402
2025-06-30,https://www.msd.govt.nz/,Ministry of Social Development,Public Service Departments,100,42,34,8,42,22,990,100,100,0,142,10.275,12.99
2025-06-30,https://www.myd.govt.nz/,Ministry of Social Development,Public Service Departments,100,10,10,0,10,8,195,100,100,0,92,8.901,11.928
2025-06-30,https://www.myrtlerust.org.nz/,Ministry for Primary Industries,Public Service Departments,57,640,451,189,640,365,57,16,16,0,78,8.086,10.961
2025-06-30,https://www.naeac.org.nz/,Ministry for Primary Industries,Public Service Departments,14,38,38,0,38,7,4,0,0,0,16,10.402,13.37
2025-06-30,https://www.nawac.org.nz/,Ministry for Primary Industries,Public Service Departments,21,102,80,22,102,38,27,0,0,0,22,10.955,13.073
2025-06-30,https://www.ncsc.govt.nz/,Government Communications Security Bureau,Public Service Departments,100,7,6,1,7,5,0,33,33,0,92,12.213,14.382
2025-06-30,https://www.newcops.govt.nz/,New Zealand Police,Non-Public Service Departments,59,561,266,295,561,122,174,14,14,0,68,7.721,10.79
2025-06-30,https://www.nokuteao.org.nz/,Health New Zealand,Crown Entities - Crown Agents,51,46,36,10,46,44,4,5,5,0,44,9.598,11.758
2025-06-30,https://www.nzbn.govt.nz/,"Ministry of Business, Innovation and Employment",Public Service Departments,62,140,64,76,140,5,0,0,0,0,89,8.121,11.238
2025-06-30,https://www.nzcrs.govt.nz/,"Ministry of Business, Innovation and Employment",Public Service Departments,62,372,372,0,372,116,91,2,2,0,82,10.464,13.309
2025-06-30,https://www.nzdf.mil.nz/nzdf/,New Zealand Defence Force,Non-Public Service Departments,100,311,311,0,311,56,76,19,19,0,104,11.303,13.49
2025-06-30,https://www.nzic.govt.nz/,Government Communications Security Bureau,Public Service Departments,4,30,30,0,30,30,0,0,0,0,4,9.79,12.627
2025-06-30,https://www.nzpam.govt.nz/,"Ministry of Business, Innovation and Employment",Public Service Departments,100,307,107,200,307,71,0,100,100,0,116,9.234,12.263
2025-06-30,https://www.nzrelay.co.nz/,"Ministry of Business, Innovation and Employment",Public Service Departments,27,523,305,218,523,449,5,6,6,0,20,7.264,10.335
2025-06-30,https://www.nzsar.govt.nz/,"Ministry of Cities, Environment, Regions and Transport",Public Service Departments,100,499,199,300,499,103,181,100,100,0,20,8.36,11.373
2025-06-30,https://www.nzsis.govt.nz/,New Zealand Security Intelligence Service,Public Service Departments,100,3,2,1,3,3,0,28,28,0,108,12.527,14.569
2025-06-30,https://www.nzsl.govt.nz/,Whaikaha,Public Service Departments,100,11,11,0,11,9,1,0,0,0,116,9.801,12.381
2025-06-30,https://www.officeforseniors.govt.nz/,Ministry of Social Development,Public Service Departments,100,298,168,130,298,24,319,26,26,0,70,8.216,11.12
2025-06-30,https://www.orangatamariki.govt.nz/,Oranga Tamariki,Public Service Departments,100,110,46,64,110,31,0,100,100,0,120,7.03,10.268
2025-06-30,https://www.orangatamarikiactionplan.govt.nz/,Oranga Tamariki,Public Service Departments,25,0,0,0,0,0,1,25,25,0,32,9.351,12.108
2025-06-30,https://www.ownyouronline.govt.nz/,Government Communications Security Bureau,Public Service Departments,100,28,28,0,28,6,12,7,7,0,114,7.411,9.962
2025-06-30,https://www.paroleboard.govt.nz/,Department of Corrections,Public Service Departments,100,116,112,4,116,13,0,2,2,0,136,8.951,11.682
2025-06-30,https://www.passports.govt.nz/,Department of Internal Affairs,Public Service Departments,32,54,50,4,54,14,2,9,9,0,12,6.911,9.943
2025-06-30,https://www.pco.govt.nz/,Parliamentary Counsel Office,Non-Public Service Departments,100,547,246,301,547,161,202,5,5,0,112,11.35,13.977
2025-06-30,https://www.pds.govt.nz/,Ministry of Justice,Public Service Departments,10,20,20,0,20,2,2,10,10,0,12,7.427,10.043
2025-06-30,https://www.police.govt.nz/,New Zealand Police,Non-Public Service Departments,100,1110,1054,56,1110,872,3,3,3,0,96,6.985,10.01
2025-06-30,https://www.procurement.govt.nz/,"Ministry of Business, Innovation and Employment",Public Service Departments,100,162,41,121,162,36,3,72,72,0,178,9.051,11.736
2025-06-30,https://www.productsafety.govt.nz/,"Ministry of Business, Innovation and Employment",Public Service Departments,100,1359,1092,267,1359,491,0,1,1,0,78,7.625,10.315
2025-06-30,https://www.protectivesecurity.govt.nz/,New Zealand Security Intelligence Service,Public Service Departments,100,704,703,1,704,11,0,27,27,0,162,11.563,14.074
2025-06-30,https://www.publicservice.govt.nz/,Public Service Commission,Public Service Departments,100,70,62,8,70,50,46,0,0,0,162,10.892,13.401
2025-06-30,https://www.qualityplanning.org.nz/,"Ministry of Cities, Environment, Regions and Transport",Public Service Departments,100,1169,1169,0,1169,714,263,0,0,0,114,12.906,14.929
2025-06-30,https://www.realme.govt.nz/,Department of Internal Affairs,Public Service Departments,25,0,0,0,0,0,52,0,0,0,22,9.803,12.499
2025-06-30,https://www.regulation.govt.nz/,Ministry for Regulation,Public Service Departments,100,158,112,46,158,6,0,0,0,0,72,10.848,13.16
2025-06-30,https://www.remauthority.govt.nz/,"Ministry of Business, Innovation and Employment",Public Service Departments,42,3,3,0,3,1,13,1,1,0,48,12.225,14.377
2025-06-30,https://www.reportspam.co.nz/,Department of Internal Affairs,Public Service Departments,3,9,3,6,9,3,0,3,3,0,4,9.273,11.461
2025-06-30,https://www.rsm.govt.nz/,"Ministry of Business, Innovation and Employment",Public Service Departments,100,46,46,0,46,36,3,0,0,0,86,8.14,11.562
2025-06-30,https://www.safergambling.org.nz/,Health New Zealand,Crown Entities - Crown Agents,25,67,10,57,67,10,2,2,2,0,36,5.87,9.266
2025-06-30,https://www.safetotalk.nz/,Ministry of Social Development,Public Service Departments,17,403,303,100,403,33,117,0,0,0,20,7.017,10.069
2025-06-30,https://www.safetravel.govt.nz/,Ministry of Foreign Affairs and Trade,Public Service Departments,100,718,510,208,718,72,0,9,9,0,106,8.563,11.618
2025-06-30,https://www.sfo.govt.nz/,Serious Fraud Office,Public Service Departments,100,28,26,2,28,28,0,0,0,0,108,9.737,12.228
2025-06-30,https://www.sia.govt.nz/,Social Investment Agency,Public Service Departments,100,235,120,115,235,86,594,13,13,0,94,10.041,12.7
2025-06-30,https://www.smallsteps.org.nz/,Health New Zealand,Crown Entities - Crown Agents,29,446,432,14,446,96,186,2,2,0,32,5.277,9.097
2025-06-30,https://www.smokefree.org.nz/,Health New Zealand,Crown Entities - Crown Agents,88,84,31,53,84,81,31,0,0,0,84,5.766,9.436
2025-06-30,https://www.standards.govt.nz/,"Ministry of Business, Innovation and Employment",Public Service Departments,100,116,116,0,116,81,2,18,18,0,100,10.865,13.204
2025-06-30,https://www.stats.govt.nz,Statistics New Zealand,Public Service Departments,100,2320,1804,516,2320,1181,678,0,0,0,158,8.049,10.832
2025-06-30,https://www.strengtheningfamilies.govt.nz/,Oranga Tamariki,Public Service Departments,17,0,0,0,0,0,4,17,17,0,16,8.412,11.902
2025-06-30,https://www.studylink.govt.nz/,Ministry of Social Development,Public Service Departments,100,0,0,0,0,0,0,98,98,0,50,5.116,8.499
2025-06-30,https://www.stv.govt.nz/index.shtml,Department of Internal Affairs,Public Service Departments,13,34,32,2,34,6,0,0,0,0,14,7.161,10.977
2025-06-30,https://www.supergold.govt.nz/,Ministry of Social Development,Public Service Departments,0,0,0,0,0,0,0,0,0,0,0,,
2025-06-30,https://www.survivorexperiences.govt.nz/,Department of Internal Affairs,Public Service Departments,36,188,156,32,188,168,63,36,36,0,64,8.386,10.688
2025-06-30,https://www.tariff-finder.govt.nz/,Ministry of Foreign Affairs and Trade,Public Service Departments,3,271,265,6,271,139,15,3,3,0,0,,
2025-06-30,https://www.tas.mbie.govt.nz/,"Ministry of Business, Innovation and Employment",Public Service Departments,17,30,30,0,30,30,71,2,2,0,24,9.803,12.488
2025-06-30,https://www.taxpolicy.ird.govt.nz/,Inland Revenue Department,Public Service Departments,100,39,39,0,39,10,799,0,0,0,60,10.213,13.072
2025-06-30,https://www.taxtechnical.ird.govt.nz/,Inland Revenue Department,Public Service Departments,100,197,197,0,197,32,799,0,0,0,78,11.19,13.496
2025-06-30,https://www.tehaorangahau.msd.govt.nz/,Ministry of Social Development,Public Service Departments,100,0,0,0,0,0,0,0,0,0,64,9.456,12.517
2025-06-30,https://www.tenancy.govt.nz/,"Ministry of Business, Innovation and Employment",Public Service Departments,100,1827,168,1659,1827,169,13,0,0,0,132,8.342,11.447
2025-06-30,https://www.tki.org.nz/,Ministry of Education,Public Service Departments,100,296,296,0,296,142,1628,75,75,0,56,8.643,11.584
2025-06-30,https://www.tkm.govt.nz/,Te Puni Kōkiri,Public Service Departments,100,338,338,0,338,26,1,100,100,0,62,7.236,10.89
2025-06-30,https://www.tools.business.govt.nz/boost/,"Ministry of Business, Innovation and Employment",Public Service Departments,2,7,3,4,7,4,0,0,0,0,0,,
2025-06-30,https://www.tools.business.govt.nz/cashflow-forecaster/,"Ministry of Business, Innovation and Employment",Public Service Departments,1,7,1,6,7,7,0,0,0,0,0,,
2025-06-30,https://www.tools.business.govt.nz/climate/,"Ministry of Business, Innovation and Employment",Public Service Departments,3,46,24,22,46,38,0,0,0,0,0,,
2025-06-30,https://www.tools.business.govt.nz/do-business-online/,"Ministry of Business, Innovation and Employment",Public Service Departments,2,3,3,0,3,2,0,0,0,0,0,,
2025-06-30,https://www.tools.business.govt.nz/funding-explorer/,"Ministry of Business, Innovation and Employment",Public Service Departments,2,3,3,0,3,2,1,0,0,0,0,,
2025-06-30,https://www.tradebarriers.govt.nz/,Ministry of Foreign Affairs and Trade,Public Service Departments,7,1,1,0,1,1,0,0,0,0,10,9.007,12.108
2025-06-30,https://www.tradingstandards.govt.nz/,"Ministry of Business, Innovation and Employment",Public Service Departments,8,24,24,0,24,3,14,0,0,0,12,9.911,12.667
2025-06-30,https://www.transport.govt.nz/,"Ministry of Cities, Environment, Regions and Transport",Public Service Departments,100,1416,964,452,1416,178,756,9,9,0,122,9.061,12.024
2025-06-30,https://www.travellerdeclaration.govt.nz/,"Ministry of Business, Innovation and Employment",Public Service Departments,23,72,49,23,72,6,6,0,0,0,26,8.826,11.808
2025-06-30,https://www.treasury.govt.nz/,The Treasury,Public Service Departments,0,0,0,0,0,0,0,0,0,0,0,,
2025-06-30,https://www.tsw.govt.nz/external/application/login/app.html,New Zealand Customs Service,Public Service Departments,1,12,8,4,12,8,0,0,0,0,0,,
2025-06-30,https://www.tuiatetaiao.nz/,Ministry for Primary Industries,Public Service Departments,31,136,101,35,136,42,30,31,31,0,12,8.998,12.116
2025-06-30,https://www.tupu.nz/,Te Puni Kōkiri,Public Service Departments,100,199,199,0,199,40,50,2,2,0,108,5.529,8.805
2025-06-30,https://www.unittitles.govt.nz/,"Ministry of Business, Innovation and Employment",Public Service Departments,99,1323,287,1036,1323,84,1,0,0,0,78,9.949,12.609
2025-06-30,https://www.veteransaffairs.mil.nz/,New Zealand Defence Force,Non-Public Service Departments,100,24,10,14,24,11,3,0,0,0,42,8.837,11.807
2025-06-30,https://www.waitangitribunal.govt.nz/,Ministry of Justice,Public Service Departments,100,265,201,64,265,123,0,42,42,0,112,8.358,10.796
2025-06-30,https://www.whaikaha.govt.nz/,Whaikaha,Public Service Departments,100,4,4,0,4,4,3,4,4,0,112,11.084,13.665
2025-06-30,https://www.women.govt.nz/,Ministry for Women,Public Service Departments,100,2313,2109,204,2313,188,486,11,11,0,102,10.869,12.991
2025-06-30,https://www.workandincome.govt.nz/,Ministry of Social Development,Public Service Departments,100,8,4,4,8,8,0,0,0,0,40,6.542,9.876
2025-06-30,https://www.workandincome.govt.nz/map/index.html,Ministry of Social Development,Public Service Departments,100,277,205,72,277,9,598,1,1,0,56,9.515,12.443
2025-06-30,https://www.workforceinsights.govt.nz/,Ministry for Primary Industries,Public Service Departments,100,268,66,202,268,7,28,8,8,0,160,6.731,9.513
2025-06-30,https://www.xn--morilandcourt-wqb.govt.nz/,Ministry of Justice,Public Service Departments,100,4176,4176,0,4176,696,56,100,100,0,120,8.091,10.069
2025-06-30,https://www.xn--tekhuikhu-7bbe.govt.nz/,Ministry of Social Development,Public Service Departments,24,1,1,0,1,1,0,0,0,0,22,7.941,11.093
2025-06-30,https://www.youthcourt.govt.nz/home-2/,Ministry of Justice,Public Service Departments,1,2,2,0,2,2,0,1,1,0,0,,
2025-06-30,https://www.youthservice.govt.nz/,Ministry of Social Development,Public Service Departments,38,62,62,0,62,24,2,1,1,0,6,5.458,8.202
2025-06-30,https://www2.justice.govt.nz/elibsonline/,Ministry of Justice,Public Service Departments,21,4344,4344,0,4344,2404,0,21,21,0,0,,
2025-06-30,https://youthguarantee.education.govt.nz,Ministry of Education,Public Service Departments,100,2455,1922,533,2455,319,9,25,25,0,40,9.683,12.381
2025-06-30,https://zh-hans.getready.govt.nz/,National Emergency Management Agency,Public Service Departmental Agencies,59,0,0,0,0,0,7,1,1,0,0,,
2025-06-30,https://zh-hant.getready.govt.nz/,National Emergency Management Agency,Public Service Departmental Agencies,59,0,0,0,0,0,8,1,1,0,0,,
2025-08-12,https://28maoribattalion.org.nz/,Ministry for Culture and Heritage,Public Service Departments,100,612,426,186,612,496,0,0,0,0,0,,
2025-08-12,https://acart.health.govt.nz/,Ministry of Health,Public Service Departments,64,20,12,8,20,8,0,0,0,0,0,,
2025-08-12,https://airforcemuseum.co.nz/,New Zealand Defence Force,Non-Public Service Departments,100,1386,1059,327,1386,571,0,0,0,0,0,,
2025-08-12,https://aml.dia.govt.nz/,Department of Internal Affairs,Public Service Departments,17,477,20,457,477,293,0,0,0,0,0,,
2025-08-12,https://annualreport2021.msd.govt.nz/,Ministry of Social Development,Public Service Departments,100,0,0,0,0,0,0,0,0,0,0,,
2025-08-12,https://anyquestions.govt.nz/,Department of Internal Affairs,Public Service Departments,100,7713,6913,800,7713,3509,0,0,0,0,0,,
2025-08-12,https://aotearoahistories.education.govt.nz/,Ministry of Education,Public Service Departments,24,80,80,0,80,13,0,0,0,0,0,,
2025-08-12,https://api.doc.govt.nz/,Department of Conservation,Public Service Departments,1,12,6,6,12,12,0,0,0,0,0,,
2025-08-12,https://api.msd.govt.nz/,Ministry of Social Development,Public Service Departments,12,3,3,0,3,3,0,0,0,0,0,,
2025-08-12,https://app.birdbanding.doc.govt.nz/,Department of Conservation,Public Service Departments,3,30,26,4,30,16,0,0,0,0,0,,
2025-08-12,https://app.businessregisters.govt.nz/,"Ministry of Business, Innovation and Employment",Public Service Departments,1,12,10,2,12,12,0,0,0,0,0,,
2025-08-12,https://applications.education.govt.nz/,Ministry of Education,Public Service Departments,36,101,101,0,101,44,0,0,0,0,0,,
2025-08-12,https://apply.justice.govt.nz/,Ministry of Justice,Public Service Departments,51,1391,1291,100,1391,153,0,0,0,0,0,,
2025-08-12,https://ar.getready.govt.nz/,National Emergency Management Agency,Public Service Departmental Agencies,60,0,0,0,0,0,0,0,0,0,0,,
2025-08-12,https://aria.stats.govt.nz/aria/,Statistics New Zealand,Public Service Departments,0,0,0,0,0,0,0,0,0,0,0,,
2025-08-12,https://aroturuki.govt.nz/,Aroturuki Tamariki,Crown Entities - Independent Crown Entities,100,28,28,0,28,24,0,0,0,0,0,,
2025-08-12,https://auctioneers.mbie.govt.nz/,"Ministry of Business, Innovation and Employment",Public Service Departments,100,222,200,22,222,26,0,0,0,0,0,,
2025-08-12,https://basemaps.linz.govt.nz/,Land Information New Zealand,Public Service Departments,1,7,0,7,7,7,0,0,0,0,0,,
2025-08-12,https://bdmhistoricalrecords.dia.govt.nz/,Department of Internal Affairs,Public Service Departments,27,137,65,72,137,42,0,0,0,0,0,,
2025-08-12,https://bdmonline.dia.govt.nz/,Department of Internal Affairs,Public Service Departments,11,22,22,0,22,2,0,0,0,0,0,,
2025-08-12,https://beyondordinary.nzic.govt.nz/,Government Communications Security Bureau,Public Service Departments,25,0,0,0,0,0,0,0,0,0,0,,
2025-08-12,https://blog.doc.govt.nz/,Department of Conservation,Public Service Departments,100,2454,2454,0,2454,683,0,0,0,0,0,,
2025-08-12,https://bookings.doc.govt.nz/web/,Department of Conservation,Public Service Departments,4,116,52,64,116,44,0,0,0,0,0,,
2025-08-12,https://budget.govt.nz/,The Treasury,Public Service Departments,100,13,13,0,13,6,0,0,0,0,0,,
2025-08-12,https://bullyingfree.nz/,Ministry of Education,Public Service Departments,80,3756,3746,10,3756,2573,0,0,0,0,0,,
2025-08-12,https://businessonlineservices.msd.govt.nz/bos/MSDProviderLogon.jsp,Ministry of Social Development,Public Service Departments,1,2,2,0,2,2,0,0,0,0,0,,
2025-08-12,https://cadetforces.org.nz/,New Zealand Defence Force,Non-Public Service Departments,19,295,295,0,295,170,0,0,0,0,0,,
2025-08-12,https://canterbury.royalcommission.govt.nz/,Department of Internal Affairs,Public Service Departments,100,468,268,200,468,32,0,0,0,0,0,,
2025-08-12,https://careers.corrections.govt.nz/,Department of Corrections,Public Service Departments,100,311,311,0,311,97,0,0,0,0,0,,
2025-08-12,https://careers.customs.govt.nz/home,New Zealand Customs Service,Public Service Departments,39,315,291,24,315,116,0,0,0,0,0,,
2025-08-12,https://careers.education.govt.nz/,Ministry of Education,Public Service Departments,7,26,26,0,26,6,0,0,0,0,0,,
2025-08-12,https://careers.linz.govt.nz/,Land Information New Zealand,Public Service Departments,11,24,24,0,24,10,0,0,0,0,0,,
2025-08-12,https://careers.mfe.govt.nz/,"Ministry of Cities, Environment, Regions and Transport",Public Service Departments,25,604,532,72,604,224,0,0,0,0,0,,
2025-08-12,https://careers.regulation.govt.nz/,Ministry for Regulation,Public Service Departments,20,12,1,11,12,7,0,0,0,0,0,,
2025-08-12,https://catalogue.data.govt.nz/dataset,Public Service Commission,Public Service Departments,100,2805,2586,219,2805,727,0,0,0,0,0,,
2025-08-12,https://celebrants.dia.govt.nz/,Department of Internal Affairs,Public Service Departments,2,28,14,14,28,22,0,0,0,0,0,,
2025-08-12,https://centralagenciesjobs.cass.govt.nz/home,The Treasury,Public Service Departments,77,308,282,26,308,69,0,0,0,0,0,,
2025-08-12,https://certificates.services.govt.nz/,Department of Internal Affairs,Public Service Departments,3,0,0,0,0,0,0,0,0,0,0,,
2025-08-12,https://charts.linz.govt.nz/,Land Information New Zealand,Public Service Departments,100,2047,1990,57,2047,1088,0,0,0,0,0,,
2025-08-12,https://check.msd.govt.nz/,Ministry of Social Development,Public Service Departments,7,2,2,0,2,2,0,0,0,0,0,,
2025-08-12,https://chiefvictimsadvisor.justice.govt.nz/,Ministry of Justice,Public Service Departments,19,114,76,38,114,6,0,0,0,0,0,,
2025-08-12,https://christchurchattack.royalcommission.nz/,Department of Internal Affairs,Public Service Departments,100,47,45,2,47,33,0,0,0,0,0,,
2025-08-12,https://ci.getready.govt.nz/,National Emergency Management Agency,Public Service Departmental Agencies,100,0,0,0,0,0,0,0,0,0,0,,
2025-08-12,https://codehub.building.govt.nz/,"Ministry of Business, Innovation and Employment",Public Service Departments,100,334,331,3,334,251,0,0,0,0,0,,
2025-08-12,https://collections.archives.govt.nz/,Department of Internal Affairs,Public Service Departments,100,748,458,290,748,23,0,0,0,0,0,,
2025-08-12,https://companies-register.companiesoffice.govt.nz/,"Ministry of Business, Innovation and Employment",Public Service Departments,100,28,13,15,28,15,0,0,0,0,0,,
2025-08-12,https://consult.environment.govt.nz/,"Ministry of Cities, Environment, Regions and Transport",Public Service Departments,100,4,4,0,4,1,0,0,0,0,0,,
2025-08-12,https://consult.health.govt.nz/,Ministry of Health,Public Service Departments,100,5,5,0,5,1,0,0,0,0,0,,
2025-08-12,https://consultation.dpmc.govt.nz/,Department of the Prime Minister and Cabinet,Public Service Departments,37,1,1,0,1,1,0,0,0,0,0,,
2025-08-12,https://consultations.justice.govt.nz/,Ministry of Justice,Public Service Departments,100,1,1,0,1,1,0,0,0,0,0,,
2025-08-12,https://coronerscourt.govt.nz/,Ministry of Justice,Public Service Departments,84,197,197,0,197,21,0,0,0,0,0,,
2025-08-12,https://ct-register.companiesoffice.govt.nz/,"Ministry of Business, Innovation and Employment",Public Service Departments,60,40,20,20,40,12,0,0,0,0,0,,
2025-08-12,https://curriculumprogresstools.education.govt.nz/,Ministry of Education,Public Service Departments,37,1455,1333,122,1455,161,0,0,0,0,0,,
2025-08-12,https://data.govt.nz/,Public Service Commission,Public Service Departments,100,76,50,26,76,61,0,0,0,0,0,,
2025-08-12,https://data.linz.govt.nz/,Land Information New Zealand,Public Service Departments,100,790,392,398,790,121,0,0,0,0,0,,
2025-08-12,https://data.mfe.govt.nz,"Ministry of Cities, Environment, Regions and Transport",Public Service Departments,7,14,14,0,14,6,0,0,0,0,0,,
2025-08-12,https://datainfoplus.stats.govt.nz/,Statistics New Zealand,Public Service Departments,0,0,0,0,0,0,0,0,0,0,0,,
2025-08-12,https://deathdocs.services.govt.nz/,Department of Internal Affairs,Public Service Departments,9,130,128,2,130,62,0,0,0,0,0,,
2025-08-12,https://debtmanagement.treasury.govt.nz/,The Treasury,Public Service Departments,100,1176,964,212,1176,189,0,0,0,0,0,,
2025-08-12,https://deptconservation.maps.arcgis.com/apps/webappviewer/index.html?id=4299ffa07de9451994681b43b60ad95b,Department of Conservation,Public Service Departments,1,2,0,2,2,2,0,0,0,0,0,,
2025-08-12,https://designsystem.education.govt.nz/,Ministry of Education,Public Service Departments,34,56,56,0,56,23,0,0,0,0,0,,
2025-08-12,https://devdata.mfat.govt.nz/,Ministry of Foreign Affairs and Trade,Public Service Departments,100,2257,273,1984,2257,1074,0,0,0,0,0,,
2025-08-12,https://developers.realme.govt.nz/,Department of Internal Affairs,Public Service Departments,0,0,0,0,0,0,0,0,0,0,0,,
2025-08-12,https://dia.services.govt.nz/,Department of Internal Affairs,Public Service Departments,6,68,47,21,68,53,0,0,0,0,0,,
2025-08-12,https://digitalnz.org/,Department of Internal Affairs,Public Service Departments,100,2743,2531,212,2743,163,0,0,0,0,0,,
2025-08-12,https://disclose-register.companiesoffice.govt.nz/,"Ministry of Business, Innovation and Employment",Public Service Departments,100,46,24,22,46,12,0,0,0,0,0,,
2025-08-12,https://disclosure.legislation.govt.nz/,Parliamentary Counsel Office,Non-Public Service Departments,100,44,44,0,44,40,0,0,0,0,0,,
2025-08-12,https://dispute.employment.govt.nz/app/Extra/Employment/Default.aspx,"Ministry of Business, Innovation and Employment",Public Service Departments,1,13,12,1,13,13,0,0,0,0,0,,
2025-08-12,https://dispute.era.govt.nz/app/Extra/ERA/Default.aspx,"Ministry of Business, Innovation and Employment",Public Service Departments,1,4,3,1,4,4,0,0,0,0,0,,
2025-08-12,https://dispute.tenancy.govt.nz/app/Extra/TenancyTribunal/Default.aspx,"Ministry of Business, Innovation and Employment",Public Service Departments,1,6,5,1,6,6,0,0,0,0,0,,
2025-08-12,https://doc-deptconservation.opendata.arcgis.com/,Department of Conservation,Public Service Departments,1,2,2,0,2,2,0,0,0,0,0,,
2025-08-12,https://eab.business.govt.nz/employmentagreementbuilder/startscreen,"Ministry of Business, Innovation and Employment",Public Service Departments,1,2,0,2,2,2,0,0,0,0,0,,
2025-08-12,https://earlylearning.services.govt.nz/,Department of Internal Affairs,Public Service Departments,42,607,607,0,607,190,0,0,0,0,0,,
2025-08-12,https://ecart.health.govt.nz/,Ministry of Health,Public Service Departments,21,20,12,8,20,8,0,0,0,0,0,,
2025-08-12,https://encservice.linz.govt.nz/,Land Information New Zealand,Public Service Departments,9,9,5,4,9,9,0,0,0,0,0,,
2025-08-12,https://endoflife.services.govt.nz/,Department of Internal Affairs,Public Service Departments,10,282,90,192,282,197,0,0,0,0,0,,
2025-08-12,https://environment.govt.nz/,"Ministry of Cities, Environment, Regions and Transport",Public Service Departments,100,2563,15,2548,2563,38,0,0,0,0,0,,
2025-08-12,https://epbr.building.govt.nz/,"Ministry of Business, Innovation and Employment",Public Service Departments,1,7,7,0,7,5,0,0,0,0,0,,
2025-08-12,https://er.getready.govt.nz/,National Emergency Management Agency,Public Service Departmental Agencies,36,0,0,0,0,0,0,0,0,0,0,,
2025-08-12,https://es.getready.govt.nz/,National Emergency Management Agency,Public Service Departmental Agencies,100,0,0,0,0,0,0,0,0,0,0,,
2025-08-12,https://ethics.health.govt.nz/,Ministry of Health,Public Service Departments,100,80,14,66,80,68,0,0,0,0,0,,
2025-08-12,https://ethnicxchange.org.nz/,Ministry for Ethnic Communities,Public Service Departmental Agencies,1,0,0,0,0,0,0,0,0,0,0,,
2025-08-12,https://etuwhanau.org.nz/,Ministry of Social Development,Public Service Departments,100,891,109,782,891,196,0,0,0,0,0,,
2025-08-12,https://evaluationhub.education.govt.nz/,Ministry of Education,Public Service Departments,18,6,6,0,6,6,0,0,0,0,0,,
2025-08-12,https://explore.data.stats.govt.nz/,Statistics New Zealand,Public Service Departments,1,1,1,0,1,1,0,0,0,0,0,,
2025-08-12,https://exportcredit.treasury.govt.nz/,The Treasury,Public Service Departments,100,1348,1254,94,1348,233,0,0,0,0,0,,
2025-08-12,https://fa-eqqg-saasfaprod1.fa.ocs.oraclecloud.com/hcmUI/CandidateExperience/en/sites/CX_1001/,Department of Internal Affairs,Public Service Departments,2,6,6,0,6,5,0,0,0,0,0,,
2025-08-12,https://fadc.govt.nz/,Financial Markets Authority,Crown Entities - Independent Crown Entities,16,135,119,16,135,60,0,0,0,0,0,,
2025-08-12,https://financialadvicecode.govt.nz,Financial Markets Authority,Crown Entities - Independent Crown Entities,11,116,105,11,116,40,0,0,0,0,0,,
2025-08-12,https://fintech.govt.nz,Financial Markets Authority,Crown Entities - Independent Crown Entities,8,25,25,0,25,12,0,0,0,0,0,,
2025-08-12,https://fms-cp.mfe-enquire.cloud/user/realme.html,"Ministry of Cities, Environment, Regions and Transport",Public Service Departments,1,6,2,4,6,12,0,0,0,0,0,,
2025-08-12,https://fsp-register.companiesoffice.govt.nz/,"Ministry of Business, Innovation and Employment",Public Service Departments,83,55,37,18,55,23,0,0,0,0,0,,
2025-08-12,https://ftp.doc.govt.nz/login,Department of Conservation,Public Service Departments,2,20,16,4,20,10,0,0,0,0,0,,
2025-08-12,https://fuelquality.tradingstandards.govt.nz/,"Ministry of Business, Innovation and Employment",Public Service Departments,24,155,121,34,155,40,0,0,0,0,0,,
2025-08-12,https://gazette.education.govt.nz/,Ministry of Education,Public Service Departments,10,386,320,66,386,241,0,0,0,0,0,,
2025-08-12,https://gazette.govt.nz/,Public Service Commission,Public Service Departments,100,1879,1279,600,1879,15,0,0,0,0,0,,
2025-08-12,https://gazetteer.linz.govt.nz/,Land Information New Zealand,Public Service Departments,1,0,0,0,0,0,0,0,0,0,0,,
2025-08-12,https://getready.govt.nz/,National Emergency Management Agency,Public Service Departmental Agencies,100,49,21,28,49,49,0,0,0,0,0,,
2025-08-12,https://gg.govt.nz/,Department of the Prime Minister and Cabinet,Public Service Departments,100,1209,1099,110,1209,503,0,0,0,0,0,,
2025-08-12,https://globalresearchalliance.org/,Ministry for Primary Industries,Public Service Departments,1,10,8,2,10,10,0,0,0,0,0,,
2025-08-12,https://govtnz.github.io/web-a11y-guidance/,Public Service Commission,Public Service Departments,100,0,0,0,0,0,0,0,0,0,0,,
2025-08-12,https://granted.govt.nz/,Department of Internal Affairs,Public Service Departments,3,4,4,0,4,4,0,0,0,0,0,,
2025-08-12,https://gwn.govt.nz/,Public Service Commission,Public Service Departments,100,570,564,6,570,341,0,0,0,0,0,,
2025-08-12,https://health.nzdf.mil.nz/,New Zealand Defence Force,Non-Public Service Departments,100,994,976,18,994,718,0,0,0,0,0,,
2025-08-12,https://health.wd105.myworkdayjobs.com/External,Ministry of Health,Public Service Departments,44,85,85,0,85,3,0,0,0,0,0,,
2025-08-12,https://healthed.govt.nz/,Health New Zealand,Crown Entities - Crown Agents,100,433,233,200,433,228,0,0,0,0,0,,
2025-08-12,https://hearings.courtsofnz.govt.nz/,Ministry of Justice,Public Service Departments,6,2,2,0,2,2,0,0,0,0,0,,
2025-08-12,https://hepikorua.education.govt.nz/,Ministry of Education,Public Service Departments,34,874,556,318,874,362,0,0,0,0,0,,
2025-08-12,https://hi.getready.govt.nz/,National Emergency Management Agency,Public Service Departmental Agencies,100,0,0,0,0,0,0,0,0,0,0,,
2025-08-12,https://humanrights.govt.nz/,Ministry of Justice,Public Service Departments,1,13,13,0,13,13,0,0,0,0,0,,
2025-08-12,https://inclusive.tki.org.nz/,Ministry of Education,Public Service Departments,100,4674,4498,176,4674,171,0,0,0,0,0,,
2025-08-12,https://infoshare.stats.govt.nz,Statistics New Zealand,Public Service Departments,13,274,202,72,274,86,0,0,0,0,0,,
2025-08-12,https://inspectorate.corrections.govt.nz/,Department of Corrections,Public Service Departments,100,366,366,0,366,343,0,0,0,0,0,,
2025-08-12,https://is-register.companiesoffice.govt.nz/,"Ministry of Business, Innovation and Employment",Public Service Departments,100,76,28,48,76,21,0,0,0,0,0,,
2025-08-12,https://iya.education.govt.nz/login,Ministry of Education,Public Service Departments,2,32,18,14,32,18,0,0,0,0,0,,
2025-08-12,https://ja.getready.govt.nz/,National Emergency Management Agency,Public Service Departmental Agencies,100,0,0,0,0,0,0,0,0,0,0,,
2025-08-12,https://jcc.govt.nz/,Ministry of Justice,Public Service Departments,5,0,0,0,0,0,0,0,0,0,0,,
2025-08-12,https://jobs.defence.govt.nz/home,Ministry of Defence,Public Service Departments,4,38,30,8,38,23,0,0,0,0,0,,
2025-08-12,https://jobs.govt.nz/,Public Service Commission,Public Service Departments,100,20,16,4,20,16,0,0,0,0,0,,
2025-08-12,https://jobs.mbie.govt.nz/,"Ministry of Business, Innovation and Employment",Public Service Departments,100,85,84,1,85,65,0,0,0,0,0,,
2025-08-12,https://jobs.msd.govt.nz/,Ministry of Social Development,Public Service Departments,100,655,342,313,655,100,0,0,0,0,0,,
2025-08-12,https://kaorakaako.education.govt.nz/,Ministry of Education,Public Service Departments,100,52,52,0,52,8,0,0,0,0,0,,
2025-08-12,https://katoatoa.mpp.govt.nz/,Ministry for Pacific Peoples,Public Service Departments,1,8,8,0,8,8,0,0,0,0,0,,
2025-08-12,https://kauwhatareo.govt.nz/,Ministry of Education,Public Service Departments,100,897,807,90,897,107,0,0,0,0,0,,
2025-08-12,https://kowhiti-whakapae.education.govt.nz/,Ministry of Education,Public Service Departments,74,158,158,0,158,20,0,0,0,0,0,,
2025-08-12,https://kupe.net.nz/,Cancer Control Agency,Public Service Departmental Agencies,17,382,346,36,382,79,0,0,0,0,0,,
2025-08-12,https://learning.building.govt.nz/,"Ministry of Business, Innovation and Employment",Public Service Departments,100,963,803,160,963,130,0,0,0,0,0,,
2025-08-12,https://learning.procurement.govt.nz/,"Ministry of Business, Innovation and Employment",Public Service Departments,54,446,182,264,446,91,0,0,0,0,0,,
2025-08-12,https://learning.tradingstandards.govt.nz/login/,"Ministry of Business, Innovation and Employment",Public Service Departments,2,28,28,0,28,14,0,0,0,0,0,,
2025-08-12,https://learningfromhome.govt.nz/,Ministry of Education,Public Service Departments,28,122,63,59,122,38,0,0,0,0,0,,
2025-08-12,https://lp-register.companiesoffice.govt.nz/,"Ministry of Business, Innovation and Employment",Public Service Departments,82,73,45,28,73,18,0,0,0,0,0,,
2025-08-12,https://lrs.linz.govt.nz/search/,Land Information New Zealand,Public Service Departments,1,6,4,2,6,6,0,0,0,0,0,,
2025-08-12,https://lsfdashboard.treasury.govt.nz/wellbeing/,The Treasury,Public Service Departments,1,58,56,2,58,58,0,0,0,0,0,,
2025-08-12,https://maca-nds.maps.arcgis.com/home/index.html,Te Tari Whakatau,Public Service Departmental Agencies,1,1,1,0,1,1,0,0,0,0,0,,
2025-08-12,https://mahi.corrections.govt.nz/,Department of Corrections,Public Service Departments,24,144,144,0,144,64,0,0,0,0,0,,
2025-08-12,https://mahi.orangatamariki.govt.nz/home,Oranga Tamariki,Public Service Departments,100,475,300,175,475,103,0,0,0,0,0,,
2025-08-12,https://marinebiosecurity.org.nz/,Ministry for Primary Industries,Public Service Departments,72,590,176,414,590,38,0,0,0,0,0,,
2025-08-12,https://mbienz.shinyapps.io/labour-market-dashboard_prod/,"Ministry of Business, Innovation and Employment",Public Service Departments,2,4,4,0,4,3,0,0,0,0,0,,
2025-08-12,https://mbienz.shinyapps.io/migration_data_explorer/,"Ministry of Business, Innovation and Employment",Public Service Departments,2,4,4,0,4,2,0,0,0,0,0,,
2025-08-12,https://mbienz.shinyapps.io/RegionalFactsheets/,"Ministry of Business, Innovation and Employment",Public Service Departments,1,24,18,6,24,24,0,0,0,0,0,,
2025-08-12,https://mentalhealth.inquiry.govt.nz/,Department of Internal Affairs,Public Service Departments,100,750,650,100,750,40,0,0,0,0,0,,
2025-08-12,https://mfe.maps.arcgis.com/home/index.html,"Ministry of Cities, Environment, Regions and Transport",Public Service Departments,1,0,0,0,0,0,0,0,0,0,0,,
2025-08-12,https://mi.getready.govt.nz/,National Emergency Management Agency,Public Service Departmental Agencies,84,0,0,0,0,0,0,0,0,0,0,,
2025-08-12,https://mineplans.nzpam.govt.nz/,"Ministry of Business, Innovation and Employment",Public Service Departments,1,6,2,4,6,6,0,0,0,0,0,,
2025-08-12,https://minhealthnz.shinyapps.io/national-gambling-study-data-explorer/,Ministry of Health,Public Service Departments,1,2,2,0,2,2,0,0,0,0,0,,
2025-08-12,https://minhealthnz.shinyapps.io/nz-health-survey-2022-23-mental-health-data-explorer/,Ministry of Health,Public Service Departments,2,24,17,7,24,20,0,0,0,0,0,,
2025-08-12,https://minhealthnz.shinyapps.io/WhakamauaDashboard/,Ministry of Health,Public Service Departments,2,93,89,4,93,45,0,0,0,0,0,,
2025-08-12,https://ministrycareers.education.govt.nz,Ministry of Education,Public Service Departments,1,4,4,0,4,4,0,0,0,0,0,,
2025-08-12,https://my.health.nz/,Health New Zealand,Crown Entities - Crown Agents,5,0,0,0,0,0,0,0,0,0,0,,
2025-08-12,https://my.msd.govt.nz/,Ministry of Social Development,Public Service Departments,8,16,16,0,16,16,0,0,0,0,0,,
2025-08-12,https://my.studylink.govt.nz/my/studylink/help/general-info.html,Ministry of Social Development,Public Service Departments,13,52,52,0,52,28,0,0,0,0,0,,
2025-08-12,https://my.studylink.govt.nz/mystudylink/logon.html,Ministry of Social Development,Public Service Departments,1,6,6,0,6,6,0,0,0,0,0,,
2025-08-12,https://my.studylink.govt.nz/mystudylink/logon_mobile.html,Ministry of Social Development,Public Service Departments,1,2,2,0,2,2,0,0,0,0,0,,
2025-08-12,https://natlib.govt.nz/,Department of Internal Affairs,Public Service Departments,100,1037,66,971,1037,831,0,0,0,0,0,,
2025-08-12,https://natlib.govt.nz/support-us/te-puna-foundation/,Department of Internal Affairs,Public Service Departments,0,30,3,27,30,20,0,0,0,0,0,,
2025-08-12,https://navymuseum.co.nz/,New Zealand Defence Force,Non-Public Service Departments,100,2782,1974,808,2782,516,0,0,0,0,0,,
2025-08-12,https://ncea.education.govt.nz/,Ministry of Education,Public Service Departments,38,49,47,2,49,11,0,0,0,0,0,,
2025-08-12,https://neac.health.govt.nz/,Ministry of Health,Public Service Departments,91,22,12,10,22,8,0,0,0,0,0,,
2025-08-12,https://newzealandcurriculum.tahurangi.education.govt.nz/new-zealand-curriculum-online/teaching-support/pathways-and-transitions/5637164076.c,Ministry of Education,Public Service Departments,100,810,700,110,810,17,0,0,0,0,0,,
2025-08-12,https://nu.getready.govt.nz/,National Emergency Management Agency,Public Service Departmental Agencies,60,0,0,0,0,0,0,0,0,0,0,,
2025-08-12,https://nzeta.immigration.govt.nz/,"Ministry of Business, Innovation and Employment",Public Service Departments,1,14,14,0,14,13,0,0,0,0,0,,
2025-08-12,https://nzhistory.govt.nz/,Ministry for Culture and Heritage,Public Service Departments,100,272,194,78,272,220,0,0,0,0,0,,
2025-08-12,https://nzism.gcsb.govt.nz/,Government Communications Security Bureau,Public Service Departments,35,0,0,0,0,0,0,0,0,0,0,,
2025-08-12,https://nzsar-resources.org.nz/,"Ministry of Cities, Environment, Regions and Transport",Public Service Departments,25,136,20,116,136,13,0,0,0,0,0,,
2025-08-12,https://nzsl.getready.govt.nz/,National Emergency Management Agency,Public Service Departmental Agencies,45,0,0,0,0,0,0,0,0,0,0,,
2025-08-12,https://nztcs.org.nz/,Department of Conservation,Public Service Departments,100,1613,1446,167,1613,577,0,0,0,0,0,,
2025-08-12,https://oio.linz.govt.nz/,Land Information New Zealand,Public Service Departments,14,28,28,0,28,2,0,0,0,0,0,,
2025-08-12,https://onlineservices.immigration.govt.nz/,"Ministry of Business, Innovation and Employment",Public Service Departments,6,68,48,20,68,28,0,0,0,0,0,,
2025-08-12,https://onzpr.mpi.govt.nz/,Ministry for Primary Industries,Public Service Departments,7,0,0,0,0,0,0,0,0,0,0,,
2025-08-12,https://open-data-mfe.hub.arcgis.com,"Ministry of Cities, Environment, Regions and Transport",Public Service Departments,8,16,16,0,16,4,0,0,0,0,0,,
2025-08-12,https://operationburnham.inquiry.govt.nz/,Department of Internal Affairs,Public Service Departments,84,793,709,84,793,21,0,0,0,0,0,,
2025-08-12,https://order.healthpromotion.govt.nz/,Health New Zealand,Crown Entities - Crown Agents,100,1074,1074,0,1074,277,0,0,0,0,0,,
2025-08-12,https://pa.getready.govt.nz/,National Emergency Management Agency,Public Service Departmental Agencies,60,0,0,0,0,0,0,0,0,0,0,,
2025-08-12,https://paekupu.co.nz/,Ministry of Education,Public Service Departments,100,746,608,138,746,100,0,0,0,0,0,,
2025-08-12,https://paperspast.natlib.govt.nz/,Department of Internal Affairs,Public Service Departments,100,530,519,11,530,160,0,0,0,0,0,,
2025-08-12,https://paymyinfringement.doc.govt.nz/,Department of Conservation,Public Service Departments,1,0,0,0,0,0,0,0,0,0,0,,
2025-08-12,https://permits-licences.doc.govt.nz/,Department of Conservation,Public Service Departments,2,0,0,0,0,0,0,0,0,0,0,,
2025-08-12,https://piersearch.mpi.govt.nz/,Ministry for Primary Industries,Public Service Departments,16,10,6,4,10,9,0,0,0,0,0,,
2025-08-12,https://pikeriver.royalcommission.govt.nz/,Department of Internal Affairs,Public Service Departments,64,130,130,0,130,14,0,0,0,0,0,,
2025-08-12,https://pitau.mbie.govt.nz/,"Ministry of Business, Innovation and Employment",Public Service Departments,2,0,0,0,0,0,0,0,0,0,0,,
2025-08-12,https://pjsp.govt.nz/,Ministry of Justice,Public Service Departments,100,4,4,0,4,4,0,0,0,0,0,,
2025-08-12,https://pld.education.govt.nz/,Ministry of Education,Public Service Departments,75,1152,729,423,1152,330,0,0,0,0,0,,
2025-08-12,https://poolinspectors.mbie.govt.nz/,"Ministry of Business, Innovation and Employment",Public Service Departments,24,72,50,22,72,26,0,0,0,0,0,,
2025-08-12,https://portal.api.business.govt.nz/,"Ministry of Business, Innovation and Employment",Public Service Departments,6,45,27,18,45,25,0,0,0,0,0,,
2025-08-12,https://portal.apis.stats.govt.nz/,Statistics New Zealand,Public Service Departments,7,90,26,64,90,28,0,0,0,0,0,,
2025-08-12,https://powerupplus.education.govt.nz/,Ministry of Education,Public Service Departments,1,14,12,2,14,14,0,0,0,0,0,,
2025-08-12,https://ppsr.companiesoffice.govt.nz/,"Ministry of Business, Innovation and Employment",Public Service Departments,73,48,20,28,48,12,0,0,0,0,0,,
2025-08-12,https://practice.orangatamariki.govt.nz/,Oranga Tamariki,Public Service Departments,100,189,9,180,189,12,0,0,0,0,0,,
2025-08-12,https://providinginformation.nzsis.govt.nz/,New Zealand Security Intelligence Service,Public Service Departments,1,2,2,0,2,2,0,0,0,0,0,,
2025-08-12,https://readingambassador.nz/,Department of Internal Affairs,Public Service Departments,53,98,98,0,98,92,0,0,0,0,0,,
2025-08-12,https://register.charities.govt.nz/CharitiesRegister/Search,Department of Internal Affairs,Public Service Departments,1,26,26,0,26,26,0,0,0,0,0,,
2025-08-12,https://resources.alcohol.org.nz/,Health New Zealand,Crown Entities - Crown Agents,100,114,10,104,114,15,0,0,0,0,0,,
2025-08-12,https://rrf.rsm.govt.nz/ui?state=1,"Ministry of Business, Innovation and Employment",Public Service Departments,1,3,3,0,3,3,0,0,0,0,0,,
2025-08-12,https://rtab.tenancy.govt.nz/tenancybuilder/startscreen,"Ministry of Business, Innovation and Employment",Public Service Departments,1,2,0,2,2,2,0,0,0,0,0,,
2025-08-12,https://school-leavers-toolkit.education.govt.nz/,Ministry of Education,Public Service Departments,73,280,280,0,280,223,0,0,0,0,0,,
2025-08-12,https://services-exporter-tool.govt.nz/,Ministry of Foreign Affairs and Trade,Public Service Departments,4,6,6,0,6,4,0,0,0,0,0,,
2025-08-12,https://services.workandincome.govt.nz/ua/supplier_registration,Ministry of Social Development,Public Service Departments,2,0,0,0,0,0,0,0,0,0,0,,
2025-08-12,https://sexualviolence.victimsinfo.govt.nz/,Ministry of Justice,Public Service Departments,45,692,152,540,692,54,0,0,0,0,0,,
2025-08-12,https://skillfinder.immigration.govt.nz/,"Ministry of Business, Innovation and Employment",Public Service Departments,1,12,12,0,12,12,0,0,0,0,0,,
2025-08-12,https://sm.getready.govt.nz/,National Emergency Management Agency,Public Service Departmental Agencies,60,0,0,0,0,0,0,0,0,0,0,,
2025-08-12,https://smartstart.services.govt.nz/,Department of Internal Affairs,Public Service Departments,32,404,314,90,404,61,0,0,0,0,0,,
2025-08-12,https://storymaps.arcgis.com/stories/907003437c504c9e9402420d05d59aeb,Department of Conservation,Public Service Departments,1,0,0,0,0,0,0,0,0,0,0,,
2025-08-12,https://support.api.business.govt.nz/s/,"Ministry of Business, Innovation and Employment",Public Service Departments,20,113,113,0,113,48,0,0,0,0,0,,
2025-08-12,https://takatu.civildefence.govt.nz/,National Emergency Management Agency,Public Service Departmental Agencies,2,4,4,0,4,2,0,0,0,0,0,,
2025-08-12,https://tatai.maori.nz/,Ministry of Health,Public Service Departments,4,65,65,0,65,40,0,0,0,0,0,,
2025-08-12,https://teaho.govt.nz/,Cancer Control Agency,Public Service Departmental Agencies,100,5388,4683,705,5388,1296,0,0,0,0,0,,
2025-08-12,https://teara.govt.nz/,Ministry for Culture and Heritage,Public Service Departments,100,148,130,18,148,148,0,0,0,0,0,,
2025-08-12,https://tehaeata.govt.nz/nau-mai-haere-mai-ki-te-haeata?destination=/kia-ora,Te Puni Kōkiri,Public Service Departments,9,3,1,2,3,3,0,0,0,0,0,,
2025-08-12,https://tehekemai.co.nz/,Ministry of Social Development,Public Service Departments,3,24,24,0,24,10,0,0,0,0,0,,
2025-08-12,https://terito.govt.nz/,Ministry of Education,Public Service Departments,15,82,80,2,82,10,0,0,0,0,0,,
2025-08-12,https://thehub.sia.govt.nz/,Social Investment Agency,Public Service Departments,100,1540,758,782,1540,52,0,0,0,0,0,,
2025-08-12,https://theinteryeti.govt.nz/,Department of Internal Affairs,Public Service Departments,1,4,0,4,4,4,0,0,0,0,0,,
2025-08-12,https://tl.getready.govt.nz/,National Emergency Management Agency,Public Service Departmental Agencies,100,0,0,0,0,0,0,0,0,0,0,,
2025-08-12,https://to.getready.govt.nz/,National Emergency Management Agency,Public Service Departmental Agencies,100,0,0,0,0,0,0,0,0,0,0,,
2025-08-12,https://tools.summaries.stats.govt.nz/,Statistics New Zealand,Public Service Departments,100,5973,510,5463,5973,573,0,0,0,0,0,,
2025-08-12,https://tools.tenancy.govt.nz/heating-tool,"Ministry of Business, Innovation and Employment",Public Service Departments,1,0,0,0,0,0,0,0,0,0,0,,
2025-08-12,https://trademeasurement.tradingstandards.govt.nz/,"Ministry of Business, Innovation and Employment",Public Service Departments,100,637,516,121,637,75,0,0,0,0,0,,
2025-08-12,https://treaties.mfat.govt.nz/,Ministry of Foreign Affairs and Trade,Public Service Departments,6,120,66,54,120,75,0,0,0,0,0,,
2025-08-12,https://tuiaeducation.org.nz/,Ministry of Education,Public Service Departments,15,367,367,0,367,241,0,0,0,0,0,,
2025-08-12,https://vacancies.mfat.govt.nz/,Ministry of Foreign Affairs and Trade,Public Service Departments,1,15,13,2,15,15,0,0,0,0,0,,
2025-08-12,https://victimsinfo.govt.nz/,Ministry of Justice,Public Service Departments,44,24,24,0,24,24,0,0,0,0,0,,
2025-08-12,https://vietnamwar.govt.nz/,Ministry for Culture and Heritage,Public Service Departments,100,652,318,334,652,183,0,0,0,0,0,,
2025-08-12,https://wastelevy.govt.nz/,"Ministry of Cities, Environment, Regions and Transport",Public Service Departments,6,9,9,0,9,16,0,0,0,0,0,,
2025-08-12,https://webarchive.natlib.govt.nz/,Department of Internal Affairs,Public Service Departments,6,80,77,3,80,42,0,0,0,0,0,,
2025-08-12,https://webrear.mbie.govt.nz/summary/new-zealand,"Ministry of Business, Innovation and Employment",Public Service Departments,1,16,13,3,16,16,0,0,0,0,0,,
2025-08-12,https://whakatau.govt.nz/,Te Tari Whakatau,Public Service Departmental Agencies,100,5980,5976,4,5980,1850,0,0,0,0,0,,
2025-08-12,https://wheturangitia.services.govt.nz/,Department of Internal Affairs,Public Service Departments,47,931,897,34,931,269,0,0,0,0,0,,
2025-08-12,https://workforce.education.govt.nz,Ministry of Education,Public Service Departments,60,142,142,0,142,107,0,0,0,0,0,,
2025-08-12,https://workplacerepository.mbie.govt.nz/,"Ministry of Business, Innovation and Employment",Public Service Departments,6,0,0,0,0,0,0,0,0,0,0,,
2025-08-12,https://wpb.business.govt.nz/workplacepolicybuilder/startscreen,"Ministry of Business, Innovation and Employment",Public Service Departments,1,2,0,2,2,2,0,0,0,0,0,,
2025-08-12,https://www.7726.govt.nz/,Department of Internal Affairs,Public Service Departments,6,16,16,0,16,6,0,0,0,0,0,,
2025-08-12,https://www.abuseincare.org.nz/,Department of Internal Affairs,Public Service Departments,100,458,335,123,458,76,0,0,0,0,0,,
2025-08-12,https://www.abuseinquiryresponse.govt.nz/,Public Service Commission,Public Service Departments,100,44,2,42,44,44,0,0,0,0,0,,
2025-08-12,https://www.alcohol.org.nz/,Health New Zealand,Crown Entities - Crown Agents,98,108,10,98,108,11,0,0,0,0,0,,
2025-08-12,https://www.archives.govt.nz/,Department of Internal Affairs,Public Service Departments,100,666,384,282,666,85,0,0,0,0,0,,
2025-08-12,https://www.areyouok.org.nz/,Ministry of Social Development,Public Service Departments,84,289,95,194,289,160,0,0,0,0,0,,
2025-08-12,https://www.armymuseum.co.nz/,New Zealand Defence Force,Non-Public Service Departments,100,4255,3430,825,4255,1123,0,0,0,0,0,,
2025-08-12,https://www.ata.govt.nz/web/cms_ata.nsf/,Department of Internal Affairs,Public Service Departments,62,360,236,124,360,10,0,0,0,0,0,,
2025-08-12,https://www.beehive.govt.nz/,Department of Internal Affairs,Public Service Departments,100,969,761,208,969,214,0,0,0,0,0,,
2025-08-12,https://www.betterrules.govt.nz/,"Ministry of Business, Innovation and Employment",Public Service Departments,6,22,16,6,22,9,0,0,0,0,0,,
2025-08-12,https://www.bionet.nz/,Ministry for Primary Industries,Public Service Departments,60,580,516,64,580,155,0,0,0,0,0,,
2025-08-12,https://www.boardappointments.co.nz/,The Treasury,Public Service Departments,17,261,244,17,261,63,0,0,0,0,0,,
2025-08-12,https://www.building.govt.nz/,"Ministry of Business, Innovation and Employment",Public Service Departments,100,1612,610,1002,1612,34,0,0,0,0,0,,
2025-08-12,https://www.business.govt.nz/,"Ministry of Business, Innovation and Employment",Public Service Departments,100,2102,1706,396,2102,91,0,0,0,0,0,,
2025-08-12,https://www.cadetnet.org.nz/,New Zealand Defence Force,Non-Public Service Departments,7,86,56,30,86,56,0,0,0,0,0,,
2025-08-12,https://www.canibuildit.govt.nz/,"Ministry of Business, Innovation and Employment",Public Service Departments,40,0,0,0,0,0,0,0,0,0,0,,
2025-08-12,https://www.canopy.govt.nz/,Ministry for Primary Industries,Public Service Departments,100,112,108,4,112,27,0,0,0,0,0,,
2025-08-12,https://www.changeispossible.org.nz/,Ministry of Social Development,Public Service Departments,100,485,138,347,485,69,0,0,0,0,0,,
2025-08-12,https://www.charities.govt.nz/,Department of Internal Affairs,Public Service Departments,100,1756,1278,478,1756,546,0,0,0,0,0,,
2025-08-12,https://www.charterschools.govt.nz/,Charter School Agency,Public Service Departmental Agencies,22,4,4,0,4,4,0,0,0,0,0,,
2025-08-12,https://www.childrensday.org.nz/,Oranga Tamariki,Public Service Departments,4,0,0,0,0,0,0,0,0,0,0,,
2025-08-12,https://www.chra.hud.govt.nz/,"Ministry of Cities, Environment, Regions and Transport",Public Service Departments,42,535,325,210,535,65,0,0,0,0,0,,
2025-08-12,https://www.christchurchappealtrust.org.nz,Department of Internal Affairs,Public Service Departments,25,576,526,50,576,183,0,0,0,0,0,,
2025-08-12,https://www.civildefence.govt.nz/,National Emergency Management Agency,Public Service Departmental Agencies,100,4,4,0,4,4,0,0,0,0,0,,
2025-08-12,https://www.communitymatters.govt.nz/,Department of Internal Affairs,Public Service Departments,100,2051,1495,556,2051,484,0,0,0,0,0,,
2025-08-12,https://www.companies.gov.nu/,"Ministry of Business, Innovation and Employment",Public Service Departments,27,9,9,0,9,7,0,0,0,0,0,,
2025-08-12,https://www.companiesoffice.govt.nz/,"Ministry of Business, Innovation and Employment",Public Service Departments,84,72,56,16,72,12,0,0,0,0,0,,
2025-08-12,https://www.companiesoffice.govt.nz/all-registers/approved-overseas-auditors-and-associations-of-accountants/,"Ministry of Business, Innovation and Employment",Public Service Departments,25,0,0,0,0,0,0,0,0,0,0,,
2025-08-12,https://www.companiesoffice.govt.nz/all-registers/auditors/,"Ministry of Business, Innovation and Employment",Public Service Departments,4,4,4,0,4,2,0,0,0,0,0,,
2025-08-12,https://www.companiesoffice.govt.nz/all-registers/building-societies/,"Ministry of Business, Innovation and Employment",Public Service Departments,7,0,0,0,0,0,0,0,0,0,0,,
2025-08-12,https://www.companiesoffice.govt.nz/all-registers/contributory-mortgage-brokers/,"Ministry of Business, Innovation and Employment",Public Service Departments,3,0,0,0,0,0,0,0,0,0,0,,
2025-08-12,https://www.companiesoffice.govt.nz/all-registers/credit-unions/,"Ministry of Business, Innovation and Employment",Public Service Departments,7,4,4,0,4,2,0,0,0,0,0,,
2025-08-12,https://www.companiesoffice.govt.nz/all-registers/friendly-societies/,"Ministry of Business, Innovation and Employment",Public Service Departments,8,2,2,0,2,2,0,0,0,0,0,,
2025-08-12,https://www.companiesoffice.govt.nz/all-registers/industrial-and-provident-societies/,"Ministry of Business, Innovation and Employment",Public Service Departments,6,0,0,0,0,0,0,0,0,0,0,,
2025-08-12,https://www.companiesoffice.govt.nz/all-registers/insolvency-practitioners/,"Ministry of Business, Innovation and Employment",Public Service Departments,22,2,2,0,2,2,0,0,0,0,0,,
2025-08-12,https://www.companiesoffice.govt.nz/all-registers/overseas-issuers/,"Ministry of Business, Innovation and Employment",Public Service Departments,1,1,1,0,1,1,0,0,0,0,0,,
2025-08-12,https://www.companiesoffice.govt.nz/all-registers/participatory-securities/,"Ministry of Business, Innovation and Employment",Public Service Departments,1,0,0,0,0,0,0,0,0,0,0,,
2025-08-12,https://www.companiesoffice.govt.nz/all-registers/registered-unions/,"Ministry of Business, Innovation and Employment",Public Service Departments,21,2,0,2,2,2,0,0,0,0,0,,
2025-08-12,https://www.companiesoffice.govt.nz/all-registers/retirement-villages/,"Ministry of Business, Innovation and Employment",Public Service Departments,16,13,13,0,13,4,0,0,0,0,0,,
2025-08-12,https://www.companiesoffice.govt.nz/all-registers/superannuation-schemes/,"Ministry of Business, Innovation and Employment",Public Service Departments,1,0,0,0,0,0,0,0,0,0,0,,
2025-08-12,https://www.companiesoffice.govt.nz/all-registers/unit-trusts/,"Ministry of Business, Innovation and Employment",Public Service Departments,1,0,0,0,0,0,0,0,0,0,0,,
2025-08-12,https://www.connect.co.nz/,Ministry of Social Development,Public Service Departments,5,2,2,0,2,2,0,0,0,0,0,,
2025-08-12,https://www.consumerprotection.govt.nz/,"Ministry of Business, Innovation and Employment",Public Service Departments,100,333,297,36,333,173,0,0,0,0,0,,
2025-08-12,https://www.corrections.govt.nz/,Department of Corrections,Public Service Departments,100,204,177,27,204,89,0,0,0,0,0,,
2025-08-12,https://www.courtsofnz.govt.nz/,Ministry of Justice,Public Service Departments,100,36,36,0,36,31,0,0,0,0,0,,
2025-08-12,https://www.covid19lessons.royalcommission.nz/,Department of Internal Affairs,Public Service Departments,100,18,12,6,18,11,0,0,0,0,0,,
2025-08-12,https://www.crownlaw.govt.nz/,Crown Law Office,Public Service Departments,81,6222,6060,162,6222,1651,0,0,0,0,0,,
2025-08-12,https://www.customs.govt.nz/,New Zealand Customs Service,Public Service Departments,100,522,512,10,522,27,0,0,0,0,0,,
2025-08-12,https://www.defence.govt.nz/,Ministry of Defence,Public Service Departments,100,46,4,42,46,6,0,0,0,0,0,,
2025-08-12,https://www.defencecareers.mil.nz/,New Zealand Defence Force,Non-Public Service Departments,100,948,914,34,948,207,0,0,0,0,0,,
2025-08-12,https://www.depression.org.nz,Health New Zealand,Crown Entities - Crown Agents,51,60,14,46,60,8,0,0,0,0,0,,
2025-08-12,https://www.dia.govt.nz/,Department of Internal Affairs,Public Service Departments,100,726,676,50,726,294,0,0,0,0,0,,
2025-08-12,https://www.digital.govt.nz/,Public Service Commission,Public Service Departments,100,0,0,0,0,0,0,0,0,0,0,,
2025-08-12,https://www.disabilitysupport.govt.nz/,Ministry of Social Development,Public Service Departments,100,7,7,0,7,7,0,0,0,0,0,,
2025-08-12,https://www.disputestribunal.govt.nz/,Ministry of Justice,Public Service Departments,24,52,52,0,52,4,0,0,0,0,0,,
2025-08-12,https://www.districtcourts.govt.nz/,Ministry of Justice,Public Service Departments,100,3207,1883,1324,3207,1058,0,0,0,0,0,,
2025-08-12,https://www.doc.govt.nz/,Department of Conservation,Public Service Departments,100,78,64,14,78,29,0,0,0,0,0,,
2025-08-12,https://www.dpmc.govt.nz/,Department of the Prime Minister and Cabinet,Public Service Departments,100,522,516,6,522,205,0,0,0,0,0,,
2025-08-12,https://www.education.govt.nz/,Ministry of Education,Public Service Departments,100,302,222,80,302,61,0,0,0,0,0,,
2025-08-12,https://www.educationcounts.govt.nz/home,Ministry of Education,Public Service Departments,0,0,0,0,0,0,0,0,0,0,0,,
2025-08-12,https://www.einvoicing.govt.nz/,"Ministry of Business, Innovation and Employment",Public Service Departments,100,402,292,110,402,37,0,0,0,0,0,,
2025-08-12,https://www.employment.govt.nz/,"Ministry of Business, Innovation and Employment",Public Service Departments,100,40,40,0,40,32,0,0,0,0,0,,
2025-08-12,https://www.employmentcourt.govt.nz/,Ministry of Justice,Public Service Departments,83,176,176,0,176,12,0,0,0,0,0,,
2025-08-12,https://www.environmentcourt.govt.nz/,Ministry of Justice,Public Service Departments,75,168,168,0,168,20,0,0,0,0,0,,
2025-08-12,https://www.era.govt.nz/,"Ministry of Business, Innovation and Employment",Public Service Departments,31,0,0,0,0,0,0,0,0,0,0,,
2025-08-12,https://www.ero.govt.nz/,Education Review Office,Public Service Departments,1,0,0,0,0,0,0,0,0,0,0,,
2025-08-12,https://www.ethniccommunities.govt.nz/,Ministry for Ethnic Communities,Public Service Departmental Agencies,100,1688,888,800,1688,119,0,0,0,0,0,,
2025-08-12,https://www.evidence.ero.govt.nz/,Education Review Office,Public Service Departments,100,1918,228,1690,1918,263,0,0,0,0,0,,
2025-08-12,https://www.ewrb.govt.nz/,"Ministry of Business, Innovation and Employment",Public Service Departments,100,21,9,12,21,7,0,0,0,0,0,,
2025-08-12,https://www.familyservices.govt.nz/directory/,Ministry of Social Development,Public Service Departments,100,518,160,358,518,326,0,0,0,0,0,,
2025-08-12,https://www.fma.govt.nz/,Financial Markets Authority,Crown Entities - Independent Crown Entities,100,1516,1288,228,1516,302,0,0,0,0,0,,
2025-08-12,https://www.fmg.org.nz/,"Ministry of Cities, Environment, Regions and Transport",Public Service Departments,82,2764,2600,164,2764,522,0,0,0,0,0,,
2025-08-12,https://www.gamblingaotearoa.govt.nz/,Department of Internal Affairs,Public Service Departments,2,28,22,6,28,20,0,0,0,0,0,,
2025-08-12,https://www.gamblingcommission.govt.nz/,Department of Internal Affairs,Public Service Departments,100,1513,527,986,1513,260,0,0,0,0,0,,
2025-08-12,https://www.gcsb.govt.nz/,Government Communications Security Bureau,Public Service Departments,100,0,0,0,0,0,0,0,0,0,0,,
2025-08-12,https://www.gets.govt.nz/ExternalIndex.htm,"Ministry of Business, Innovation and Employment",Public Service Departments,100,5161,4450,711,5161,1848,0,0,0,0,0,,
2025-08-12,https://www.govt.nz/,Public Service Commission,Public Service Departments,100,29,29,0,29,16,0,0,0,0,0,,
2025-08-12,https://www.groundrules.mpi.govt.nz/,Ministry for Primary Industries,Public Service Departments,100,24,24,0,24,3,0,0,0,0,0,,
2025-08-12,https://www.growregions.govt.nz/,"Ministry of Business, Innovation and Employment",Public Service Departments,100,240,58,182,240,26,0,0,0,0,0,,
2025-08-12,https://www.hcn.govt.nz/,Oranga Tamariki,Public Service Departments,4,9,9,0,9,3,0,0,0,0,0,,
2025-08-12,https://www.health.govt.nz/,Ministry of Health,Public Service Departments,100,2,2,0,2,1,0,0,0,0,0,,
2025-08-12,https://www.heartlandservices.govt.nz/,Ministry of Social Development,Public Service Departments,46,0,0,0,0,0,0,0,0,0,0,,
2025-08-12,https://www.hud.govt.nz/,"Ministry of Cities, Environment, Regions and Transport",Public Service Departments,100,452,241,211,452,37,0,0,0,0,0,,
2025-08-12,https://www.iaa.govt.nz/,"Ministry of Business, Innovation and Employment",Public Service Departments,100,169,167,2,169,14,0,0,0,0,0,,
2025-08-12,https://www.immigration.govt.nz/,"Ministry of Business, Innovation and Employment",Public Service Departments,100,18,18,0,18,8,0,0,0,0,0,,
2025-08-12,https://www.insolvency.govt.nz/,"Ministry of Business, Innovation and Employment",Public Service Departments,100,22,2,20,22,22,0,0,0,0,0,,
2025-08-12,https://www.iponz.govt.nz/,"Ministry of Business, Innovation and Employment",Public Service Departments,100,730,630,100,730,206,0,0,0,0,0,,
2025-08-12,https://www.ird.govt.nz/,Inland Revenue Department,Public Service Departments,100,7,7,0,7,7,0,0,0,0,0,,
2025-08-12,https://www.justice.govt.nz/,Ministry of Justice,Public Service Departments,100,240,240,0,240,36,0,0,0,0,0,,
2025-08-12,https://www.kauriprotection.co.nz/,Ministry for Primary Industries,Public Service Departments,100,59,59,0,59,16,0,0,0,0,0,,
2025-08-12,https://www.keepitrealonline.govt.nz/,Department of Internal Affairs,Public Service Departments,100,589,589,0,589,292,0,0,0,0,0,,
2025-08-12,https://www.knowledgehub.transport.govt.nz/,"Ministry of Cities, Environment, Regions and Transport",Public Service Departments,13,0,0,0,0,0,0,0,0,0,0,,
2025-08-12,https://www.lbp.govt.nz/,"Ministry of Business, Innovation and Employment",Public Service Departments,100,21,7,14,21,3,0,0,0,0,0,,
2025-08-12,https://www.ldac.org.nz/,Parliamentary Counsel Office,Non-Public Service Departments,100,508,256,252,508,258,0,0,0,0,0,,
2025-08-12,https://www.ldc.govt.nz/,Public Service Commission,Public Service Departments,100,73,73,0,73,33,0,0,0,0,0,,
2025-08-12,https://www.legislation.govt.nz/,Parliamentary Counsel Office,Non-Public Service Departments,100,1022,1022,0,1022,918,0,0,0,0,0,,
2025-08-12,https://www.lgc.govt.nz/,Department of Internal Affairs,Public Service Departments,100,60,34,26,60,7,0,0,0,0,0,,
2025-08-12,https://www.linz.govt.nz/,Land Information New Zealand,Public Service Departments,100,299,299,0,299,4,0,0,0,0,0,,
2025-08-12,https://www.lovebetter.org.nz/,Ministry of Social Development,Public Service Departments,100,22,22,0,22,22,0,0,0,0,0,,
2025-08-12,https://www.majorevents.govt.nz/,"Ministry of Business, Innovation and Employment",Public Service Departments,77,398,250,148,398,27,0,0,0,0,0,,
2025-08-12,https://www.maliat.govt.nz/,"Ministry of Cities, Environment, Regions and Transport",Public Service Departments,10,61,21,40,61,7,0,0,0,0,0,,
2025-08-12,https://www.marketplace.govt.nz/,Public Service Commission,Public Service Departments,84,119,39,80,119,16,0,0,0,0,0,,
2025-08-12,https://www.mbie.govt.nz/,"Ministry of Business, Innovation and Employment",Public Service Departments,100,238,222,16,238,54,0,0,0,0,0,,
2025-08-12,https://www.mbieinformationresources.com/,"Ministry of Business, Innovation and Employment",Public Service Departments,100,2365,1484,881,2365,1016,0,0,0,0,0,,
2025-08-12,https://www.mch.govt.nz/,Ministry for Culture and Heritage,Public Service Departments,100,342,242,100,342,30,0,0,0,0,0,,
2025-08-12,https://www.mch.govt.nz/our-work/memorials-and-commemorations/oi-manawa-canterbury-earthquake-national-memorial,Ministry for Culture and Heritage,Public Service Departments,2,6,4,2,6,3,0,0,0,0,0,,
2025-08-12,https://www.medsafe.govt.nz/,Ministry of Health,Public Service Departments,100,6,4,2,6,6,0,0,0,0,0,,
2025-08-12,https://www.mfat.govt.nz/,Ministry of Foreign Affairs and Trade,Public Service Departments,100,373,273,100,373,210,0,0,0,0,0,,
2025-08-12,https://www.motortraders.govt.nz/,"Ministry of Business, Innovation and Employment",Public Service Departments,78,84,20,64,84,58,0,0,0,0,0,,
2025-08-12,https://www.mpi.govt.nz/,Ministry for Primary Industries,Public Service Departments,100,962,651,311,962,330,0,0,0,0,0,,
2025-08-12,https://www.mpp.govt.nz/,Ministry for Pacific Peoples,Public Service Departments,100,1422,920,502,1422,336,0,0,0,0,0,,
2025-08-12,https://www.msd.govt.nz/,Ministry of Social Development,Public Service Departments,100,68,58,10,68,18,0,0,0,0,0,,
2025-08-12,https://www.myd.govt.nz/,Ministry of Social Development,Public Service Departments,100,8,8,0,8,8,0,0,0,0,0,,
2025-08-12,https://www.myrtlerust.org.nz/,Ministry for Primary Industries,Public Service Departments,57,640,451,189,640,365,0,0,0,0,0,,
2025-08-12,https://www.naeac.org.nz/,Ministry for Primary Industries,Public Service Departments,14,38,38,0,38,7,0,0,0,0,0,,
2025-08-12,https://www.nawac.org.nz/,Ministry for Primary Industries,Public Service Departments,21,102,80,22,102,38,0,0,0,0,0,,
2025-08-12,https://www.ncsc.govt.nz/,Government Communications Security Bureau,Public Service Departments,1,0,0,0,0,0,0,0,0,0,0,,
2025-08-12,https://www.newcops.govt.nz/,New Zealand Police,Non-Public Service Departments,58,553,263,290,553,121,0,0,0,0,0,,
2025-08-12,https://www.nokuteao.org.nz/,Health New Zealand,Crown Entities - Crown Agents,55,48,38,10,48,46,0,0,0,0,0,,
2025-08-12,https://www.nzbn.govt.nz/,"Ministry of Business, Innovation and Employment",Public Service Departments,63,141,65,76,141,5,0,0,0,0,0,,
2025-08-12,https://www.nzcrs.govt.nz/,"Ministry of Business, Innovation and Employment",Public Service Departments,91,546,546,0,546,120,0,0,0,0,0,,
2025-08-12,https://www.nzdf.mil.nz/nzdf/,New Zealand Defence Force,Non-Public Service Departments,100,419,419,0,419,144,0,0,0,0,0,,
2025-08-12,https://www.nzic.govt.nz/,Government Communications Security Bureau,Public Service Departments,3,24,24,0,24,24,0,0,0,0,0,,
2025-08-12,https://www.nzpam.govt.nz/,"Ministry of Business, Innovation and Employment",Public Service Departments,100,300,100,200,300,66,0,0,0,0,0,,
2025-08-12,https://www.nzrelay.co.nz/,"Ministry of Business, Innovation and Employment",Public Service Departments,27,520,305,215,520,446,0,0,0,0,0,,
2025-08-12,https://www.nzsar.govt.nz/,"Ministry of Cities, Environment, Regions and Transport",Public Service Departments,100,512,212,300,512,110,0,0,0,0,0,,
2025-08-12,https://www.nzsis.govt.nz/,New Zealand Security Intelligence Service,Public Service Departments,100,2,2,0,2,2,0,0,0,0,0,,
2025-08-12,https://www.nzsl.govt.nz/,Whaikaha,Public Service Departments,100,11,11,0,11,9,0,0,0,0,0,,
2025-08-12,https://www.officeforseniors.govt.nz/,Ministry of Social Development,Public Service Departments,100,288,162,126,288,22,0,0,0,0,0,,
2025-08-12,https://www.orangatamariki.govt.nz/,Oranga Tamariki,Public Service Departments,100,148,58,90,148,27,0,0,0,0,0,,
2025-08-12,https://www.orangatamarikiactionplan.govt.nz/,Oranga Tamariki,Public Service Departments,25,0,0,0,0,0,0,0,0,0,0,,
2025-08-12,https://www.ownyouronline.govt.nz/,Government Communications Security Bureau,Public Service Departments,100,14,14,0,14,3,0,0,0,0,0,,
2025-08-12,https://www.paroleboard.govt.nz/,Department of Corrections,Public Service Departments,100,100,100,0,100,1,0,0,0,0,0,,
2025-08-12,https://www.passports.govt.nz/,Department of Internal Affairs,Public Service Departments,32,54,50,4,54,14,0,0,0,0,0,,
2025-08-12,https://www.pco.govt.nz/,Parliamentary Counsel Office,Non-Public Service Departments,100,467,93,374,467,109,0,0,0,0,0,,
2025-08-12,https://www.pds.govt.nz/,Ministry of Justice,Public Service Departments,10,20,20,0,20,2,0,0,0,0,0,,
2025-08-12,https://www.police.govt.nz/,New Zealand Police,Non-Public Service Departments,100,937,898,39,937,744,0,0,0,0,0,,
2025-08-12,https://www.procurement.govt.nz/,"Ministry of Business, Innovation and Employment",Public Service Departments,100,282,109,173,282,68,0,0,0,0,0,,
2025-08-12,https://www.productsafety.govt.nz/,"Ministry of Business, Innovation and Employment",Public Service Departments,100,595,98,497,595,459,0,0,0,0,0,,
2025-08-12,https://www.protectivesecurity.govt.nz/,New Zealand Security Intelligence Service,Public Service Departments,100,701,701,0,701,8,0,0,0,0,0,,
2025-08-12,https://www.publicservice.govt.nz/,Public Service Commission,Public Service Departments,100,54,36,18,54,41,0,0,0,0,0,,
2025-08-12,https://www.qualityplanning.org.nz/,"Ministry of Cities, Environment, Regions and Transport",Public Service Departments,100,1020,1020,0,1020,635,0,0,0,0,0,,
2025-08-12,https://www.realme.govt.nz/,Department of Internal Affairs,Public Service Departments,25,0,0,0,0,0,0,0,0,0,0,,
2025-08-12,https://www.regulation.govt.nz/,Ministry for Regulation,Public Service Departments,100,137,100,37,137,8,0,0,0,0,0,,
2025-08-12,https://www.remauthority.govt.nz/,"Ministry of Business, Innovation and Employment",Public Service Departments,43,3,3,0,3,1,0,0,0,0,0,,
2025-08-12,https://www.reportspam.co.nz/,Department of Internal Affairs,Public Service Departments,3,9,3,6,9,3,0,0,0,0,0,,
2025-08-12,https://www.rsm.govt.nz/,"Ministry of Business, Innovation and Employment",Public Service Departments,100,55,55,0,55,31,0,0,0,0,0,,
2025-08-12,https://www.safergambling.org.nz/,Health New Zealand,Crown Entities - Crown Agents,25,67,10,57,67,10,0,0,0,0,0,,
2025-08-12,https://www.safetotalk.nz/,Ministry of Social Development,Public Service Departments,17,401,301,100,401,31,0,0,0,0,0,,
2025-08-12,https://www.safetravel.govt.nz/,Ministry of Foreign Affairs and Trade,Public Service Departments,100,520,512,8,520,36,0,0,0,0,0,,
2025-08-12,https://www.sfo.govt.nz/,Serious Fraud Office,Public Service Departments,100,32,30,2,32,32,0,0,0,0,0,,
2025-08-12,https://www.sia.govt.nz/,Social Investment Agency,Public Service Departments,100,225,104,121,225,78,0,0,0,0,0,,
2025-08-12,https://www.smallsteps.org.nz/,Health New Zealand,Crown Entities - Crown Agents,29,446,432,14,446,96,0,0,0,0,0,,
2025-08-12,https://www.smokefree.org.nz/,Health New Zealand,Crown Entities - Crown Agents,89,90,37,53,90,82,0,0,0,0,0,,
2025-08-12,https://www.standards.govt.nz/,"Ministry of Business, Innovation and Employment",Public Service Departments,100,121,121,0,121,75,0,0,0,0,0,,
2025-08-12,https://www.stats.govt.nz,Statistics New Zealand,Public Service Departments,100,2947,2211,736,2947,1620,0,0,0,0,0,,
2025-08-12,https://www.strengtheningfamilies.govt.nz/,Oranga Tamariki,Public Service Departments,17,0,0,0,0,0,0,0,0,0,0,,
2025-08-12,https://www.studylink.govt.nz/,Ministry of Social Development,Public Service Departments,100,0,0,0,0,0,0,0,0,0,0,,
2025-08-12,https://www.stv.govt.nz/index.shtml,Department of Internal Affairs,Public Service Departments,13,34,32,2,34,6,0,0,0,0,0,,
2025-08-12,https://www.supergold.govt.nz/,Ministry of Social Development,Public Service Departments,0,0,0,0,0,0,0,0,0,0,0,,
2025-08-12,https://www.survivorexperiences.govt.nz/,Department of Internal Affairs,Public Service Departments,36,42,32,10,42,38,0,0,0,0,0,,
2025-08-12,https://www.tariff-finder.govt.nz/,Ministry of Foreign Affairs and Trade,Public Service Departments,3,271,265,6,271,139,0,0,0,0,0,,
2025-08-12,https://www.tas.mbie.govt.nz/,"Ministry of Business, Innovation and Employment",Public Service Departments,19,4,4,0,4,4,0,0,0,0,0,,
2025-08-12,https://www.taxpolicy.ird.govt.nz/,Inland Revenue Department,Public Service Departments,100,36,36,0,36,7,0,0,0,0,0,,
2025-08-12,https://www.taxtechnical.ird.govt.nz/,Inland Revenue Department,Public Service Departments,100,191,191,0,191,31,0,0,0,0,0,,
2025-08-12,https://www.tehaorangahau.msd.govt.nz/,Ministry of Social Development,Public Service Departments,100,2,2,0,2,2,0,0,0,0,0,,
2025-08-12,https://www.tenancy.govt.nz/,"Ministry of Business, Innovation and Employment",Public Service Departments,100,1597,118,1479,1597,159,0,0,0,0,0,,
2025-08-12,https://www.tki.org.nz/,Ministry of Education,Public Service Departments,100,238,238,0,238,138,0,0,0,0,0,,
2025-08-12,https://www.tkm.govt.nz/,Te Puni Kōkiri,Public Service Departments,100,244,244,0,244,16,0,0,0,0,0,,
2025-08-12,https://www.tools.business.govt.nz/boost/,"Ministry of Business, Innovation and Employment",Public Service Departments,1,3,2,1,3,3,0,0,0,0,0,,
2025-08-12,https://www.tools.business.govt.nz/cashflow-forecaster/,"Ministry of Business, Innovation and Employment",Public Service Departments,1,7,1,6,7,7,0,0,0,0,0,,
2025-08-12,https://www.tools.business.govt.nz/climate/,"Ministry of Business, Innovation and Employment",Public Service Departments,3,33,18,15,33,26,0,0,0,0,0,,
2025-08-12,https://www.tools.business.govt.nz/do-business-online/,"Ministry of Business, Innovation and Employment",Public Service Departments,2,6,6,0,6,5,0,0,0,0,0,,
2025-08-12,https://www.tools.business.govt.nz/funding-explorer/,"Ministry of Business, Innovation and Employment",Public Service Departments,2,4,4,0,4,3,0,0,0,0,0,,
2025-08-12,https://www.tradebarriers.govt.nz/,Ministry of Foreign Affairs and Trade,Public Service Departments,7,1,1,0,1,1,0,0,0,0,0,,
2025-08-12,https://www.tradingstandards.govt.nz/,"Ministry of Business, Innovation and Employment",Public Service Departments,8,24,24,0,24,3,0,0,0,0,0,,
2025-08-12,https://www.transport.govt.nz/,"Ministry of Cities, Environment, Regions and Transport",Public Service Departments,100,1548,1096,452,1548,182,0,0,0,0,0,,
2025-08-12,https://www.travellerdeclaration.govt.nz/,"Ministry of Business, Innovation and Employment",Public Service Departments,23,72,49,23,72,6,0,0,0,0,0,,
2025-08-12,https://www.treasury.govt.nz/,The Treasury,Public Service Departments,100,482,482,0,482,199,0,0,0,0,0,,
2025-08-12,https://www.tsw.govt.nz/external/application/login/app.html,New Zealand Customs Service,Public Service Departments,1,12,8,4,12,8,0,0,0,0,0,,
2025-08-12,https://www.tuiatetaiao.nz/,Ministry for Primary Industries,Public Service Departments,30,128,95,33,128,40,0,0,0,0,0,,
2025-08-12,https://www.tupu.nz/,Te Puni Kōkiri,Public Service Departments,100,186,186,0,186,38,0,0,0,0,0,,
2025-08-12,https://www.unittitles.govt.nz/,"Ministry of Business, Innovation and Employment",Public Service Departments,99,1323,287,1036,1323,84,0,0,0,0,0,,
2025-08-12,https://www.veteransaffairs.mil.nz/,New Zealand Defence Force,Non-Public Service Departments,100,35,13,22,35,16,0,0,0,0,0,,
2025-08-12,https://www.waitangitribunal.govt.nz/,Ministry of Justice,Public Service Departments,100,315,279,36,315,148,0,0,0,0,0,,
2025-08-12,https://www.whaikaha.govt.nz/,Whaikaha,Public Service Departments,100,0,0,0,0,0,0,0,0,0,0,,
2025-08-12,https://www.women.govt.nz/,Ministry for Women,Public Service Departments,100,2187,1983,204,2187,165,0,0,0,0,0,,
2025-08-12,https://www.workandincome.govt.nz/,Ministry of Social Development,Public Service Departments,100,10,6,4,10,10,0,0,0,0,0,,
2025-08-12,https://www.workandincome.govt.nz/map/index.html,Ministry of Social Development,Public Service Departments,100,283,203,80,283,7,0,0,0,0,0,,
2025-08-12,https://www.workforceinsights.govt.nz/,Ministry for Primary Industries,Public Service Departments,100,266,65,201,266,8,0,0,0,0,0,,
2025-08-12,https://www.xn--morilandcourt-wqb.govt.nz/,Ministry of Justice,Public Service Departments,100,4472,4472,0,4472,769,0,0,0,0,0,,
2025-08-12,https://www.xn--tekhuikhu-7bbe.govt.nz/,Ministry of Social Development,Public Service Departments,24,0,0,0,0,0,0,0,0,0,0,,
2025-08-12,https://www.youthcourt.govt.nz/home-2/,Ministry of Justice,Public Service Departments,1,2,2,0,2,2,0,0,0,0,0,,
2025-08-12,https://www.youthservice.govt.nz/,Ministry of Social Development,Public Service Departments,38,6,6,0,6,6,0,0,0,0,0,,
2025-08-12,https://www2.justice.govt.nz/elibsonline/,Ministry of Justice,Public Service Departments,21,18,18,0,18,18,0,0,0,0,0,,
2025-08-12,https://youthguarantee.education.govt.nz,Ministry of Education,Public Service Departments,100,2455,1922,533,2455,319,0,0,0,0,0,,
2025-08-12,https://zh-hans.getready.govt.nz/,National Emergency Management Agency,Public Service Departmental Agencies,100,0,0,0,0,0,0,0,0,0,0,,
2025-08-12,https://zh-hant.getready.govt.nz/,National Emergency Management Agency,Public Service Departmental Agencies,60,0,0,0,0,0,0,0,0,0,0,,
2025-09-29,https://28maoribattalion.org.nz/,Ministry for Culture and Heritage,Public Service Departments,100,52,48,4,52,42,99,100,100,0,58,10.957,10.989
2025-09-29,https://aca-auprod.accela.com/NZPAM/Welcome.aspx,"Ministry of Business, Innovation and Employment",Public Service Departments,5,31,25,6,31,15,6,3,3,0,4,13.418,15.58
2025-09-29,https://acart.health.govt.nz/,Ministry of Health,Public Service Departments,64,20,12,8,20,8,0,0,0,0,44,10.247,13.167
2025-09-29,https://airforcemuseum.co.nz/,New Zealand Defence Force,Non-Public Service Departments,100,1334,1072,262,1334,532,181,8,8,0,158,8.88,11.346
2025-09-29,https://aml.dia.govt.nz/,Department of Internal Affairs,Public Service Departments,17,438,201,237,438,261,17,1,1,0,12,12.297,14.646
2025-09-29,https://annualreport2021.msd.govt.nz/,Ministry of Social Development,Public Service Departments,78,0,0,0,0,0,0,0,0,0,72,11.134,12.446
2025-09-29,https://anyquestions.govt.nz/,Department of Internal Affairs,Public Service Departments,100,8436,7564,872,8436,4043,10,37,37,0,187,5.942,9.386
2025-09-29,https://aotearoahistories.education.govt.nz/,Ministry of Education,Public Service Departments,10,31,31,0,31,8,20,3,3,0,12,9.852,12.724
2025-09-29,https://api.doc.govt.nz/,Department of Conservation,Public Service Departments,1,12,6,6,12,12,0,1,1,0,0,,
2025-09-29,https://api.msd.govt.nz/,Ministry of Social Development,Public Service Departments,12,3,3,0,3,3,44,2,2,0,16,9.516,11.605
2025-09-29,https://app.birdbanding.doc.govt.nz/,Department of Conservation,Public Service Departments,4,46,38,8,46,20,0,1,1,0,0,,
2025-09-29,https://app.businessregisters.govt.nz/,"Ministry of Business, Innovation and Employment",Public Service Departments,1,6,5,1,6,6,0,0,0,0,0,,
2025-09-29,https://applications.education.govt.nz/,Ministry of Education,Public Service Departments,100,499,467,32,499,104,781,100,100,0,82,8.356,10.98
2025-09-29,https://apply.justice.govt.nz/,Ministry of Justice,Public Service Departments,94,2411,2271,140,2411,199,844,64,64,0,120,7.739,11.135
2025-09-29,https://ar.getready.govt.nz/,National Emergency Management Agency,Public Service Departmental Agencies,49,0,0,0,0,0,6,0,0,0,0,,
2025-09-29,https://aria.stats.govt.nz/aria/,Statistics New Zealand,Public Service Departments,0,0,0,0,0,0,0,0,0,0,0,,
2025-09-29,https://aroturuki.govt.nz/,Aroturuki Tamariki,Crown Entities - Independent Crown Entities,100,21,21,0,21,1,100,37,37,0,158,10.33,12.338
2025-09-29,https://auctioneers.mbie.govt.nz/,"Ministry of Business, Innovation and Employment",Public Service Departments,100,222,200,22,222,24,46,1,1,0,176,8.066,11.455
2025-09-29,https://basemaps.linz.govt.nz/,Land Information New Zealand,Public Service Departments,1,7,0,7,7,7,2,0,0,0,0,,
2025-09-29,https://bdmhistoricalrecords.dia.govt.nz/,Department of Internal Affairs,Public Service Departments,27,136,64,72,136,42,0,27,27,0,0,,
2025-09-29,https://bdmonline.dia.govt.nz/,Department of Internal Affairs,Public Service Departments,11,22,22,0,22,2,0,11,11,0,0,,
2025-09-29,https://beyondordinary.nzic.govt.nz/,Government Communications Security Bureau,Public Service Departments,25,0,0,0,0,0,0,11,11,0,30,8.921,11.783
2025-09-29,https://blog.doc.govt.nz/,Department of Conservation,Public Service Departments,100,2957,2957,0,2957,706,100,1,1,0,64,7.728,10.33
2025-09-29,https://bookings.doc.govt.nz/web/,Department of Conservation,Public Service Departments,4,116,52,64,116,44,11,0,0,0,0,,
2025-09-29,https://budget.govt.nz/,The Treasury,Public Service Departments,100,10,10,0,10,5,17,0,0,0,22,10.442,13.009
2025-09-29,https://bullyingfree.nz/,Ministry of Education,Public Service Departments,100,4517,4507,10,4517,2947,670,100,100,0,134,8.184,11.404
2025-09-29,https://businessonlineservices.msd.govt.nz/bos/MSDProviderLogon.jsp,Ministry of Social Development,Public Service Departments,1,2,2,0,2,2,0,1,1,0,0,,
2025-09-29,https://cadetforces.org.nz/,New Zealand Defence Force,Non-Public Service Departments,19,295,295,0,295,170,0,1,1,0,34,10.276,12.347
2025-09-29,https://canterbury.royalcommission.govt.nz/,Department of Internal Affairs,Public Service Departments,100,490,290,200,490,42,100,100,100,0,112,11.104,13.335
2025-09-29,https://careers.corrections.govt.nz/,Department of Corrections,Public Service Departments,100,310,310,0,310,99,275,15,15,0,141,8.701,11.349
2025-09-29,https://careers.customs.govt.nz/home,New Zealand Customs Service,Public Service Departments,66,567,507,60,567,167,104,22,22,0,52,10.734,13.317
2025-09-29,https://careers.education.govt.nz/,Ministry of Education,Public Service Departments,7,14,14,0,14,6,0,5,5,0,8,9.565,12.057
2025-09-29,https://careers.linz.govt.nz/,Land Information New Zealand,Public Service Departments,41,150,150,0,150,40,166,0,0,0,30,10.843,13.59
2025-09-29,https://careers.mfe.govt.nz/,"Ministry of Cities, Environment, Regions and Transport",Public Service Departments,29,650,566,84,650,130,284,14,14,0,30,9.382,12.501
2025-09-29,https://careers.regulation.govt.nz/,Ministry for Regulation,Public Service Departments,22,17,3,14,17,9,16,1,1,0,14,10.749,13.63
2025-09-29,https://catalogue.data.govt.nz/dataset,Public Service Commission,Public Service Departments,100,3114,2895,219,3114,780,100,7,7,0,0,,
2025-09-29,https://celebrants.dia.govt.nz/,Department of Internal Affairs,Public Service Departments,2,28,14,14,28,22,0,0,0,0,0,,
2025-09-29,https://centralagenciesjobs.cass.govt.nz/home,The Treasury,Public Service Departments,83,346,318,28,346,67,3,1,1,0,100,11.235,14.088
2025-09-29,https://certificates.services.govt.nz/,Department of Internal Affairs,Public Service Departments,3,0,0,0,0,0,3,0,0,0,2,7.689,10.565
2025-09-29,https://charts.linz.govt.nz/,Land Information New Zealand,Public Service Departments,100,1204,1186,18,1204,565,2,1,1,0,150,10.541,14.059
2025-09-29,https://check.msd.govt.nz/,Ministry of Social Development,Public Service Departments,7,2,2,0,2,2,0,0,0,0,8,4.796,4.684
2025-09-29,https://chiefvictimsadvisor.justice.govt.nz/,Ministry of Justice,Public Service Departments,19,38,38,0,38,2,0,19,19,0,0,,
2025-09-29,https://christchurchattack.royalcommission.nz/,Department of Internal Affairs,Public Service Departments,100,47,45,2,47,35,15,22,22,0,150,10.727,13.409
2025-09-29,https://ci.getready.govt.nz/,National Emergency Management Agency,Public Service Departmental Agencies,60,0,0,0,0,0,4,52,52,0,0,,
2025-09-29,https://codehub.building.govt.nz/,"Ministry of Business, Innovation and Employment",Public Service Departments,100,468,465,3,468,318,0,17,17,0,92,8.774,12.101
2025-09-29,https://collections.archives.govt.nz/,Department of Internal Affairs,Public Service Departments,100,810,553,257,810,23,12,0,0,0,36,4.813,8.566
2025-09-29,https://companies-register.companiesoffice.govt.nz/,"Ministry of Business, Innovation and Employment",Public Service Departments,100,38,24,14,38,18,0,4,4,0,112,7.991,11.639
2025-09-29,https://consult.environment.govt.nz/,"Ministry of Cities, Environment, Regions and Transport",Public Service Departments,100,4,4,0,4,1,3,100,100,0,90,9.122,12.078
2025-09-29,https://consult.health.govt.nz/,Ministry of Health,Public Service Departments,100,4,4,0,4,1,0,1,1,0,126,9.945,12.735
2025-09-29,https://consultation.dpmc.govt.nz/,Department of the Prime Minister and Cabinet,Public Service Departments,36,1,1,0,1,1,0,36,36,0,32,11.224,13.994
2025-09-29,https://consultation.regulation.govt.nz/,Ministry for Regulation,Public Service Departments,26,1,1,0,1,1,0,26,26,0,14,10.439,12.464
2025-09-29,https://consultations.justice.govt.nz/,Ministry of Justice,Public Service Departments,100,3,3,0,3,3,3,100,100,0,104,9.127,12.254
2025-09-29,https://coronerscourt.govt.nz/,Ministry of Justice,Public Service Departments,89,207,207,0,207,21,1,89,89,0,0,,
2025-09-29,https://ct-register.companiesoffice.govt.nz/,"Ministry of Business, Innovation and Employment",Public Service Departments,53,40,14,26,40,16,0,3,3,0,72,7.553,10.878
2025-09-29,https://curriculumprogresstools.education.govt.nz/,Ministry of Education,Public Service Departments,36,1393,1279,114,1393,155,0,6,6,0,38,8.628,11.118
2025-09-29,https://data.govt.nz/,Public Service Commission,Public Service Departments,100,34,34,0,34,33,1,6,6,0,128,9.971,12.22
2025-09-29,https://data.linz.govt.nz/,Land Information New Zealand,Public Service Departments,100,1063,742,321,1063,130,161,0,0,0,0,,
2025-09-29,https://data.mfe.govt.nz,"Ministry of Cities, Environment, Regions and Transport",Public Service Departments,100,979,684,295,979,144,170,0,0,0,0,,
2025-09-29,https://datainfoplus.stats.govt.nz/,Statistics New Zealand,Public Service Departments,0,0,0,0,0,0,0,0,0,0,0,,
2025-09-29,https://deathdocs.services.govt.nz/,Department of Internal Affairs,Public Service Departments,9,130,128,2,130,62,0,9,9,0,6,13.073,15.263
2025-09-29,https://debtmanagement.treasury.govt.nz/,The Treasury,Public Service Departments,100,1499,1297,202,1499,244,795,6,6,0,118,12.437,14.627
2025-09-29,https://deptconservation.maps.arcgis.com/apps/webappviewer/index.html?id=4299ffa07de9451994681b43b60ad95b,Department of Conservation,Public Service Departments,1,2,0,2,2,2,1,0,0,0,0,,
2025-09-29,https://designsystem.education.govt.nz/,Ministry of Education,Public Service Departments,34,56,56,0,56,23,172,5,5,0,40,7.375,10.425
2025-09-29,https://devdata.mfat.govt.nz/,Ministry of Foreign Affairs and Trade,Public Service Departments,100,45,29,16,45,22,1571,0,0,0,6,7.901,10.966
2025-09-29,https://developers.realme.govt.nz/,Department of Internal Affairs,Public Service Departments,0,0,0,0,0,0,0,0,0,0,0,,
2025-09-29,https://dia.services.govt.nz/,Department of Internal Affairs,Public Service Departments,6,69,48,21,69,54,0,0,0,0,6,7.962,11.201
2025-09-29,https://digitalnz.org/,Department of Internal Affairs,Public Service Departments,100,1733,1651,82,1733,138,155,1,1,0,152,5.52,8.888
2025-09-29,https://digitalsuite.co.nz/,Ministry of Social Development,Public Service Departments,4,2,2,0,2,1,0,2,2,0,4,10.978,13.601
2025-09-29,https://disclose-register.companiesoffice.govt.nz/,"Ministry of Business, Innovation and Employment",Public Service Departments,97,37,17,20,37,11,0,1,1,0,127,8.527,11.734
2025-09-29,https://disclosure.legislation.govt.nz/,Parliamentary Counsel Office,Non-Public Service Departments,100,38,38,0,38,36,0,100,100,0,8,10.918,13.54
2025-09-29,https://dispute.employment.govt.nz/app/Extra/Employment/Default.aspx,"Ministry of Business, Innovation and Employment",Public Service Departments,1,13,12,1,13,13,2,1,1,0,0,,
2025-09-29,https://dispute.era.govt.nz/app/Extra/ERA/Default.aspx,"Ministry of Business, Innovation and Employment",Public Service Departments,1,4,3,1,4,4,2,0,0,0,0,,
2025-09-29,https://dispute.tenancy.govt.nz/app/Extra/TenancyTribunal/Default.aspx,"Ministry of Business, Innovation and Employment",Public Service Departments,1,6,5,1,6,6,2,1,1,0,0,,
2025-09-29,https://doc-deptconservation.opendata.arcgis.com/,Department of Conservation,Public Service Departments,32,64,64,0,64,2,16,0,0,0,0,,
2025-09-29,https://ea.analytics.msd.govt.nz/,Ministry of Social Development,Public Service Departments,1,0,0,0,0,0,1,0,0,0,0,,
2025-09-29,https://eab.business.govt.nz/employmentagreementbuilder/startscreen,"Ministry of Business, Innovation and Employment",Public Service Departments,1,2,0,2,2,2,0,0,0,0,0,,
2025-09-29,https://earlylearning.services.govt.nz/,Department of Internal Affairs,Public Service Departments,42,607,607,0,607,190,0,1,1,0,24,7.62,10.191
2025-09-29,https://ecart.health.govt.nz/,Ministry of Health,Public Service Departments,21,20,12,8,20,8,0,0,0,0,12,9.973,12.901
2025-09-29,https://encservice.linz.govt.nz/,Land Information New Zealand,Public Service Departments,9,9,5,4,9,9,0,1,1,0,10,8.692,10.853
2025-09-29,https://endoflife.services.govt.nz/,Department of Internal Affairs,Public Service Departments,10,282,90,192,282,197,21,10,10,0,0,,
2025-09-29,https://environment.govt.nz/,"Ministry of Cities, Environment, Regions and Transport",Public Service Departments,100,17,17,0,17,17,1,18,18,0,66,9.417,12.017
2025-09-29,https://epbr.building.govt.nz/,"Ministry of Business, Innovation and Employment",Public Service Departments,1,35,8,27,35,10,0,1,1,0,0,,
2025-09-29,https://er.getready.govt.nz/,National Emergency Management Agency,Public Service Departmental Agencies,35,0,0,0,0,0,0,17,17,0,4,11.187,14.155
2025-09-29,https://es.getready.govt.nz/,National Emergency Management Agency,Public Service Departmental Agencies,61,0,0,0,0,0,10,27,27,0,0,,
2025-09-29,https://ethics.health.govt.nz/,Ministry of Health,Public Service Departments,100,78,14,64,78,66,0,3,3,0,62,9.786,12.678
2025-09-29,https://ethnicxchange.org.nz/,Ministry for Ethnic Communities,Public Service Departmental Agencies,1,0,0,0,0,0,2,0,0,0,2,7.34,10.522
2025-09-29,https://etuwhanau.org.nz/,Ministry of Social Development,Public Service Departments,100,811,87,724,811,156,50,5,5,0,122,8.577,11.421
2025-09-29,https://evaluationhub.education.govt.nz/,Ministry of Education,Public Service Departments,18,6,6,0,6,6,108,18,18,0,18,8.592,11.34
2025-09-29,https://explore.data.stats.govt.nz/,Statistics New Zealand,Public Service Departments,1,2,1,1,2,2,0,0,0,0,0,,
2025-09-29,https://exportcredit.treasury.govt.nz/,The Treasury,Public Service Departments,100,1416,1338,78,1416,236,785,3,3,0,98,11.254,13.45
2025-09-29,https://fa-eqqg-saasfaprod1.fa.ocs.oraclecloud.com/hcmUI/CandidateExperience/en/sites/CX_1001/,Department of Internal Affairs,Public Service Departments,46,90,90,0,90,10,46,6,6,0,47,11.128,14.03
2025-09-29,https://fadc.govt.nz/,Financial Markets Authority,Crown Entities - Independent Crown Entities,16,135,119,16,135,60,17,8,8,0,10,10.777,14.108
2025-09-29,https://financialadvicecode.govt.nz,Financial Markets Authority,Crown Entities - Independent Crown Entities,12,136,124,12,136,44,12,0,0,0,4,10.97,14.318
2025-09-29,https://fintech.govt.nz,Financial Markets Authority,Crown Entities - Independent Crown Entities,8,25,25,0,25,12,0,0,0,0,14,10.055,12.733
2025-09-29,https://fms-cp.mfe-enquire.cloud/user/realme.html,"Ministry of Cities, Environment, Regions and Transport",Public Service Departments,1,6,2,4,6,6,0,1,1,0,0,,
2025-09-29,https://form.abuseincaretopups.govt.nz/online_forms/top_up_resolved_claim_form/new,Ministry of Social Development,Public Service Departments,1,0,0,0,0,0,0,0,0,0,2,3.973,7.169
2025-09-29,https://fsp-register.companiesoffice.govt.nz/,"Ministry of Business, Innovation and Employment",Public Service Departments,74,37,20,17,37,21,0,1,1,0,99,8.13,11.554
2025-09-29,https://ftp.doc.govt.nz/login,Department of Conservation,Public Service Departments,2,20,16,4,20,10,1,0,0,0,0,,
2025-09-29,https://fuelquality.tradingstandards.govt.nz/,"Ministry of Business, Innovation and Employment",Public Service Departments,24,155,121,34,155,40,33,2,2,0,34,10.842,13.196
2025-09-29,https://gazette.education.govt.nz/,Ministry of Education,Public Service Departments,100,4642,4326,316,4642,759,8,100,100,0,128,8.001,11.372
2025-09-29,https://gazette.govt.nz/,Public Service Commission,Public Service Departments,100,2266,1660,606,2266,49,214,5,5,0,70,9.585,11.826
2025-09-29,https://gazetteer.linz.govt.nz/,Land Information New Zealand,Public Service Departments,1,0,0,0,0,0,0,0,0,0,0,,
2025-09-29,https://getready.govt.nz/,National Emergency Management Agency,Public Service Departmental Agencies,100,92,40,52,92,46,7,12,12,0,132,4.913,8.609
2025-09-29,https://gg.govt.nz/,Department of the Prime Minister and Cabinet,Public Service Departments,100,1836,1786,50,1836,989,2,12,12,0,88,9.257,11.628
2025-09-29,https://globalresearchalliance.org/,Ministry for Primary Industries,Public Service Departments,100,4765,4405,360,4765,1650,1959,100,100,0,78,11.659,13.893
2025-09-29,https://govtnz.github.io/web-a11y-guidance/,Public Service Commission,Public Service Departments,100,0,0,0,0,0,1,0,0,0,110,8.859,11.701
2025-09-29,https://granted.govt.nz/,Department of Internal Affairs,Public Service Departments,1,0,0,0,0,0,2,0,0,0,0,,
2025-09-29,https://gwn.govt.nz/,Public Service Commission,Public Service Departments,100,553,547,6,553,328,206,24,24,0,130,8.826,11.458
2025-09-29,https://health.nzdf.mil.nz/,New Zealand Defence Force,Non-Public Service Departments,100,1095,1077,18,1095,811,14,0,0,0,104,8.509,11.323
2025-09-29,https://health.wd105.myworkdayjobs.com/External,Ministry of Health,Public Service Departments,29,58,58,0,58,7,98,29,29,0,10,11.17,13.84
2025-09-29,https://healthed.govt.nz/,Health New Zealand,Crown Entities - Crown Agents,100,260,42,218,260,48,115,5,5,0,64,6.694,9.362
2025-09-29,https://hearings.courtsofnz.govt.nz/,Ministry of Justice,Public Service Departments,9,0,0,0,0,0,0,0,0,0,6,8.705,11.925
2025-09-29,https://hepikorua.education.govt.nz/,Ministry of Education,Public Service Departments,34,874,556,318,874,362,1,11,11,0,0,,
2025-09-29,https://hi.getready.govt.nz/,National Emergency Management Agency,Public Service Departmental Agencies,53,0,0,0,0,0,6,36,36,0,0,,
2025-09-29,https://humanrights.govt.nz/,Ministry of Justice,Public Service Departments,1,13,13,0,13,13,2,0,0,0,0,,
2025-09-29,https://inclusive.tki.org.nz/,Ministry of Education,Public Service Departments,100,4484,4268,216,4484,177,2,0,0,0,160,6.981,10.182
2025-09-29,https://infoshare.stats.govt.nz,Statistics New Zealand,Public Service Departments,13,274,202,72,274,86,1,13,13,0,0,,
2025-09-29,https://inspectorate.corrections.govt.nz/,Department of Corrections,Public Service Departments,100,367,367,0,367,347,7,100,100,0,138,12.125,14.377
2025-09-29,https://is-register.companiesoffice.govt.nz/,"Ministry of Business, Innovation and Employment",Public Service Departments,100,60,18,42,60,20,0,3,3,0,146,8.734,11.763
2025-09-29,https://iya.education.govt.nz/login,Ministry of Education,Public Service Departments,2,32,18,14,32,18,0,0,0,0,0,,
2025-09-29,https://ja.getready.govt.nz/,National Emergency Management Agency,Public Service Departmental Agencies,57,0,0,0,0,0,8,1,1,0,0,,
2025-09-29,https://jcc.govt.nz/,Ministry of Justice,Public Service Departments,5,0,0,0,0,0,13,2,2,0,8,10.623,12.909
2025-09-29,https://jobs.defence.govt.nz/home,Ministry of Defence,Public Service Departments,7,87,72,15,87,57,0,3,3,0,0,,
2025-09-29,https://jobs.govt.nz/,Public Service Commission,Public Service Departments,100,4,4,0,4,4,7,33,33,0,152,10.437,13.312
2025-09-29,https://jobs.mbie.govt.nz/,"Ministry of Business, Innovation and Employment",Public Service Departments,100,121,120,1,121,77,2,0,0,0,138,11.405,13.823
2025-09-29,https://jobs.msd.govt.nz/,Ministry of Social Development,Public Service Departments,100,698,382,316,698,118,0,77,77,0,166,10.586,12.347
2025-09-29,https://jobs.tewhatuora.govt.nz/jobtools/JnCustomLogin.Login?in_organid=19739,Health New Zealand,Crown Entities - Crown Agents,24,86,58,28,86,16,44,15,15,0,20,9.804,12.575
2025-09-29,https://kaorakaako.education.govt.nz/,Ministry of Education,Public Service Departments,100,52,52,0,52,8,74,3,3,0,110,6.313,9.382
2025-09-29,https://katoatoa.mpp.govt.nz/,Ministry for Pacific Peoples,Public Service Departments,1,8,8,0,8,8,0,1,1,0,0,,
2025-09-29,https://kauwhatareo.govt.nz/,Ministry of Education,Public Service Departments,100,877,791,86,877,103,367,0,0,0,0,,
2025-09-29,https://kowhiti-whakapae.education.govt.nz/,Ministry of Education,Public Service Departments,100,251,251,0,251,39,0,2,2,0,114,9.716,12.22
2025-09-29,https://kupe.net.nz/,Cancer Control Agency,Public Service Departmental Agencies,17,382,346,36,382,79,112,17,17,0,18,7.414,9.337
2025-09-29,https://learning.building.govt.nz/,"Ministry of Business, Innovation and Employment",Public Service Departments,100,950,756,194,950,124,14,1,1,0,0,,
2025-09-29,https://learning.procurement.govt.nz/,"Ministry of Business, Innovation and Employment",Public Service Departments,1,0,0,0,0,0,0,0,0,0,0,,
2025-09-29,https://learning.tradingstandards.govt.nz/login/,"Ministry of Business, Innovation and Employment",Public Service Departments,2,28,28,0,28,14,0,0,0,0,0,,
2025-09-29,https://learningfromhome.govt.nz/,Ministry of Education,Public Service Departments,100,436,138,298,436,146,600,8,8,0,58,8.412,10.915
2025-09-29,https://lp-register.companiesoffice.govt.nz/,"Ministry of Business, Innovation and Employment",Public Service Departments,76,42,14,28,42,16,0,2,2,0,102,8.85,12.345
2025-09-29,https://lrs.linz.govt.nz/search/,Land Information New Zealand,Public Service Departments,1,6,4,2,6,6,0,0,0,0,1,6.467,9.424
2025-09-29,https://lsfdashboard.treasury.govt.nz/wellbeing/,The Treasury,Public Service Departments,1,58,56,2,58,58,18,0,0,0,2,8.243,11.284
2025-09-29,https://maca-nds.maps.arcgis.com/home/index.html,Te Tari Whakatau,Public Service Departmental Agencies,4,6,3,3,6,4,1,0,0,0,0,,
2025-09-29,https://mahi.corrections.govt.nz/,Department of Corrections,Public Service Departments,24,174,174,0,174,63,10,17,17,0,20,10.552,13.411
2025-09-29,https://mahi.orangatamariki.govt.nz/home,Oranga Tamariki,Public Service Departments,100,447,284,163,447,95,32,97,97,0,0,,
2025-09-29,https://marinebiosecurity.org.nz/,Ministry for Primary Industries,Public Service Departments,77,461,23,438,461,27,19,35,35,0,100,9.17,11.905
2025-09-29,https://mbienz.shinyapps.io/labour-market-dashboard_prod/,"Ministry of Business, Innovation and Employment",Public Service Departments,2,4,4,0,4,2,0,2,2,0,0,,
2025-09-29,https://mbienz.shinyapps.io/migration_data_explorer/,"Ministry of Business, Innovation and Employment",Public Service Departments,2,4,4,0,4,2,0,2,2,0,0,,
2025-09-29,https://mbienz.shinyapps.io/RegionalFactsheets/,"Ministry of Business, Innovation and Employment",Public Service Departments,1,24,18,6,24,24,0,1,1,0,0,,
2025-09-29,https://mentalhealth.inquiry.govt.nz/,Department of Internal Affairs,Public Service Departments,100,756,656,100,756,44,8,32,32,0,116,11.79,14.269
2025-09-29,https://mfe.maps.arcgis.com/home/index.html,"Ministry of Cities, Environment, Regions and Transport",Public Service Departments,4,4,2,2,4,4,1,0,0,0,0,,
2025-09-29,https://mi.getready.govt.nz/,National Emergency Management Agency,Public Service Departmental Agencies,65,0,0,0,0,0,3,39,39,0,0,,
2025-09-29,https://mineplans.nzpam.govt.nz/,"Ministry of Business, Innovation and Employment",Public Service Departments,1,7,3,4,7,7,6,0,0,0,2,11.476,13.312
2025-09-29,https://minhealthnz.shinyapps.io/national-gambling-study-data-explorer/,Ministry of Health,Public Service Departments,2,4,4,0,4,2,2,0,0,0,0,,
2025-09-29,https://minhealthnz.shinyapps.io/nz-health-survey-2022-23-mental-health-data-explorer/,Ministry of Health,Public Service Departments,2,12,12,0,12,8,2,0,0,0,0,,
2025-09-29,https://ministrycareers.education.govt.nz,Ministry of Education,Public Service Departments,1,4,4,0,4,4,0,0,0,0,0,,
2025-09-29,https://my.health.nz/,Health New Zealand,Crown Entities - Crown Agents,5,0,0,0,0,0,0,0,0,0,6,9.347,11.755
2025-09-29,https://my.msd.govt.nz/,Ministry of Social Development,Public Service Departments,8,16,16,0,16,16,60,0,0,0,4,8.435,11.341
2025-09-29,https://my.studylink.govt.nz/my/studylink/help/general-info.html,Ministry of Social Development,Public Service Departments,13,52,52,0,52,28,26,13,13,0,0,,
2025-09-29,https://my.studylink.govt.nz/mystudylink/logon.html,Ministry of Social Development,Public Service Departments,1,6,6,0,6,6,2,1,1,0,0,,
2025-09-29,https://my.studylink.govt.nz/mystudylink/logon_mobile.html,Ministry of Social Development,Public Service Departments,1,2,2,0,2,2,0,0,0,0,0,,
2025-09-29,https://natlib.govt.nz/,Department of Internal Affairs,Public Service Departments,100,876,36,840,876,739,20,3,3,0,136,9.117,12.185
2025-09-29,https://natlib.govt.nz/support-us/te-puna-foundation/,Department of Internal Affairs,Public Service Departments,10,30,3,27,30,20,4,0,0,0,18,7.833,11.28
2025-09-29,https://navymuseum.co.nz/,New Zealand Defence Force,Non-Public Service Departments,100,3649,2963,686,3649,443,875,20,20,0,181,7.4,10.564
2025-09-29,https://ncea.education.govt.nz/,Ministry of Education,Public Service Departments,100,99,97,2,99,17,6,25,25,0,110,9.542,12.238
2025-09-29,https://neac.health.govt.nz/,Ministry of Health,Public Service Departments,91,22,12,10,22,8,0,10,10,0,90,12.347,14.712
2025-09-29,https://newzealandcurriculum.tahurangi.education.govt.nz/,Ministry of Education,Public Service Departments,0,0,0,0,0,0,0,0,0,0,0,,
2025-09-29,https://newzealandcurriculum.tahurangi.education.govt.nz/new-zealand-curriculum-online/teaching-support/pathways-and-transitions/5637164076.c,Ministry of Education,Public Service Departments,0,0,0,0,0,0,0,0,0,0,0,,
2025-09-29,https://nu.getready.govt.nz/,National Emergency Management Agency,Public Service Departmental Agencies,50,0,0,0,0,0,5,25,25,0,0,,
2025-09-29,https://nzeta.immigration.govt.nz/,"Ministry of Business, Innovation and Employment",Public Service Departments,1,12,12,0,12,11,0,0,0,0,0,,
2025-09-29,https://nzhistory.govt.nz/,Ministry for Culture and Heritage,Public Service Departments,100,69,67,2,69,49,90,5,5,0,142,7.197,10.353
2025-09-29,https://nzism.gcsb.govt.nz/,Government Communications Security Bureau,Public Service Departments,35,0,0,0,0,0,0,17,17,0,28,11.876,14.236
2025-09-29,https://nzsar-resources.org.nz/,"Ministry of Cities, Environment, Regions and Transport",Public Service Departments,25,139,23,116,139,14,69,22,22,0,6,12.965,14.952
2025-09-29,https://nzsl.getready.govt.nz/,National Emergency Management Agency,Public Service Departmental Agencies,39,0,0,0,0,0,2,0,0,0,74,3.852,8.09
2025-09-29,https://nztcs.org.nz/,Department of Conservation,Public Service Departments,100,1961,1612,349,1961,763,10,11,11,0,37,6.798,9.896
2025-09-29,https://oio.linz.govt.nz/,Land Information New Zealand,Public Service Departments,14,28,28,0,28,2,210,2,2,0,6,7.975,11.571
2025-09-29,https://onlineservices.immigration.govt.nz/,"Ministry of Business, Innovation and Employment",Public Service Departments,6,68,48,20,68,28,12,0,0,0,0,,
2025-09-29,https://onzpr.mpi.govt.nz/,Ministry for Primary Industries,Public Service Departments,7,0,0,0,0,0,0,7,7,0,0,,
2025-09-29,https://open-data-mfe.hub.arcgis.com,"Ministry of Cities, Environment, Regions and Transport",Public Service Departments,8,15,15,0,15,2,0,0,0,0,0,,
2025-09-29,https://operationburnham.inquiry.govt.nz/,Department of Internal Affairs,Public Service Departments,84,793,709,84,793,21,1,11,11,0,60,11.881,14.119
2025-09-29,https://order.healthpromotion.govt.nz/,Health New Zealand,Crown Entities - Crown Agents,100,1065,1041,24,1065,299,2,2,2,0,14,8.055,11.17
2025-09-29,https://pa.getready.govt.nz/,National Emergency Management Agency,Public Service Departmental Agencies,60,0,0,0,0,0,10,1,1,0,0,,
2025-09-29,https://paekupu.co.nz/,Ministry of Education,Public Service Departments,100,555,472,83,555,41,1338,12,12,0,0,,
2025-09-29,https://paperspast.natlib.govt.nz/,Department of Internal Affairs,Public Service Departments,100,1619,1572,47,1619,343,0,100,100,0,78,8.311,10.805
2025-09-29,https://paymyinfringement.doc.govt.nz/,Department of Conservation,Public Service Departments,1,0,0,0,0,0,2,0,0,0,0,,
2025-09-29,https://permits-licences.doc.govt.nz/,Department of Conservation,Public Service Departments,8,26,10,16,26,12,10,1,1,0,0,,
2025-09-29,https://piersearch.mpi.govt.nz/,Ministry for Primary Industries,Public Service Departments,16,10,6,4,10,8,2,16,16,0,0,,
2025-09-29,https://pikeriver.royalcommission.govt.nz/,Department of Internal Affairs,Public Service Departments,64,130,130,0,130,14,128,64,64,0,30,8.665,11.799
2025-09-29,https://pitau.mbie.govt.nz/,"Ministry of Business, Innovation and Employment",Public Service Departments,2,0,0,0,0,0,0,0,0,0,2,11.254,12.603
2025-09-29,https://pjsp.govt.nz/,Ministry of Justice,Public Service Departments,100,0,0,0,0,0,29,0,0,0,32,9.56,12.247
2025-09-29,https://pld.education.govt.nz/,Ministry of Education,Public Service Departments,74,1036,618,418,1036,338,570,29,29,0,92,10.881,12.635
2025-09-29,https://poolinspectors.mbie.govt.nz/,"Ministry of Business, Innovation and Employment",Public Service Departments,24,72,50,22,72,26,0,1,1,0,28,9.862,13.155
2025-09-29,https://portal.api.business.govt.nz/,"Ministry of Business, Innovation and Employment",Public Service Departments,6,45,27,18,45,25,0,6,6,0,2,8.832,12.059
2025-09-29,https://portal.apis.stats.govt.nz/,Statistics New Zealand,Public Service Departments,7,90,26,64,90,28,2,0,0,0,4,6.888,10.047
2025-09-29,https://powerupplus.education.govt.nz/,Ministry of Education,Public Service Departments,1,14,12,2,14,14,0,0,0,0,0,,
2025-09-29,https://ppsr.companiesoffice.govt.nz/,"Ministry of Business, Innovation and Employment",Public Service Departments,70,44,12,32,44,10,0,1,1,0,106,7.822,10.713
2025-09-29,https://practice.orangatamariki.govt.nz/,Oranga Tamariki,Public Service Departments,100,18,8,10,18,8,102,10,10,0,104,9.489,12.624
2025-09-29,https://preventfvsv.govt.nz/,Family Violence and Sexual Violence Executive Board,Public Service Interdepartmental Executive Boards,45,0,0,0,0,0,1,11,11,0,68,10.756,13.744
2025-09-29,https://providers.youthservice.govt.nz/,Ministry of Social Development,Public Service Departments,100,4,4,0,4,4,0,100,100,0,0,,
2025-09-29,https://providinginformation.nzsis.govt.nz/,New Zealand Security Intelligence Service,Public Service Departments,1,2,2,0,2,2,0,0,0,0,0,,
2025-09-29,https://readingambassador.nz/,Department of Internal Affairs,Public Service Departments,55,134,134,0,134,120,2,55,55,0,86,7.232,10.086
2025-09-29,https://register.charities.govt.nz/CharitiesRegister/Search,Department of Internal Affairs,Public Service Departments,1,30,28,2,30,30,2,0,0,0,2,6.837,11.092
2025-09-29,https://resources.alcohol.org.nz/,Health New Zealand,Crown Entities - Crown Agents,100,113,10,103,113,14,221,0,0,0,66,10.229,13.131
2025-09-29,https://rrf.rsm.govt.nz/ui?state=1,"Ministry of Business, Innovation and Employment",Public Service Departments,1,3,3,0,3,3,0,0,0,0,0,,
2025-09-29,https://rtab.tenancy.govt.nz/tenancybuilder/startscreen,"Ministry of Business, Innovation and Employment",Public Service Departments,1,1,0,1,1,1,0,0,0,0,1,11.423,14.349
2025-09-29,https://school-leavers-toolkit.education.govt.nz/,Ministry of Education,Public Service Departments,73,282,282,0,282,226,23,7,7,0,50,7.267,10.49
2025-09-29,https://services-exporter-tool.govt.nz/,Ministry of Foreign Affairs and Trade,Public Service Departments,4,6,6,0,6,4,0,4,4,0,0,,
2025-09-29,https://services.workandincome.govt.nz/ua/supplier_registration,Ministry of Social Development,Public Service Departments,2,0,0,0,0,0,0,0,0,0,0,,
2025-09-29,https://sexualviolence.victimsinfo.govt.nz/,Ministry of Justice,Public Service Departments,45,624,84,540,624,50,581,45,45,0,30,7.963,11.126
2025-09-29,https://sft.org.nz/,Ministry of Social Development,Public Service Departments,100,173,165,8,173,22,2,0,0,0,61,8.133,11.292
2025-09-29,https://skillfinder.immigration.govt.nz/,"Ministry of Business, Innovation and Employment",Public Service Departments,1,12,12,0,12,12,0,0,0,0,0,,
2025-09-29,https://sm.getready.govt.nz/,National Emergency Management Agency,Public Service Departmental Agencies,54,0,0,0,0,0,3,32,32,0,0,,
2025-09-29,https://smartstart.services.govt.nz/,Department of Internal Affairs,Public Service Departments,33,482,347,135,482,72,73,33,33,0,26,7.352,10.485
2025-09-29,https://storymaps.arcgis.com/stories/907003437c504c9e9402420d05d59aeb,Department of Conservation,Public Service Departments,1,0,0,0,0,0,2,0,0,0,1,8.053,10.626
2025-09-29,https://support.api.business.govt.nz/s/,"Ministry of Business, Innovation and Employment",Public Service Departments,22,105,105,0,105,43,181,20,20,0,23,9.48,12.187
2025-09-29,https://takatu.civildefence.govt.nz/,National Emergency Management Agency,Public Service Departmental Agencies,2,4,4,0,4,2,4,0,0,0,0,,
2025-09-29,https://tatai.maori.nz/,Ministry of Health,Public Service Departments,4,70,70,0,70,40,0,1,1,0,2,10.316,12.866
2025-09-29,https://teaho.govt.nz/,Cancer Control Agency,Public Service Departmental Agencies,100,5466,4780,686,5466,1418,38,5,5,0,146,9.201,11.66
2025-09-29,https://teara.govt.nz/,Ministry for Culture and Heritage,Public Service Departments,100,225,185,40,225,225,87,0,0,0,142,7.161,10.196
2025-09-29,https://tehaeata.govt.nz/nau-mai-haere-mai-ki-te-haeata?destination=/kia-ora,Te Puni Kōkiri,Public Service Departments,9,3,1,2,3,3,9,1,1,0,2,7.857,11.024
2025-09-29,https://tehekemai.co.nz/,Ministry of Social Development,Public Service Departments,3,23,23,0,23,11,2,1,1,0,4,11.652,13.193
2025-09-29,https://tekura.courts.govt.nz/,Ministry of Justice,Public Service Departments,7,0,0,0,0,0,28,0,0,0,6,8.25,11.561
2025-09-29,https://terito.govt.nz/,Ministry of Education,Public Service Departments,16,8,6,2,8,6,0,0,0,0,16,7.702,10.892
2025-09-29,https://tetai.nz/,Ministry for Culture and Heritage,Public Service Departments,100,321,2,319,321,17,44,7,7,0,92,7.109,10.266
2025-09-29,https://thehub.sia.govt.nz/,Social Investment Agency,Public Service Departments,100,1543,758,785,1543,51,18,3,3,0,90,9.854,12.519
2025-09-29,https://theinteryeti.govt.nz/,Department of Internal Affairs,Public Service Departments,1,4,0,4,4,4,1,0,0,0,0,,
2025-09-29,https://tl.getready.govt.nz/,National Emergency Management Agency,Public Service Departmental Agencies,50,0,0,0,0,0,6,21,21,0,0,,
2025-09-29,https://to.getready.govt.nz/,National Emergency Management Agency,Public Service Departmental Agencies,55,0,0,0,0,0,2,31,31,0,0,,
2025-09-29,https://tools.summaries.stats.govt.nz/,Statistics New Zealand,Public Service Departments,5,261,20,241,261,84,33,4,4,0,18,10.492,12.509
2025-09-29,https://tools.tenancy.govt.nz/heating-tool,"Ministry of Business, Innovation and Employment",Public Service Departments,1,0,0,0,0,0,0,0,0,0,0,,
2025-09-29,https://trademeasurement.tradingstandards.govt.nz/,"Ministry of Business, Innovation and Employment",Public Service Departments,100,489,333,156,489,74,156,2,2,0,144,10.1,12.996
2025-09-29,https://treaties.mfat.govt.nz/,Ministry of Foreign Affairs and Trade,Public Service Departments,6,120,66,54,120,75,91,0,0,0,6,10.02,12.143
2025-09-29,https://tuiaeducation.org.nz/,Ministry of Education,Public Service Departments,15,342,342,0,342,232,0,0,0,0,20,7.192,10.759
2025-09-29,https://vacancies.mfat.govt.nz/,Ministry of Foreign Affairs and Trade,Public Service Departments,1,15,13,2,15,15,2,0,0,0,2,8.018,10.324
2025-09-29,https://victimsinfo.govt.nz/,Ministry of Justice,Public Service Departments,44,24,24,0,24,24,0,44,44,0,6,9.662,12.023
2025-09-29,https://vietnamwar.govt.nz/,Ministry for Culture and Heritage,Public Service Departments,100,118,42,76,118,116,2,5,5,0,48,7.946,11.13
2025-09-29,https://wastelevy.govt.nz/,"Ministry of Cities, Environment, Regions and Transport",Public Service Departments,6,9,9,0,9,8,0,0,0,0,4,8.34,11.582
2025-09-29,https://webarchive.natlib.govt.nz/,Department of Internal Affairs,Public Service Departments,6,80,77,3,80,42,0,1,1,0,6,8.784,11.84
2025-09-29,https://webrear.mbie.govt.nz/summary/new-zealand,"Ministry of Business, Innovation and Employment",Public Service Departments,1,26,21,5,26,26,16,0,0,0,0,,
2025-09-29,https://whakatau.govt.nz/,Te Tari Whakatau,Public Service Departmental Agencies,100,5208,5198,10,5208,1657,1,56,56,0,112,8.825,12.214
2025-09-29,https://wheturangitia.services.govt.nz/,Department of Internal Affairs,Public Service Departments,47,940,906,34,940,280,406,7,7,0,86,9.928,12.527
2025-09-29,https://workforce.education.govt.nz,Ministry of Education,Public Service Departments,100,47,47,0,47,41,0,2,2,0,140,8.616,11.513
2025-09-29,https://workplacerepository.mbie.govt.nz/,"Ministry of Business, Innovation and Employment",Public Service Departments,6,0,0,0,0,0,0,4,4,0,4,11.528,14.427
2025-09-29,https://wpb.business.govt.nz/workplacepolicybuilder/startscreen,"Ministry of Business, Innovation and Employment",Public Service Departments,1,1,0,1,1,1,0,0,0,0,0,,
2025-09-29,https://www.7726.govt.nz/,Department of Internal Affairs,Public Service Departments,6,16,16,0,16,6,82,0,0,0,0,,
2025-09-29,https://www.abuseincare.org.nz/,Department of Internal Affairs,Public Service Departments,100,538,229,309,538,70,403,5,5,0,110,8.594,10.997
2025-09-29,https://www.abuseincaretopups.govt.nz/,Ministry of Social Development,Public Service Departments,7,2,2,0,2,1,1,0,0,0,6,10.021,12.35
2025-09-29,https://www.abuseinquiryresponse.govt.nz/,Public Service Commission,Public Service Departments,100,46,2,44,46,46,0,28,28,0,116,9.08,12.111
2025-09-29,https://www.alcohol.org.nz/,Health New Zealand,Crown Entities - Crown Agents,98,108,10,98,108,11,194,1,1,0,124,5.923,8.343
2025-09-29,https://www.archives.govt.nz/,Department of Internal Affairs,Public Service Departments,100,533,323,210,533,30,973,0,0,0,168,7.277,10.546
2025-09-29,https://www.areyouok.org.nz/,Ministry of Social Development,Public Service Departments,84,289,95,194,289,160,4,0,0,0,84,7.471,9.793
2025-09-29,https://www.armymuseum.co.nz/,New Zealand Defence Force,Non-Public Service Departments,100,4212,3377,835,4212,1127,393,7,7,0,96,9.599,11.949
2025-09-29,https://www.ata.govt.nz/web/cms_ata.nsf/,Department of Internal Affairs,Public Service Departments,62,360,236,124,360,10,0,62,62,0,0,,
2025-09-29,https://www.beehive.govt.nz/,Department of Internal Affairs,Public Service Departments,100,802,594,208,802,195,475,2,2,0,158,9.691,12.114
2025-09-29,https://www.betterrules.govt.nz/,"Ministry of Business, Innovation and Employment",Public Service Departments,6,22,16,6,22,9,21,0,0,0,6,11.378,13.738
2025-09-29,https://www.bionet.nz/,Ministry for Primary Industries,Public Service Departments,60,564,500,64,564,141,61,3,3,0,58,7.811,11.015
2025-09-29,https://www.boardappointments.co.nz/,The Treasury,Public Service Departments,17,265,248,17,265,67,121,4,4,0,0,,
2025-09-29,https://www.building.govt.nz/,"Ministry of Business, Innovation and Employment",Public Service Departments,100,1634,642,992,1634,52,2,5,5,0,158,9.372,12.007
2025-09-29,https://www.business.govt.nz/,"Ministry of Business, Innovation and Employment",Public Service Departments,100,1883,1497,386,1883,100,507,81,81,0,170,7.142,10.626
2025-09-29,https://www.cadetnet.org.nz/,New Zealand Defence Force,Non-Public Service Departments,7,32,32,0,32,14,2,0,0,0,2,13.209,15.591
2025-09-29,https://www.canibuildit.govt.nz/,"Ministry of Business, Innovation and Employment",Public Service Departments,40,0,0,0,0,0,0,0,0,0,42,8.046,10.876
2025-09-29,https://www.canopy.govt.nz/,Ministry for Primary Industries,Public Service Departments,100,108,104,4,108,14,113,0,0,0,84,6.742,10.058
2025-09-29,https://www.changeispossible.org.nz/,Ministry of Social Development,Public Service Departments,100,507,142,365,507,95,0,2,2,0,46,4.294,8.116
2025-09-29,https://www.charities.govt.nz/,Department of Internal Affairs,Public Service Departments,100,1543,1075,468,1543,411,195,0,0,0,144,9.895,13.242
2025-09-29,https://www.charterschools.govt.nz/,Charter School Agency,Public Service Departmental Agencies,23,0,0,0,0,0,13,0,0,0,26,9.682,12.379
2025-09-29,https://www.childrensday.org.nz/,Oranga Tamariki,Public Service Departments,4,0,0,0,0,0,0,0,0,0,6,5.272,9.068
2025-09-29,https://www.chra.hud.govt.nz/,"Ministry of Cities, Environment, Regions and Transport",Public Service Departments,45,571,340,231,571,71,0,45,45,0,38,11.107,13.576
2025-09-29,https://www.christchurchappealtrust.org.nz,Department of Internal Affairs,Public Service Departments,25,576,526,50,576,183,56,25,25,0,38,9.415,12.22
2025-09-29,https://www.civildefence.govt.nz/,National Emergency Management Agency,Public Service Departmental Agencies,100,166,166,0,166,78,4,1,1,0,83,10.656,13.245
2025-09-29,https://www.communitymatters.govt.nz/,Department of Internal Affairs,Public Service Departments,100,1954,1410,544,1954,388,0,0,0,0,108,8.832,11.777
2025-09-29,https://www.companies.gov.nu/,"Ministry of Business, Innovation and Employment",Public Service Departments,24,0,0,0,0,0,5,1,1,0,22,8.666,12.461
2025-09-29,https://www.companiesoffice.govt.nz/,"Ministry of Business, Innovation and Employment",Public Service Departments,76,54,38,16,54,8,0,4,4,0,62,9.163,12.018
2025-09-29,https://www.companiesoffice.govt.nz/all-registers/approved-overseas-auditors-and-associations-of-accountants/,"Ministry of Business, Innovation and Employment",Public Service Departments,4,8,0,8,8,4,0,0,0,0,6,7.901,11.517
2025-09-29,https://www.companiesoffice.govt.nz/all-registers/auditors/,"Ministry of Business, Innovation and Employment",Public Service Departments,4,0,0,0,0,0,0,0,0,0,6,11.463,14.481
2025-09-29,https://www.companiesoffice.govt.nz/all-registers/building-societies/,"Ministry of Business, Innovation and Employment",Public Service Departments,16,26,0,26,26,6,0,0,0,0,20,7.719,10.605
2025-09-29,https://www.companiesoffice.govt.nz/all-registers/contributory-mortgage-brokers/,"Ministry of Business, Innovation and Employment",Public Service Departments,3,0,0,0,0,0,0,0,0,0,2,7.724,10.524
2025-09-29,https://www.companiesoffice.govt.nz/all-registers/credit-unions/,"Ministry of Business, Innovation and Employment",Public Service Departments,15,26,0,26,26,6,0,0,0,0,18,7.157,9.999
2025-09-29,https://www.companiesoffice.govt.nz/all-registers/friendly-societies/,"Ministry of Business, Innovation and Employment",Public Service Departments,16,22,0,22,22,6,0,0,0,0,16,7.484,10.475
2025-09-29,https://www.companiesoffice.govt.nz/all-registers/industrial-and-provident-societies/,"Ministry of Business, Innovation and Employment",Public Service Departments,13,12,0,12,12,4,0,1,1,0,18,9.489,12.501
2025-09-29,https://www.companiesoffice.govt.nz/all-registers/insolvency-practitioners/,"Ministry of Business, Innovation and Employment",Public Service Departments,13,2,2,0,2,2,0,0,0,0,22,12.442,14.707
2025-09-29,https://www.companiesoffice.govt.nz/all-registers/overseas-issuers/,"Ministry of Business, Innovation and Employment",Public Service Departments,6,0,0,0,0,0,0,0,0,0,6,11.246,14.511
2025-09-29,https://www.companiesoffice.govt.nz/all-registers/participatory-securities/,"Ministry of Business, Innovation and Employment",Public Service Departments,1,0,0,0,0,0,0,0,0,0,0,,
2025-09-29,https://www.companiesoffice.govt.nz/all-registers/registered-unions/,"Ministry of Business, Innovation and Employment",Public Service Departments,21,2,0,2,2,2,0,0,0,0,20,9.665,12.435
2025-09-29,https://www.companiesoffice.govt.nz/all-registers/retirement-villages/,"Ministry of Business, Innovation and Employment",Public Service Departments,38,67,11,56,67,13,0,0,0,0,45,8.331,11.394
2025-09-29,https://www.companiesoffice.govt.nz/all-registers/superannuation-schemes/,"Ministry of Business, Innovation and Employment",Public Service Departments,1,0,0,0,0,0,0,0,0,0,0,,
2025-09-29,https://www.companiesoffice.govt.nz/all-registers/unit-trusts/,"Ministry of Business, Innovation and Employment",Public Service Departments,1,0,0,0,0,0,0,0,0,0,0,,
2025-09-29,https://www.connect.co.nz/,Ministry of Social Development,Public Service Departments,5,2,2,0,2,2,2,2,2,0,4,6.433,9.864
2025-09-29,https://www.consumerprotection.govt.nz/,"Ministry of Business, Innovation and Employment",Public Service Departments,100,307,263,44,307,128,15,10,10,0,104,7.521,10.577
2025-09-29,https://www.corrections.govt.nz/,Department of Corrections,Public Service Departments,100,174,159,15,174,84,99,100,100,0,88,10.73,13.322
2025-09-29,https://www.courtsofnz.govt.nz/,Ministry of Justice,Public Service Departments,100,55,55,0,55,38,782,5,5,0,100,10.108,12.66
2025-09-29,https://www.covid19lessons.royalcommission.nz/,Department of Internal Affairs,Public Service Departments,100,18,18,0,18,4,234,6,6,0,166,11.832,13.853
2025-09-29,https://www.crownlaw.govt.nz/,Crown Law Office,Public Service Departments,82,6249,6085,164,6249,1658,84,0,0,0,136,11.175,13.654
2025-09-29,https://www.customs.govt.nz/,New Zealand Customs Service,Public Service Departments,100,522,512,10,522,27,868,4,4,0,98,8.591,11.381
2025-09-29,https://www.defence.govt.nz/,Ministry of Defence,Public Service Departments,100,48,4,44,48,6,5,2,2,0,144,11.362,13.706
2025-09-29,https://www.defencecareers.mil.nz/,New Zealand Defence Force,Non-Public Service Departments,100,141,117,24,141,50,27,41,41,0,150,8.739,11.74
2025-09-29,https://www.depression.org.nz,Health New Zealand,Crown Entities - Crown Agents,51,56,10,46,56,12,2,1,1,0,78,7.534,10.082
2025-09-29,https://www.dia.govt.nz/,Department of Internal Affairs,Public Service Departments,100,972,938,34,972,206,1,100,100,0,74,9.739,12.718
2025-09-29,https://www.digital.govt.nz/,Public Service Commission,Public Service Departments,100,8,8,0,8,6,1,2,2,0,98,9.286,12.299
2025-09-29,https://www.disabilitysupport.govt.nz/,Ministry of Social Development,Public Service Departments,100,8,8,0,8,8,2,0,0,0,102,9.839,12.544
2025-09-29,https://www.disputestribunal.govt.nz/,Ministry of Justice,Public Service Departments,25,54,54,0,54,4,1,25,25,0,0,,
2025-09-29,https://www.districtcourts.govt.nz/,Ministry of Justice,Public Service Departments,100,2230,910,1320,2230,658,4,4,4,0,122,10.0,12.749
2025-09-29,https://www.doc.govt.nz/,Department of Conservation,Public Service Departments,100,77,71,6,77,33,9,95,95,0,72,7.51,10.51
2025-09-29,https://www.dpmc.govt.nz/,Department of the Prime Minister and Cabinet,Public Service Departments,100,1027,1013,14,1027,404,420,33,33,0,120,11.871,14.317
2025-09-29,https://www.education.govt.nz/,Ministry of Education,Public Service Departments,100,240,174,66,240,58,424,1,1,0,78,7.973,11.062
2025-09-29,https://www.educationcounts.govt.nz/home,Ministry of Education,Public Service Departments,0,0,0,0,0,0,0,0,0,0,0,,
2025-09-29,https://www.einvoicing.govt.nz/,"Ministry of Business, Innovation and Employment",Public Service Departments,100,400,290,110,400,37,318,2,2,0,132,9.051,12.174
2025-09-29,https://www.employment.govt.nz/,"Ministry of Business, Innovation and Employment",Public Service Departments,100,32,32,0,32,26,0,0,0,0,180,8.99,12.601
2025-09-29,https://www.employmentcourt.govt.nz/,Ministry of Justice,Public Service Departments,83,172,172,0,172,8,1,83,83,0,0,,
2025-09-29,https://www.environmentcourt.govt.nz/,Ministry of Justice,Public Service Departments,75,166,166,0,166,18,2,75,75,0,0,,
2025-09-29,https://www.era.govt.nz/,"Ministry of Business, Innovation and Employment",Public Service Departments,31,0,0,0,0,0,10,0,0,0,28,9.085,12.063
2025-09-29,https://www.ero.govt.nz/,Education Review Office,Public Service Departments,100,0,0,0,0,0,0,3,3,0,66,8.927,11.156
2025-09-29,https://www.ethniccommunities.govt.nz/,Ministry for Ethnic Communities,Public Service Departmental Agencies,100,1710,910,800,1710,159,10,100,100,0,58,6.721,9.399
2025-09-29,https://www.evidence.ero.govt.nz/,Education Review Office,Public Service Departments,100,1694,286,1408,1694,153,10,3,3,0,147,9.787,12.116
2025-09-29,https://www.ewrb.govt.nz/,"Ministry of Business, Innovation and Employment",Public Service Departments,100,18,2,16,18,7,2,2,2,0,148,9.691,12.5
2025-09-29,https://www.familyservices.govt.nz/directory/,Ministry of Social Development,Public Service Departments,100,0,0,0,0,0,0,0,0,0,0,,
2025-09-29,https://www.fma.govt.nz/,Financial Markets Authority,Crown Entities - Independent Crown Entities,100,1442,1212,230,1442,240,637,87,87,0,172,9.911,12.837
2025-09-29,https://www.fmg.org.nz/,"Ministry of Cities, Environment, Regions and Transport",Public Service Departments,88,2440,2440,0,2440,565,380,29,29,0,90,10.482,13.05
2025-09-29,https://www.gamblingaotearoa.govt.nz/,Department of Internal Affairs,Public Service Departments,2,28,22,6,28,20,0,0,0,0,2,8.38,12.139
2025-09-29,https://www.gamblingcommission.govt.nz/,Department of Internal Affairs,Public Service Departments,100,1569,575,994,1569,266,0,102,102,0,4,8.33,11.525
2025-09-29,https://www.gcsb.govt.nz/,Government Communications Security Bureau,Public Service Departments,100,15,13,2,15,11,0,29,29,0,94,12.641,14.651
2025-09-29,https://www.gets.govt.nz/ExternalIndex.htm,"Ministry of Business, Innovation and Employment",Public Service Departments,100,5278,4572,706,5278,1953,83,85,85,0,0,,
2025-09-29,https://www.govt.nz/,Public Service Commission,Public Service Departments,100,0,0,0,0,0,0,3,3,0,52,7.132,10.788
2025-09-29,https://www.groundrules.mpi.govt.nz/,Ministry for Primary Industries,Public Service Departments,100,3,3,0,3,3,93,100,100,0,25,9.704,12.51
2025-09-29,https://www.growregions.govt.nz/,"Ministry of Business, Innovation and Employment",Public Service Departments,100,199,61,138,199,29,0,24,24,0,134,10.403,13.027
2025-09-29,https://www.hcn.govt.nz/,Oranga Tamariki,Public Service Departments,4,0,0,0,0,0,1,4,4,0,2,9.612,12.674
2025-09-29,https://www.health.govt.nz/,Ministry of Health,Public Service Departments,100,2,2,0,2,2,0,0,0,0,166,8.184,11.594
2025-09-29,https://www.heartlandservices.govt.nz/,Ministry of Social Development,Public Service Departments,46,0,0,0,0,0,0,0,0,0,8,8.143,11.012
2025-09-29,https://www.hud.govt.nz/,"Ministry of Cities, Environment, Regions and Transport",Public Service Departments,100,144,93,51,144,40,9,17,17,0,125,10.1,12.509
2025-09-29,https://www.iaa.govt.nz/,"Ministry of Business, Innovation and Employment",Public Service Departments,100,176,174,2,176,11,459,4,4,0,148,10.156,12.85
2025-09-29,https://www.immigration.govt.nz/,"Ministry of Business, Innovation and Employment",Public Service Departments,100,46,34,12,46,28,6,1,1,0,100,7.857,10.95
2025-09-29,https://www.insolvency.govt.nz/,"Ministry of Business, Innovation and Employment",Public Service Departments,100,220,200,20,220,22,14,100,100,0,148,8.243,11.368
2025-09-29,https://www.iponz.govt.nz/,"Ministry of Business, Innovation and Employment",Public Service Departments,100,756,654,102,756,213,700,4,4,0,168,9.204,12.102
2025-09-29,https://www.ird.govt.nz/,Inland Revenue Department,Public Service Departments,100,8,6,2,8,7,874,52,52,0,60,7.093,10.43
2025-09-29,https://www.justice.govt.nz/,Ministry of Justice,Public Service Departments,100,244,244,0,244,42,3,100,100,0,0,,
2025-09-29,https://www.kauriprotection.co.nz/,Ministry for Primary Industries,Public Service Departments,100,33,33,0,33,5,465,0,0,0,82,8.634,11.745
2025-09-29,https://www.keepitrealonline.govt.nz/,Department of Internal Affairs,Public Service Departments,100,609,609,0,609,209,294,13,13,0,96,6.863,10.083
2025-09-29,https://www.knowledgehub.transport.govt.nz/,"Ministry of Cities, Environment, Regions and Transport",Public Service Departments,7,0,0,0,0,0,28,1,1,0,6,10.864,13.465
2025-09-29,https://www.lbp.govt.nz/,"Ministry of Business, Innovation and Employment",Public Service Departments,100,21,11,10,21,6,1,5,5,0,116,8.741,11.588
2025-09-29,https://www.ldac.org.nz/,Parliamentary Counsel Office,Non-Public Service Departments,100,216,110,106,216,112,0,4,4,0,48,12.384,14.937
2025-09-29,https://www.ldc.govt.nz/,Public Service Commission,Public Service Departments,100,77,77,0,77,19,30,22,22,0,82,9.836,12.355
2025-09-29,https://www.legislation.govt.nz/,Parliamentary Counsel Office,Non-Public Service Departments,100,390,390,0,390,337,0,101,101,0,46,7.652,11.042
2025-09-29,https://www.lgc.govt.nz/,Department of Internal Affairs,Public Service Departments,100,97,73,24,97,23,195,9,9,0,124,10.833,13.331
2025-09-29,https://www.linz.govt.nz/,Land Information New Zealand,Public Service Departments,100,189,189,0,189,3,4,0,0,0,43,10.095,13.021
2025-09-29,https://www.lovebetter.org.nz/,Ministry of Social Development,Public Service Departments,100,22,22,0,22,22,3,0,0,0,108,9.237,10.846
2025-09-29,https://www.majorevents.govt.nz/,"Ministry of Business, Innovation and Employment",Public Service Departments,78,419,259,160,419,25,197,2,2,0,104,9.25,11.991
2025-09-29,https://www.maliat.govt.nz/,"Ministry of Cities, Environment, Regions and Transport",Public Service Departments,10,61,21,40,61,7,80,0,0,0,6,14.789,16.57
2025-09-29,https://www.marketplace.govt.nz/,Public Service Commission,Public Service Departments,86,118,38,80,118,15,0,1,1,0,52,9.911,13.013
2025-09-29,https://www.mbie.govt.nz/,"Ministry of Business, Innovation and Employment",Public Service Departments,100,130,126,4,130,54,303,5,5,0,134,10.612,13.296
2025-09-29,https://www.mbieinformationresources.com/,"Ministry of Business, Innovation and Employment",Public Service Departments,3,30,15,15,30,30,0,0,0,0,0,,
2025-09-29,https://www.mch.govt.nz/,Ministry for Culture and Heritage,Public Service Departments,100,6,6,0,6,6,0,1,1,0,136,8.466,11.587
2025-09-29,https://www.mch.govt.nz/our-work/memorials-and-commemorations/oi-manawa-canterbury-earthquake-national-memorial,Ministry for Culture and Heritage,Public Service Departments,2,0,0,0,0,0,0,0,0,0,4,8.594,11.484
2025-09-29,https://www.medsafe.govt.nz/,Ministry of Health,Public Service Departments,100,8,2,6,8,8,2,100,100,0,82,10.229,13.038
2025-09-29,https://www.mfat.govt.nz/,Ministry of Foreign Affairs and Trade,Public Service Departments,100,348,251,97,348,183,158,0,0,0,124,10.272,12.832
2025-09-29,https://www.moneymanagementsuppliers.workandincome.govt.nz/,Ministry of Social Development,Public Service Departments,1,0,0,0,0,0,0,0,0,0,2,4.856,8.768
2025-09-29,https://www.motortraders.govt.nz/,"Ministry of Business, Innovation and Employment",Public Service Departments,78,86,22,64,86,58,99,1,1,0,112,10.361,13.175
2025-09-29,https://www.mpi.govt.nz/,Ministry for Primary Industries,Public Service Departments,100,962,648,314,962,347,8,3,3,0,67,8.202,11.246
2025-09-29,https://www.mpp.govt.nz/,Ministry for Pacific Peoples,Public Service Departments,100,1448,946,502,1448,356,3,5,5,0,114,10.536,13.461
2025-09-29,https://www.msd.govt.nz/,Ministry of Social Development,Public Service Departments,100,85,85,0,85,17,1,1,1,0,132,9.62,12.458
2025-09-29,https://www.myd.govt.nz/,Ministry of Social Development,Public Service Departments,100,12,12,0,12,10,192,100,100,0,98,8.449,11.512
2025-09-29,https://www.myrtlerust.org.nz/,Ministry for Primary Industries,Public Service Departments,55,638,445,193,638,363,57,16,16,0,80,7.992,10.879
2025-09-29,https://www.naeac.org.nz/,Ministry for Primary Industries,Public Service Departments,15,40,40,0,40,7,9,0,0,0,18,10.425,13.375
2025-09-29,https://www.nawac.org.nz/,Ministry for Primary Industries,Public Service Departments,21,102,80,22,102,38,21,0,0,0,22,10.948,13.073
2025-09-29,https://www.ncsc.govt.nz/,Government Communications Security Bureau,Public Service Departments,100,438,304,134,438,21,1,0,0,0,141,10.155,12.599
2025-09-29,https://www.newcops.govt.nz/,New Zealand Police,Non-Public Service Departments,59,624,270,354,624,127,173,17,17,0,66,7.658,10.75
2025-09-29,https://www.nokuteao.org.nz/,Health New Zealand,Crown Entities - Crown Agents,56,48,38,10,48,46,5,5,5,0,46,9.513,11.684
2025-09-29,https://www.nzbn.govt.nz/,"Ministry of Business, Innovation and Employment",Public Service Departments,63,142,66,76,142,6,0,0,0,0,88,8.193,11.297
2025-09-29,https://www.nzcrs.govt.nz/,"Ministry of Business, Innovation and Employment",Public Service Departments,91,546,546,0,546,120,120,2,2,0,136,9.814,12.773
2025-09-29,https://www.nzdf.mil.nz/nzdf/,New Zealand Defence Force,Non-Public Service Departments,100,470,470,0,470,171,79,19,19,0,100,11.583,13.693
2025-09-29,https://www.nzic.govt.nz/,Government Communications Security Bureau,Public Service Departments,3,24,24,0,24,24,0,0,0,0,4,9.79,12.627
2025-09-29,https://www.nzpam.govt.nz/,"Ministry of Business, Innovation and Employment",Public Service Departments,100,308,108,200,308,68,0,100,100,0,120,9.187,12.224
2025-09-29,https://www.nzrelay.co.nz/,"Ministry of Business, Innovation and Employment",Public Service Departments,27,520,305,215,520,446,5,6,6,0,20,7.264,10.335
2025-09-29,https://www.nzsar.govt.nz/,"Ministry of Cities, Environment, Regions and Transport",Public Service Departments,100,538,238,300,538,103,179,100,100,0,24,8.878,11.786
2025-09-29,https://www.nzsis.govt.nz/,New Zealand Security Intelligence Service,Public Service Departments,100,36,32,4,36,10,0,39,39,0,116,12.314,14.36
2025-09-29,https://www.nzsl.govt.nz/,Whaikaha,Public Service Departments,100,5,5,0,5,5,3,0,0,0,118,9.57,12.301
2025-09-29,https://www.officeforseniors.govt.nz/,Ministry of Social Development,Public Service Departments,100,14,14,0,14,9,0,0,0,0,76,9.078,11.656
2025-09-29,https://www.orangatamariki.govt.nz/,Oranga Tamariki,Public Service Departments,100,102,18,84,102,23,0,100,100,0,106,6.938,10.297
2025-09-29,https://www.orangatamarikiactionplan.govt.nz/,Oranga Tamariki,Public Service Departments,25,0,0,0,0,0,1,25,25,0,30,9.345,12.103
2025-09-29,https://www.ownyouronline.govt.nz/,Government Communications Security Bureau,Public Service Departments,100,14,14,0,14,3,4,12,12,0,122,7.513,10.327
2025-09-29,https://www.paroleboard.govt.nz/,Department of Corrections,Public Service Departments,100,104,104,0,104,5,1,2,2,0,132,8.782,11.565
2025-09-29,https://www.passports.govt.nz/,Department of Internal Affairs,Public Service Departments,32,54,50,4,54,14,0,9,9,0,12,6.947,9.964
2025-09-29,https://www.pco.govt.nz/,Parliamentary Counsel Office,Non-Public Service Departments,100,528,61,467,528,161,202,3,3,0,128,10.964,13.636
2025-09-29,https://www.pds.govt.nz/,Ministry of Justice,Public Service Departments,10,20,20,0,20,2,2,10,10,0,0,,
2025-09-29,https://www.police.govt.nz/,New Zealand Police,Non-Public Service Departments,100,1014,977,37,1014,802,13,4,4,0,112,7.168,10.116
2025-09-29,https://www.procurement.govt.nz/,"Ministry of Business, Innovation and Employment",Public Service Departments,100,207,79,128,207,68,2,6,6,0,148,9.674,12.683
2025-09-29,https://www.productsafety.govt.nz/,"Ministry of Business, Innovation and Employment",Public Service Departments,100,1342,995,347,1342,563,0,2,2,0,78,8.113,10.719
2025-09-29,https://www.protectivesecurity.govt.nz/,New Zealand Security Intelligence Service,Public Service Departments,63,441,441,0,441,7,0,22,22,0,102,11.77,14.293
2025-09-29,https://www.publicservice.govt.nz/,Public Service Commission,Public Service Departments,100,47,47,0,47,31,38,0,0,0,158,10.7,13.22
2025-09-29,https://www.qualityplanning.org.nz/,"Ministry of Cities, Environment, Regions and Transport",Public Service Departments,100,1089,1089,0,1089,613,274,0,0,0,104,13.037,15.05
2025-09-29,https://www.realme.govt.nz/,Department of Internal Affairs,Public Service Departments,25,0,0,0,0,0,89,0,0,0,22,9.803,12.499
2025-09-29,https://www.regulation.govt.nz/,Ministry for Regulation,Public Service Departments,100,115,84,31,115,10,0,0,0,0,84,11.066,13.479
2025-09-29,https://www.remauthority.govt.nz/,"Ministry of Business, Innovation and Employment",Public Service Departments,43,3,3,0,3,1,12,1,1,0,50,12.319,14.48
2025-09-29,https://www.reportspam.co.nz/,Department of Internal Affairs,Public Service Departments,3,9,3,6,9,3,0,3,3,0,4,9.273,11.461
2025-09-29,https://www.rsm.govt.nz/,"Ministry of Business, Innovation and Employment",Public Service Departments,100,14,14,0,14,12,0,0,0,0,88,9.616,12.765
2025-09-29,https://www.safergambling.org.nz/,Health New Zealand,Crown Entities - Crown Agents,27,83,10,73,83,20,0,3,3,0,38,6.045,9.499
2025-09-29,https://www.safetotalk.nz/,Ministry of Social Development,Public Service Departments,22,521,391,130,521,31,153,0,0,0,26,7.102,10.274
2025-09-29,https://www.safetravel.govt.nz/,Ministry of Foreign Affairs and Trade,Public Service Departments,100,506,498,8,506,68,2,19,19,0,0,,
2025-09-29,https://www.sfo.govt.nz/,Serious Fraud Office,Public Service Departments,100,24,22,2,24,24,3,0,0,0,108,9.587,12.27
2025-09-29,https://www.sia.govt.nz/,Social Investment Agency,Public Service Departments,100,0,0,0,0,0,605,10,10,0,100,10.15,12.787
2025-09-29,https://www.smallsteps.org.nz/,Health New Zealand,Crown Entities - Crown Agents,29,446,432,14,446,96,186,2,2,0,32,5.287,9.095
2025-09-29,https://www.smokefree.org.nz/,Health New Zealand,Crown Entities - Crown Agents,92,90,37,53,90,82,35,0,0,0,94,5.699,9.423
2025-09-29,https://www.standards.govt.nz/,"Ministry of Business, Innovation and Employment",Public Service Departments,100,65,65,0,65,54,2,15,15,0,94,11.127,13.429
2025-09-29,https://www.stats.govt.nz,Statistics New Zealand,Public Service Departments,100,2884,2154,730,2884,1546,667,0,0,0,144,7.904,10.716
2025-09-29,https://www.strengtheningfamilies.govt.nz/,Oranga Tamariki,Public Service Departments,17,0,0,0,0,0,4,17,17,0,16,8.412,11.902
2025-09-29,https://www.studylink.govt.nz/,Ministry of Social Development,Public Service Departments,100,2,2,0,2,2,0,98,98,0,54,4.97,8.614
2025-09-29,https://www.stv.govt.nz/index.shtml,Department of Internal Affairs,Public Service Departments,13,34,32,2,34,6,0,0,0,0,14,7.161,10.977
2025-09-29,https://www.supergold.govt.nz/,Ministry of Social Development,Public Service Departments,100,4136,3911,225,4136,2866,39,5,5,0,38,7.276,10.396
2025-09-29,https://www.supportmydecisions.nz/,Whaikaha,Public Service Departments,26,0,0,0,0,0,0,0,0,0,30,6.776,10.228
2025-09-29,https://www.survivorexperiences.govt.nz/,Department of Internal Affairs,Public Service Departments,38,42,32,10,42,38,67,38,38,0,64,8.512,10.796
2025-09-29,https://www.tariff-finder.govt.nz/,Ministry of Foreign Affairs and Trade,Public Service Departments,3,271,265,6,271,139,15,3,3,0,0,,
2025-09-29,https://www.tas.mbie.govt.nz/,"Ministry of Business, Innovation and Employment",Public Service Departments,19,4,4,0,4,4,76,3,3,0,32,9.458,12.088
2025-09-29,https://www.taxpolicy.ird.govt.nz/,Inland Revenue Department,Public Service Departments,100,33,33,0,33,12,799,0,0,0,50,10.13,13.122
2025-09-29,https://www.taxtechnical.ird.govt.nz/,Inland Revenue Department,Public Service Departments,100,198,198,0,198,33,799,0,0,0,60,12.082,13.467
2025-09-29,https://www.tehaorangahau.msd.govt.nz/,Ministry of Social Development,Public Service Departments,100,0,0,0,0,0,0,0,0,0,74,9.374,12.567
2025-09-29,https://www.tenancy.govt.nz/,"Ministry of Business, Innovation and Employment",Public Service Departments,100,1747,146,1601,1747,162,13,0,0,0,116,8.189,11.292
2025-09-29,https://www.tki.org.nz/,Ministry of Education,Public Service Departments,100,298,298,0,298,166,1572,95,95,0,80,9.421,12.37
2025-09-29,https://www.tkm.govt.nz/,Te Puni Kōkiri,Public Service Departments,100,292,292,0,292,16,0,100,100,0,62,7.171,10.893
2025-09-29,https://www.tools.business.govt.nz/boost/,"Ministry of Business, Innovation and Employment",Public Service Departments,2,7,3,4,7,4,2,0,0,0,0,,
2025-09-29,https://www.tools.business.govt.nz/cashflow-forecaster/,"Ministry of Business, Innovation and Employment",Public Service Departments,1,7,1,6,7,7,0,0,0,0,0,,
2025-09-29,https://www.tools.business.govt.nz/climate/,"Ministry of Business, Innovation and Employment",Public Service Departments,2,24,12,12,24,17,2,0,0,0,0,,
2025-09-29,https://www.tools.business.govt.nz/do-business-online/,"Ministry of Business, Innovation and Employment",Public Service Departments,2,4,4,0,4,3,0,0,0,0,0,,
2025-09-29,https://www.tools.business.govt.nz/funding-explorer/,"Ministry of Business, Innovation and Employment",Public Service Departments,2,3,3,0,3,2,1,0,0,0,0,,
2025-09-29,https://www.tradebarriers.govt.nz/,Ministry of Foreign Affairs and Trade,Public Service Departments,7,1,1,0,1,1,0,0,0,0,8,9.819,12.591
2025-09-29,https://www.tradingstandards.govt.nz/,"Ministry of Business, Innovation and Employment",Public Service Departments,8,24,24,0,24,3,14,0,0,0,12,9.856,12.614
2025-09-29,https://www.transport.govt.nz/,"Ministry of Cities, Environment, Regions and Transport",Public Service Departments,100,1473,1019,454,1473,230,748,13,13,0,116,9.353,12.216
2025-09-29,https://www.travellerdeclaration.govt.nz/,"Ministry of Business, Innovation and Employment",Public Service Departments,23,72,49,23,72,6,4,0,0,0,26,8.832,11.812
2025-09-29,https://www.treasury.govt.nz/,The Treasury,Public Service Departments,100,474,474,0,474,236,421,23,23,0,102,11.689,14.428
2025-09-29,https://www.tsw.govt.nz/external/application/login/app.html,New Zealand Customs Service,Public Service Departments,1,12,8,4,12,8,0,0,0,0,0,,
2025-09-29,https://www.tuiatetaiao.nz/,Ministry for Primary Industries,Public Service Departments,27,120,89,31,120,40,28,27,27,0,10,8.454,11.68
2025-09-29,https://www.tupu.nz/,Te Puni Kōkiri,Public Service Departments,100,161,161,0,161,38,55,4,4,0,114,5.711,9.073
2025-09-29,https://www.unittitles.govt.nz/,"Ministry of Business, Innovation and Employment",Public Service Departments,100,1443,284,1159,1443,87,0,0,0,0,84,9.814,12.491
2025-09-29,https://www.veteransaffairs.mil.nz/,New Zealand Defence Force,Non-Public Service Departments,100,17,6,11,17,9,3,0,0,0,40,7.909,11.368
2025-09-29,https://www.waitangitribunal.govt.nz/,Ministry of Justice,Public Service Departments,100,543,485,58,543,185,4,38,38,0,110,7.671,10.797
2025-09-29,https://www.whaikaha.govt.nz/,Whaikaha,Public Service Departments,100,2,2,0,2,2,1,6,6,0,112,11.201,13.677
2025-09-29,https://www.women.govt.nz/,Ministry for Women,Public Service Departments,100,2143,1939,204,2143,122,450,11,11,0,112,10.8,13.054
2025-09-29,https://www.workandincome.govt.nz/,Ministry of Social Development,Public Service Departments,100,8,8,0,8,6,0,0,0,0,58,6.054,9.408
2025-09-29,https://www.workandincome.govt.nz/map/index.html,Ministry of Social Development,Public Service Departments,100,304,210,94,304,10,591,4,4,0,0,,
2025-09-29,https://www.workforceinsights.govt.nz/,Ministry for Primary Industries,Public Service Departments,100,263,61,202,263,9,36,8,8,0,158,6.8,9.578
2025-09-29,https://www.xn--morilandcourt-wqb.govt.nz/,Ministry of Justice,Public Service Departments,100,3836,3836,0,3836,806,69,100,100,0,62,7.963,10.96
2025-09-29,https://www.xn--tekhuikhu-7bbe.govt.nz/,Ministry of Social Development,Public Service Departments,24,0,0,0,0,0,0,0,0,0,24,8.135,11.237
2025-09-29,https://www.youthcourt.govt.nz/home-2/,Ministry of Justice,Public Service Departments,1,2,2,0,2,2,0,1,1,0,0,,
2025-09-29,https://www.youthservice.govt.nz/,Ministry of Social Development,Public Service Departments,38,6,6,0,6,6,5,38,38,0,6,5.458,8.202
2025-09-29,https://www2.justice.govt.nz/elibsonline/,Ministry of Justice,Public Service Departments,21,0,0,0,0,0,0,21,21,0,0,,
2025-09-29,https://youthguarantee.education.govt.nz,Ministry of Education,Public Service Departments,100,2455,1922,533,2455,319,7,57,57,0,40,9.682,12.379
2025-09-29,https://youthwork.orangatamariki.govt.nz/,Oranga Tamariki,Public Service Departments,2,0,0,0,0,0,0,0,0,0,4,5.217,7.553
2025-09-29,https://zh-hans.getready.govt.nz/,National Emergency Management Agency,Public Service Departmental Agencies,62,0,0,0,0,0,8,1,1,0,0,,
2025-09-29,https://zh-hant.getready.govt.nz/,National Emergency Management Agency,Public Service Departmental Agencies,53,0,0,0,0,0,7,1,1,0,0,,
2025-12-17,https://28maoribattalion.org.nz/,Ministry for Culture and Heritage,Public Service Departments,100,6,2,4,6,6,96,100,100,0,28,8.547,10.843
2025-12-17,https://aca-auprod.accela.com/NZPAM/Welcome.aspx,"Ministry of Business, Innovation and Employment",Public Service Departments,5,31,25,6,31,15,3,3,3,0,4,13.418,15.58
2025-12-17,https://acart.health.govt.nz/,Ministry of Health,Public Service Departments,64,0,0,0,0,0,0,0,0,0,44,10.219,13.143
2025-12-17,https://airforcemuseum.co.nz/,New Zealand Defence Force,Non-Public Service Departments,100,1141,850,291,1141,458,146,31,31,0,114,8.793,11.353
2025-12-17,https://aml.dia.govt.nz/,Department of Internal Affairs,Public Service Departments,17,77,20,57,77,61,17,1,1,0,12,12.297,14.646
2025-12-17,https://annualreport2021.msd.govt.nz/,Ministry of Social Development,Public Service Departments,78,0,0,0,0,0,0,0,0,0,72,11.134,12.446
2025-12-17,https://anyquestions.govt.nz/,Department of Internal Affairs,Public Service Departments,100,716,716,0,716,668,2,26,26,0,166,5.738,9.141
2025-12-17,https://aotearoahistories.education.govt.nz/,Ministry of Education,Public Service Departments,11,40,40,0,40,11,23,1,1,0,8,9.806,12.891
2025-12-17,https://api.doc.govt.nz/,Department of Conservation,Public Service Departments,1,12,6,6,12,12,0,1,1,0,0,,
2025-12-17,https://api.msd.govt.nz/,Ministry of Social Development,Public Service Departments,13,3,3,0,3,3,56,2,2,0,14,9.543,11.652
2025-12-17,https://app.birdbanding.doc.govt.nz/,Department of Conservation,Public Service Departments,4,58,46,12,58,29,0,1,1,0,1,12.232,13.087
2025-12-17,https://app.businessregisters.govt.nz/,"Ministry of Business, Innovation and Employment",Public Service Departments,1,12,10,2,12,12,0,1,1,0,0,,
2025-12-17,https://applications.education.govt.nz/,Ministry of Education,Public Service Departments,100,491,459,32,491,97,766,100,100,0,80,8.492,11.192
2025-12-17,https://apply.justice.govt.nz/,Ministry of Justice,Public Service Departments,65,1639,1547,92,1639,165,538,51,51,0,86,7.457,10.865
2025-12-17,https://ar.getready.govt.nz/,National Emergency Management Agency,Public Service Departmental Agencies,0,0,0,0,0,0,0,0,0,0,0,,
2025-12-17,https://aria.stats.govt.nz/aria/,Statistics New Zealand,Public Service Departments,0,0,0,0,0,0,0,0,0,0,0,,
2025-12-17,https://aroturuki.govt.nz/,Aroturuki Tamariki,Crown Entities - Independent Crown Entities,100,0,0,0,0,0,0,37,37,0,157,10.462,12.502
2025-12-17,https://auctioneers.mbie.govt.nz/,"Ministry of Business, Innovation and Employment",Public Service Departments,100,222,200,22,222,24,79,1,1,0,174,8.077,11.47
2025-12-17,https://basemaps.linz.govt.nz/,Land Information New Zealand,Public Service Departments,1,8,0,8,8,8,2,0,0,0,0,,
2025-12-17,https://bdmhistoricalrecords.dia.govt.nz/,Department of Internal Affairs,Public Service Departments,27,137,65,72,137,42,0,27,27,0,0,,
2025-12-17,https://bdmonline.dia.govt.nz/,Department of Internal Affairs,Public Service Departments,11,22,22,0,22,2,0,11,11,0,0,,
2025-12-17,https://beyondordinary.nzic.govt.nz/,Government Communications Security Bureau,Public Service Departments,25,0,0,0,0,0,0,6,6,0,30,8.89,11.755
2025-12-17,https://blog.doc.govt.nz/,Department of Conservation,Public Service Departments,100,3458,3456,2,3458,873,103,3,3,0,100,7.393,10.142
2025-12-17,https://bookings.doc.govt.nz/web/,Department of Conservation,Public Service Departments,4,116,52,64,116,44,10,0,0,0,0,,
2025-12-17,https://budget.govt.nz/,The Treasury,Public Service Departments,100,22,22,0,22,6,33,0,0,0,40,10.818,13.508
2025-12-17,https://bullyingfree.nz/,Ministry of Education,Public Service Departments,100,4668,4654,14,4668,3014,671,100,100,0,138,8.093,11.337
2025-12-17,https://businessonlineservices.msd.govt.nz/bos/MSDProviderLogon.jsp,Ministry of Social Development,Public Service Departments,1,2,2,0,2,2,0,1,1,0,0,,
2025-12-17,https://cadetforces.org.nz/,New Zealand Defence Force,Non-Public Service Departments,19,296,296,0,296,171,0,1,1,0,34,10.276,12.347
2025-12-17,https://canterbury.royalcommission.govt.nz/,Department of Internal Affairs,Public Service Departments,100,468,268,200,468,28,100,100,100,0,130,11.225,13.48
2025-12-17,https://careers.corrections.govt.nz/,Department of Corrections,Public Service Departments,100,300,300,0,300,103,273,18,18,0,144,8.594,11.353
2025-12-17,https://careers.customs.govt.nz/home,New Zealand Customs Service,Public Service Departments,27,200,186,14,200,72,51,1,1,0,26,10.913,13.318
2025-12-17,https://careers.education.govt.nz/,Ministry of Education,Public Service Departments,7,20,20,0,20,6,0,2,2,0,8,9.565,12.057
2025-12-17,https://careers.linz.govt.nz/,Land Information New Zealand,Public Service Departments,5,5,5,0,5,3,14,0,0,0,0,,
2025-12-17,https://careers.mfe.govt.nz/,"Ministry of Cities, Environment, Regions and Transport",Public Service Departments,41,978,858,120,978,242,422,27,27,0,42,9.766,12.811
2025-12-17,https://careers.regulation.govt.nz/,Ministry for Regulation,Public Service Departments,23,13,3,10,13,7,19,1,1,0,16,10.677,13.544
2025-12-17,https://catalogue.data.govt.nz/dataset,Public Service Commission,Public Service Departments,100,2567,2384,183,2567,673,100,1,1,0,0,,
2025-12-17,https://celebrants.dia.govt.nz/,Department of Internal Affairs,Public Service Departments,2,28,14,14,28,22,0,0,0,0,0,,
2025-12-17,https://centralagenciesjobs.cass.govt.nz/home,The Treasury,Public Service Departments,22,108,98,10,108,57,0,0,0,0,18,11.413,14.194
2025-12-17,https://certificates.services.govt.nz/,Department of Internal Affairs,Public Service Departments,3,0,0,0,0,0,4,0,0,0,2,7.689,10.565
2025-12-17,https://charts.linz.govt.nz/,Land Information New Zealand,Public Service Departments,100,1452,1384,68,1452,802,2,2,2,0,132,10.534,14.059
2025-12-17,https://check.msd.govt.nz/,Ministry of Social Development,Public Service Departments,7,2,2,0,2,2,0,0,0,0,8,4.796,4.684
2025-12-17,https://chiefvictimsadvisor.justice.govt.nz/,Ministry of Justice,Public Service Departments,19,0,0,0,0,0,0,19,19,0,16,10.533,12.988
2025-12-17,https://christchurchattack.royalcommission.nz/,Department of Internal Affairs,Public Service Departments,100,47,45,2,47,31,11,30,30,0,156,10.814,13.467
2025-12-17,https://ci.getready.govt.nz/,National Emergency Management Agency,Public Service Departmental Agencies,0,0,0,0,0,0,0,0,0,0,0,,
2025-12-17,https://codehub.building.govt.nz/,"Ministry of Business, Innovation and Employment",Public Service Departments,100,180,177,3,180,112,0,28,28,0,48,8.797,12.102
2025-12-17,https://collections.archives.govt.nz/,Department of Internal Affairs,Public Service Departments,78,423,256,167,423,19,20,0,0,0,24,4.596,8.435
2025-12-17,https://companies-register.companiesoffice.govt.nz/,"Ministry of Business, Innovation and Employment",Public Service Departments,100,37,17,20,37,20,0,5,5,0,170,8.107,11.685
2025-12-17,https://consult.environment.govt.nz/,"Ministry of Cities, Environment, Regions and Transport",Public Service Departments,100,1,1,0,1,1,2,100,100,0,62,9.281,12.294
2025-12-17,https://consult.health.govt.nz/,Ministry of Health,Public Service Departments,100,2,2,0,2,1,0,1,1,0,98,10.213,12.978
2025-12-17,https://consultation.dpmc.govt.nz/,Department of the Prime Minister and Cabinet,Public Service Departments,36,1,1,0,1,1,0,36,36,0,32,11.224,13.994
2025-12-17,https://consultation.regulation.govt.nz/,Ministry for Regulation,Public Service Departments,31,1,1,0,1,1,0,31,31,0,26,10.72,12.812
2025-12-17,https://consultations.justice.govt.nz/,Ministry of Justice,Public Service Departments,100,1,1,0,1,1,3,100,100,0,110,9.278,12.302
2025-12-17,https://coronerscourt.govt.nz/,Ministry of Justice,Public Service Departments,90,17,17,0,17,12,2,90,90,0,94,8.72,11.994
2025-12-17,https://ct-register.companiesoffice.govt.nz/,"Ministry of Business, Innovation and Employment",Public Service Departments,52,41,15,26,41,17,0,3,3,0,70,7.507,10.839
2025-12-17,https://curriculumprogresstools.education.govt.nz/,Ministry of Education,Public Service Departments,37,1455,1333,122,1455,161,0,6,6,0,38,8.628,11.118
2025-12-17,https://data.govt.nz/,Public Service Commission,Public Service Departments,100,46,46,0,46,37,2,6,6,0,144,9.503,12.108
2025-12-17,https://data.linz.govt.nz/,Land Information New Zealand,Public Service Departments,100,979,625,354,979,140,121,0,0,0,2,7.269,10.504
2025-12-17,https://data.mfe.govt.nz,"Ministry of Cities, Environment, Regions and Transport",Public Service Departments,100,1019,756,263,1019,134,155,0,0,0,0,,
2025-12-17,https://datainfoplus.stats.govt.nz/,Statistics New Zealand,Public Service Departments,0,0,0,0,0,0,0,0,0,0,0,,
2025-12-17,https://deathdocs.services.govt.nz/,Department of Internal Affairs,Public Service Departments,9,130,128,2,130,62,0,9,9,0,6,12.987,15.183
2025-12-17,https://debtmanagement.treasury.govt.nz/,The Treasury,Public Service Departments,100,1545,1337,208,1545,252,651,5,5,0,112,12.431,14.604
2025-12-17,https://deptconservation.maps.arcgis.com/apps/webappviewer/index.html?id=4299ffa07de9451994681b43b60ad95b,Department of Conservation,Public Service Departments,1,2,0,2,2,2,2,0,0,0,0,,
2025-12-17,https://designsystem.education.govt.nz/,Ministry of Education,Public Service Departments,34,56,56,0,56,23,172,5,5,0,40,7.375,10.425
2025-12-17,https://devdata.mfat.govt.nz/,Ministry of Foreign Affairs and Trade,Public Service Departments,100,154,48,106,154,111,1518,0,0,0,6,7.777,11.026
2025-12-17,https://developers.realme.govt.nz/,Department of Internal Affairs,Public Service Departments,58,176,176,0,176,103,260,0,0,0,58,9.493,12.3
2025-12-17,https://dia.services.govt.nz/,Department of Internal Affairs,Public Service Departments,6,68,47,21,68,53,0,0,0,0,6,8.082,11.267
2025-12-17,https://digitalnz.org/,Department of Internal Affairs,Public Service Departments,100,2361,2202,159,2361,203,147,2,2,0,114,6.272,9.614
2025-12-17,https://digitalsuite.co.nz/,Ministry of Social Development,Public Service Departments,4,0,0,0,0,0,0,2,2,0,4,10.978,13.601
2025-12-17,https://disclose-register.companiesoffice.govt.nz/,"Ministry of Business, Innovation and Employment",Public Service Departments,100,42,20,22,42,13,0,1,1,0,132,8.523,11.73
2025-12-17,https://disclosure.legislation.govt.nz/,Parliamentary Counsel Office,Non-Public Service Departments,100,17,17,0,17,17,0,100,100,0,4,10.465,13.233
2025-12-17,https://dispute.employment.govt.nz/app/Extra/Employment/Default.aspx,"Ministry of Business, Innovation and Employment",Public Service Departments,1,13,12,1,13,13,2,1,1,0,0,,
2025-12-17,https://dispute.era.govt.nz/app/Extra/ERA/Default.aspx,"Ministry of Business, Innovation and Employment",Public Service Departments,1,4,3,1,4,4,2,0,0,0,0,,
2025-12-17,https://dispute.tenancy.govt.nz/app/Extra/TenancyTribunal/Default.aspx,"Ministry of Business, Innovation and Employment",Public Service Departments,1,4,3,1,4,4,2,1,1,0,0,,
2025-12-17,https://doc-deptconservation.opendata.arcgis.com/,Department of Conservation,Public Service Departments,32,64,64,0,64,2,38,0,0,0,0,,
2025-12-17,https://doc.wd105.myworkdayjobs.com/en-US/DOC/,Department of Conservation,Public Service Departments,56,112,112,0,112,2,0,0,0,0,24,8.808,12.01
2025-12-17,https://docref.digital.govt.nz/,Public Service Commission,Public Service Departments,100,34,34,0,34,2,0,32,32,0,120,11.067,13.604
2025-12-17,https://ea.analytics.msd.govt.nz/,Ministry of Social Development,Public Service Departments,1,0,0,0,0,0,1,0,0,0,0,,
2025-12-17,https://eab.business.govt.nz/employmentagreementbuilder/startscreen,"Ministry of Business, Innovation and Employment",Public Service Departments,1,1,0,1,1,1,0,0,0,0,0,,
2025-12-17,https://earlylearning.services.govt.nz/,Department of Internal Affairs,Public Service Departments,42,607,607,0,607,190,0,1,1,0,24,7.62,10.191
2025-12-17,https://ecart.health.govt.nz/,Ministry of Health,Public Service Departments,23,0,0,0,0,0,0,0,0,0,12,9.973,12.901
2025-12-17,https://encservice.linz.govt.nz/,Land Information New Zealand,Public Service Departments,9,9,5,4,9,9,0,1,1,0,10,8.692,10.853
2025-12-17,https://endoflife.services.govt.nz/,Department of Internal Affairs,Public Service Departments,10,282,90,192,282,197,21,10,10,0,0,,
2025-12-17,https://environment.govt.nz/,"Ministry of Cities, Environment, Regions and Transport",Public Service Departments,100,18,18,0,18,18,2,7,7,0,92,10.077,12.559
2025-12-17,https://epbr.building.govt.nz/,"Ministry of Business, Innovation and Employment",Public Service Departments,1,35,8,27,35,10,0,1,1,0,0,,
2025-12-17,https://er.getready.govt.nz/,National Emergency Management Agency,Public Service Departmental Agencies,5,0,0,0,0,0,0,1,1,0,2,11.213,13.713
2025-12-17,https://es.getready.govt.nz/,National Emergency Management Agency,Public Service Departmental Agencies,11,0,0,0,0,0,3,0,0,0,0,,
2025-12-17,https://ethics.health.govt.nz/,Ministry of Health,Public Service Departments,100,0,0,0,0,0,2,3,3,0,62,9.674,12.623
2025-12-17,https://ethnicxchange.org.nz/,Ministry for Ethnic Communities,Public Service Departmental Agencies,1,0,0,0,0,0,2,0,0,0,2,7.14,10.38
2025-12-17,https://etuwhanau.org.nz/,Ministry of Social Development,Public Service Departments,100,810,88,722,810,153,67,4,4,0,126,8.784,11.519
2025-12-17,https://evaluationhub.education.govt.nz/,Ministry of Education,Public Service Departments,18,2,2,0,2,2,108,18,18,0,18,8.588,11.333
2025-12-17,https://explore.data.stats.govt.nz/,Statistics New Zealand,Public Service Departments,1,2,1,1,2,2,2,0,0,0,0,,
2025-12-17,https://exportcredit.treasury.govt.nz/,The Treasury,Public Service Departments,100,1651,1567,84,1651,259,613,6,6,0,118,11.234,13.449
2025-12-17,https://fa-eqqg-saasfaprod1.fa.ocs.oraclecloud.com/hcmUI/CandidateExperience/en/sites/CX_1001/,Department of Internal Affairs,Public Service Departments,60,131,131,0,131,7,60,0,0,0,85,11.56,14.399
2025-12-17,https://fadc.govt.nz/,Financial Markets Authority,Crown Entities - Independent Crown Entities,16,135,119,16,135,60,17,8,8,0,10,10.678,14.018
2025-12-17,https://financialadvicecode.govt.nz,Financial Markets Authority,Crown Entities - Independent Crown Entities,13,137,124,13,137,43,13,1,1,0,6,11.533,14.483
2025-12-17,https://fintech.govt.nz,Financial Markets Authority,Crown Entities - Independent Crown Entities,8,25,25,0,25,12,0,0,0,0,14,10.055,12.733
2025-12-17,https://fms-cp.mfe-enquire.cloud/user/realme.html,"Ministry of Cities, Environment, Regions and Transport",Public Service Departments,1,6,2,4,6,6,0,1,1,0,0,,
2025-12-17,https://form.abuseincaretopups.govt.nz/online_forms/top_up_resolved_claim_form/new,Ministry of Social Development,Public Service Departments,1,0,0,0,0,0,0,0,0,0,2,3.973,7.169
2025-12-17,https://fsp-register.companiesoffice.govt.nz/,"Ministry of Business, Innovation and Employment",Public Service Departments,75,36,18,18,36,20,0,1,1,0,104,8.205,11.638
2025-12-17,https://ftp.doc.govt.nz/login,Department of Conservation,Public Service Departments,2,20,16,4,20,10,1,0,0,0,0,,
2025-12-17,https://fuelquality.tradingstandards.govt.nz/,"Ministry of Business, Innovation and Employment",Public Service Departments,24,155,121,34,155,40,39,2,2,0,34,10.842,13.196
2025-12-17,https://gazette.education.govt.nz/,Ministry of Education,Public Service Departments,100,4591,4271,320,4591,795,5,100,100,0,122,7.781,11.124
2025-12-17,https://gazette.govt.nz/,Public Service Commission,Public Service Departments,100,2105,1703,402,2105,32,208,21,21,0,96,9.049,12.163
2025-12-17,https://gazetteer.linz.govt.nz/,Land Information New Zealand,Public Service Departments,1,0,0,0,0,0,0,0,0,0,0,,
2025-12-17,https://getready.govt.nz/,National Emergency Management Agency,Public Service Departmental Agencies,32,0,0,0,0,0,3,0,0,0,48,4.843,8.572
2025-12-17,https://gg.govt.nz/,Department of the Prime Minister and Cabinet,Public Service Departments,100,819,691,128,819,212,0,8,8,0,84,9.393,11.811
2025-12-17,https://globalresearchalliance.org/,Ministry for Primary Industries,Public Service Departments,0,0,0,0,0,0,0,0,0,0,0,,
2025-12-17,https://govtnz.github.io/web-a11y-guidance/,Public Service Commission,Public Service Departments,100,0,0,0,0,0,3,0,0,0,112,8.993,11.611
2025-12-17,https://granted.govt.nz/,Department of Internal Affairs,Public Service Departments,1,0,0,0,0,0,2,0,0,0,0,,
2025-12-17,https://gwn.govt.nz/,Public Service Commission,Public Service Departments,100,514,508,6,514,285,207,27,27,0,114,8.556,11.307
2025-12-17,https://health.nzdf.mil.nz/,New Zealand Defence Force,Non-Public Service Departments,100,1043,1029,14,1043,762,18,0,0,0,109,8.108,11.092
2025-12-17,https://health.wd105.myworkdayjobs.com/External,Ministry of Health,Public Service Departments,26,42,42,0,42,2,82,26,26,0,8,11.236,14.316
2025-12-17,https://healthed.govt.nz/,Health New Zealand,Crown Entities - Crown Agents,100,500,297,203,500,288,75,12,12,0,90,6.419,9.041
2025-12-17,https://hearings.courtsofnz.govt.nz/,Ministry of Justice,Public Service Departments,9,0,0,0,0,0,0,0,0,0,6,8.705,11.925
2025-12-17,https://hepikorua.education.govt.nz/,Ministry of Education,Public Service Departments,34,721,475,246,721,329,2,10,10,0,0,,
2025-12-17,https://hi.getready.govt.nz/,National Emergency Management Agency,Public Service Departmental Agencies,41,0,0,0,0,0,6,16,16,0,0,,
2025-12-17,https://humanrights.govt.nz/,Ministry of Justice,Public Service Departments,1,13,13,0,13,13,2,0,0,0,0,,
2025-12-17,https://inclusive.tki.org.nz/,Ministry of Education,Public Service Departments,100,4205,4055,150,4205,228,1,0,0,0,143,6.828,10.049
2025-12-17,https://infoshare.stats.govt.nz,Statistics New Zealand,Public Service Departments,13,274,202,72,274,86,2,13,13,0,0,,
2025-12-17,https://inspectorate.corrections.govt.nz/,Department of Corrections,Public Service Departments,100,388,388,0,388,348,8,100,100,0,132,11.996,14.324
2025-12-17,https://is-register.companiesoffice.govt.nz/,"Ministry of Business, Innovation and Employment",Public Service Departments,96,63,15,48,63,17,0,3,3,0,149,9.054,12.003
2025-12-17,https://iya.education.govt.nz/login,Ministry of Education,Public Service Departments,2,32,18,14,32,18,0,0,0,0,0,,
2025-12-17,https://ja.getready.govt.nz/,National Emergency Management Agency,Public Service Departmental Agencies,25,0,0,0,0,0,4,1,1,0,0,,
2025-12-17,https://jcc.govt.nz/,Ministry of Justice,Public Service Departments,5,0,0,0,0,0,13,2,2,0,8,10.623,12.909
2025-12-17,https://jobs.defence.govt.nz/home,Ministry of Defence,Public Service Departments,4,38,30,8,38,23,2,0,0,0,0,,
2025-12-17,https://jobs.govt.nz/,Public Service Commission,Public Service Departments,100,8,8,0,8,4,7,39,39,0,148,10.449,13.346
2025-12-17,https://jobs.mbie.govt.nz/,"Ministry of Business, Innovation and Employment",Public Service Departments,100,75,74,1,75,61,2,0,0,0,176,11.96,14.103
2025-12-17,https://jobs.msd.govt.nz/,Ministry of Social Development,Public Service Departments,100,630,306,324,630,88,0,75,75,0,156,11.011,12.588
2025-12-17,https://jobs.tewhatuora.govt.nz/jobtools/JnCustomLogin.Login?in_organid=19739,Health New Zealand,Crown Entities - Crown Agents,4,16,12,4,16,6,14,2,2,0,0,,
2025-12-17,https://kakapo-recovery.raiselysite.com/,Department of Conservation,Public Service Departments,100,506,406,100,506,7,495,0,0,0,0,,
2025-12-17,https://kaorakaako.education.govt.nz/,Ministry of Education,Public Service Departments,97,47,47,0,47,8,59,4,4,0,96,6.096,9.201
2025-12-17,https://katoatoa.mpp.govt.nz/,Ministry for Pacific Peoples,Public Service Departments,1,5,5,0,5,5,0,0,0,0,0,,
2025-12-17,https://kauwhatareo.govt.nz/,Ministry of Education,Public Service Departments,100,1108,896,212,1108,147,342,0,0,0,6,2.835,7.13
2025-12-17,https://kowhiti-whakapae.education.govt.nz/,Ministry of Education,Public Service Departments,100,238,238,0,238,29,0,2,2,0,112,9.873,12.394
2025-12-17,https://kupe.net.nz/,Cancer Control Agency,Public Service Departmental Agencies,17,382,346,36,382,79,118,17,17,0,18,7.414,9.337
2025-12-17,https://learning.building.govt.nz/,"Ministry of Business, Innovation and Employment",Public Service Departments,100,1311,1117,194,1311,150,14,1,1,0,2,9.185,12.209
2025-12-17,https://learning.procurement.govt.nz/,"Ministry of Business, Innovation and Employment",Public Service Departments,51,416,180,236,416,85,2,51,51,0,30,9.42,12.462
2025-12-17,https://learning.tradingstandards.govt.nz/login/,"Ministry of Business, Innovation and Employment",Public Service Departments,2,28,28,0,28,14,0,0,0,0,0,,
2025-12-17,https://learningfromhome.govt.nz/,Ministry of Education,Public Service Departments,100,358,152,206,358,58,600,2,2,0,46,7.577,10.382
2025-12-17,https://lp-register.companiesoffice.govt.nz/,"Ministry of Business, Innovation and Employment",Public Service Departments,77,43,15,28,43,17,0,2,2,0,105,8.967,12.487
2025-12-17,https://lrs.linz.govt.nz/search/,Land Information New Zealand,Public Service Departments,1,6,4,2,6,6,0,0,0,0,1,6.467,9.424
2025-12-17,https://lsfdashboard.treasury.govt.nz/wellbeing/,The Treasury,Public Service Departments,1,58,56,2,58,58,18,0,0,0,2,8.243,11.284
2025-12-17,https://maca-nds.maps.arcgis.com/home/index.html,Te Tari Whakatau,Public Service Departmental Agencies,4,7,4,3,7,5,0,0,0,0,0,,
2025-12-17,https://mahi.corrections.govt.nz/,Department of Corrections,Public Service Departments,24,155,155,0,155,61,4,15,15,0,20,10.997,13.672
2025-12-17,https://mahi.orangatamariki.govt.nz/home,Oranga Tamariki,Public Service Departments,100,381,216,165,381,51,24,98,98,0,0,,
2025-12-17,https://marinebiosecurity.org.nz/,Ministry for Primary Industries,Public Service Departments,78,467,23,444,467,27,71,35,35,0,100,9.178,11.913
2025-12-17,https://mbienz.shinyapps.io/labour-market-dashboard_prod/,"Ministry of Business, Innovation and Employment",Public Service Departments,2,4,4,0,4,2,0,2,2,0,0,,
2025-12-17,https://mbienz.shinyapps.io/migration_data_explorer/,"Ministry of Business, Innovation and Employment",Public Service Departments,2,4,4,0,4,2,0,2,2,0,0,,
2025-12-17,https://mbienz.shinyapps.io/RegionalFactsheets/,"Ministry of Business, Innovation and Employment",Public Service Departments,1,24,18,6,24,24,0,1,1,0,0,,
2025-12-17,https://mentalhealth.inquiry.govt.nz/,Department of Internal Affairs,Public Service Departments,100,746,646,100,746,36,6,32,32,0,100,11.039,13.677
2025-12-17,https://mfe.maps.arcgis.com/home/index.html,"Ministry of Cities, Environment, Regions and Transport",Public Service Departments,4,7,4,3,7,6,1,0,0,0,0,,
2025-12-17,https://mi.getready.govt.nz/,National Emergency Management Agency,Public Service Departmental Agencies,14,0,0,0,0,0,1,3,3,0,0,,
2025-12-17,https://mineplans.nzpam.govt.nz/,"Ministry of Business, Innovation and Employment",Public Service Departments,1,6,2,4,6,6,4,0,0,0,2,11.476,13.312
2025-12-17,https://minhealthnz.shinyapps.io/national-gambling-study-data-explorer/,Ministry of Health,Public Service Departments,2,0,0,0,0,0,3,0,0,0,4,9.663,12.714
2025-12-17,https://minhealthnz.shinyapps.io/nz-health-survey-2022-23-mental-health-data-explorer/,Ministry of Health,Public Service Departments,2,0,0,0,0,0,2,0,0,0,4,9.845,12.207
2025-12-17,https://minhealthnz.shinyapps.io/nz-health-survey-2024-25-annual-data-explorer/,Ministry of Health,Public Service Departments,2,0,0,0,0,0,3,0,0,0,4,9.709,11.753
2025-12-17,https://ministrycareers.education.govt.nz,Ministry of Education,Public Service Departments,1,4,4,0,4,4,0,0,0,0,0,,
2025-12-17,https://my.health.nz/,Health New Zealand,Crown Entities - Crown Agents,5,0,0,0,0,0,0,0,0,0,6,9.347,11.755
2025-12-17,https://my.msd.govt.nz/,Ministry of Social Development,Public Service Departments,8,16,16,0,16,16,60,0,0,0,4,8.435,11.341
2025-12-17,https://my.studylink.govt.nz/my/studylink/help/general-info.html,Ministry of Social Development,Public Service Departments,13,52,52,0,52,28,26,13,13,0,0,,
2025-12-17,https://my.studylink.govt.nz/mystudylink/logon.html,Ministry of Social Development,Public Service Departments,1,6,6,0,6,6,2,1,1,0,0,,
2025-12-17,https://my.studylink.govt.nz/mystudylink/logon_mobile.html,Ministry of Social Development,Public Service Departments,1,2,2,0,2,2,0,0,0,0,0,,
2025-12-17,https://mybond.tenancy.govt.nz/,"Ministry of Business, Innovation and Employment",Public Service Departments,2,0,0,0,0,0,3,0,0,0,0,,
2025-12-17,https://natlib.govt.nz/,Department of Internal Affairs,Public Service Departments,100,331,92,239,331,247,30,3,3,0,69,6.722,10.365
2025-12-17,https://natlib.govt.nz/support-us/te-puna-foundation/,Department of Internal Affairs,Public Service Departments,7,28,0,28,28,22,1,0,0,0,12,8.234,11.58
2025-12-17,https://navymuseum.co.nz/,New Zealand Defence Force,Non-Public Service Departments,100,2846,2519,327,2846,408,904,23,23,0,191,7.793,10.735
2025-12-17,https://ncea.education.govt.nz/,Ministry of Education,Public Service Departments,100,128,126,2,128,18,8,29,29,0,92,8.964,11.796
2025-12-17,https://neac.health.govt.nz/,Ministry of Health,Public Service Departments,91,0,0,0,0,0,0,5,5,0,90,12.33,14.698
2025-12-17,https://newzealandcurriculum.tahurangi.education.govt.nz/,Ministry of Education,Public Service Departments,100,611,437,174,611,62,0,100,100,0,0,,
2025-12-17,https://newzealandcurriculum.tahurangi.education.govt.nz/new-zealand-curriculum-online/teaching-support/pathways-and-transitions/5637164076.c,Ministry of Education,Public Service Departments,100,922,706,216,922,23,0,100,100,0,0,,
2025-12-17,https://nu.getready.govt.nz/,National Emergency Management Agency,Public Service Departmental Agencies,0,0,0,0,0,0,0,0,0,0,0,,
2025-12-17,https://nzeta.immigration.govt.nz/,"Ministry of Business, Innovation and Employment",Public Service Departments,1,11,11,0,11,11,2,0,0,0,0,,
2025-12-17,https://nzhistory.govt.nz/,Ministry for Culture and Heritage,Public Service Departments,100,31,31,0,31,19,95,9,9,0,178,8.009,10.944
2025-12-17,https://nzism.gcsb.govt.nz/,Government Communications Security Bureau,Public Service Departments,35,0,0,0,0,0,0,13,13,0,28,11.883,14.238
2025-12-17,https://nzsar-resources.org.nz/,"Ministry of Cities, Environment, Regions and Transport",Public Service Departments,25,136,20,116,136,13,64,22,22,0,6,12.965,14.952
2025-12-17,https://nzsl.getready.govt.nz/,National Emergency Management Agency,Public Service Departmental Agencies,12,0,0,0,0,0,6,0,0,0,18,6.261,9.372
2025-12-17,https://nztcs.org.nz/,Department of Conservation,Public Service Departments,100,2150,1668,482,2150,874,6,9,9,0,32,7.732,10.658
2025-12-17,https://oio.linz.govt.nz/,Land Information New Zealand,Public Service Departments,14,28,28,0,28,2,210,2,2,0,6,7.975,11.571
2025-12-17,https://onlineservices.immigration.govt.nz/,"Ministry of Business, Innovation and Employment",Public Service Departments,6,57,42,15,57,26,9,0,0,0,0,,
2025-12-17,https://onzpr.mpi.govt.nz/,Ministry for Primary Industries,Public Service Departments,7,0,0,0,0,0,0,7,7,0,0,,
2025-12-17,https://open-data-mfe.hub.arcgis.com,"Ministry of Cities, Environment, Regions and Transport",Public Service Departments,8,15,15,0,15,2,9,0,0,0,0,,
2025-12-17,https://operationburnham.inquiry.govt.nz/,Department of Internal Affairs,Public Service Departments,84,793,709,84,793,21,1,11,11,0,60,11.881,14.119
2025-12-17,https://order.healthpromotion.govt.nz/,Health New Zealand,Crown Entities - Crown Agents,100,1071,1057,14,1071,269,1,1,1,0,16,6.801,9.951
2025-12-17,https://pa.getready.govt.nz/,National Emergency Management Agency,Public Service Departmental Agencies,35,0,0,0,0,0,6,0,0,0,0,,
2025-12-17,https://paekupu.co.nz/,Ministry of Education,Public Service Departments,100,660,586,74,660,49,1339,12,12,0,0,,
2025-12-17,https://paperspast.natlib.govt.nz/,Department of Internal Affairs,Public Service Departments,100,824,798,26,824,195,0,100,100,0,102,7.643,10.292
2025-12-17,https://paymyinfringement.doc.govt.nz/,Department of Conservation,Public Service Departments,1,0,0,0,0,0,2,0,0,0,0,,
2025-12-17,https://permits-licences.doc.govt.nz/,Department of Conservation,Public Service Departments,17,16,16,0,16,16,13,1,1,0,0,,
2025-12-17,https://piersearch.mpi.govt.nz/,Ministry for Primary Industries,Public Service Departments,16,10,6,4,10,8,2,16,16,0,0,,
2025-12-17,https://pikeriver.royalcommission.govt.nz/,Department of Internal Affairs,Public Service Departments,64,130,130,0,130,14,128,64,64,0,30,8.665,11.799
2025-12-17,https://pitau.mbie.govt.nz/,"Ministry of Business, Innovation and Employment",Public Service Departments,2,0,0,0,0,0,0,1,1,0,2,11.254,12.603
2025-12-17,https://pjsp.govt.nz/,Ministry of Justice,Public Service Departments,100,0,0,0,0,0,41,0,0,0,44,9.501,12.057
2025-12-17,https://pld.education.govt.nz/,Ministry of Education,Public Service Departments,78,1022,609,413,1022,317,596,17,17,0,97,11.044,12.827
2025-12-17,https://pokapuu.education.govt.nz/Security/login/,Ministry of Education,Public Service Departments,1,10,6,4,10,10,1,1,1,0,0,,
2025-12-17,https://poolinspectors.mbie.govt.nz/,"Ministry of Business, Innovation and Employment",Public Service Departments,24,72,50,22,72,26,4,1,1,0,28,9.862,13.155
2025-12-17,https://portal.api.business.govt.nz/,"Ministry of Business, Innovation and Employment",Public Service Departments,6,45,27,18,45,25,0,6,6,0,2,8.832,12.059
2025-12-17,https://portal.apis.stats.govt.nz/,Statistics New Zealand,Public Service Departments,9,116,36,80,116,30,2,0,0,0,6,6.761,9.948
2025-12-17,https://powerupplus.education.govt.nz/,Ministry of Education,Public Service Departments,1,14,12,2,14,14,0,0,0,0,0,,
2025-12-17,https://ppsr.companiesoffice.govt.nz/,"Ministry of Business, Innovation and Employment",Public Service Departments,69,44,12,32,44,10,0,1,1,0,104,7.856,10.754
2025-12-17,https://practice.orangatamariki.govt.nz/,Oranga Tamariki,Public Service Departments,100,14,14,0,14,14,86,12,12,0,104,9.145,12.279
2025-12-17,https://preventfvsv.govt.nz/,Family Violence and Sexual Violence Executive Board,Public Service Interdepartmental Executive Boards,50,0,0,0,0,0,2,11,11,0,76,10.912,13.886
2025-12-17,https://providers.studylink.govt.nz/,Ministry of Social Development,Public Service Departments,84,64,62,2,64,43,168,0,0,0,60,8.146,11.056
2025-12-17,https://providers.youthservice.govt.nz/,Ministry of Social Development,Public Service Departments,100,4,4,0,4,4,0,100,100,0,0,,
2025-12-17,https://providinginformation.nzsis.govt.nz/,New Zealand Security Intelligence Service,Public Service Departments,1,2,2,0,2,2,0,0,0,0,0,,
2025-12-17,https://readingambassador.nz/,Department of Internal Affairs,Public Service Departments,57,153,153,0,153,136,1,57,57,0,90,7.39,10.177
2025-12-17,https://register.charities.govt.nz/CharitiesRegister/Search,Department of Internal Affairs,Public Service Departments,1,30,28,2,30,30,2,0,0,0,2,6.94,11.208
2025-12-17,https://resources.alcohol.org.nz/,Health New Zealand,Crown Entities - Crown Agents,100,115,12,103,115,16,219,0,0,0,66,10.229,13.132
2025-12-17,https://rrf.rsm.govt.nz/ui?state=1,"Ministry of Business, Innovation and Employment",Public Service Departments,1,3,3,0,3,3,0,0,0,0,0,,
2025-12-17,https://rtab.tenancy.govt.nz/tenancybuilder/startscreen,"Ministry of Business, Innovation and Employment",Public Service Departments,1,1,0,1,1,1,0,0,0,0,1,11.423,14.349
2025-12-17,https://school-leavers-toolkit.education.govt.nz/,Ministry of Education,Public Service Departments,73,88,88,0,88,54,8,7,7,0,50,7.283,10.506
2025-12-17,https://services-exporter-tool.govt.nz/,Ministry of Foreign Affairs and Trade,Public Service Departments,4,6,6,0,6,4,0,4,4,0,0,,
2025-12-17,https://services.workandincome.govt.nz/ua/supplier_registration,Ministry of Social Development,Public Service Departments,2,0,0,0,0,0,0,0,0,0,0,,
2025-12-17,https://sexualviolence.victimsinfo.govt.nz/,Ministry of Justice,Public Service Departments,71,978,126,852,978,70,793,71,71,0,32,8.009,11.236
2025-12-17,https://sft.org.nz/,Ministry of Social Development,Public Service Departments,78,136,128,8,136,22,1,0,0,0,37,8.267,11.404
2025-12-17,https://skillfinder.immigration.govt.nz/,"Ministry of Business, Innovation and Employment",Public Service Departments,1,12,12,0,12,12,0,0,0,0,0,,
2025-12-17,https://sm.getready.govt.nz/,National Emergency Management Agency,Public Service Departmental Agencies,11,0,0,0,0,0,1,3,3,0,0,,
2025-12-17,https://smartstart.services.govt.nz/,Department of Internal Affairs,Public Service Departments,33,471,350,121,471,69,72,33,33,0,27,7.3,10.428
2025-12-17,https://storymaps.arcgis.com/stories/907003437c504c9e9402420d05d59aeb,Department of Conservation,Public Service Departments,1,0,0,0,0,0,2,0,0,0,0,,
2025-12-17,https://support.api.business.govt.nz/s/,"Ministry of Business, Innovation and Employment",Public Service Departments,22,93,93,0,93,36,183,20,20,0,23,9.136,12.1
2025-12-17,https://takatu.civildefence.govt.nz/,National Emergency Management Agency,Public Service Departmental Agencies,2,4,4,0,4,2,4,0,0,0,0,,
2025-12-17,https://tatai.maori.nz/,Ministry of Health,Public Service Departments,4,79,79,0,79,42,0,1,1,0,2,10.316,12.866
2025-12-17,https://teaho.govt.nz/,Cancer Control Agency,Public Service Departmental Agencies,100,5696,4959,737,5696,1567,38,4,4,0,150,9.013,11.502
2025-12-17,https://teara.govt.nz/,Ministry for Culture and Heritage,Public Service Departments,100,223,159,64,223,223,90,0,0,0,160,7.317,10.238
2025-12-17,https://tehaeata.govt.nz/nau-mai-haere-mai-ki-te-haeata?destination=/kia-ora,Te Puni Kōkiri,Public Service Departments,9,3,1,2,3,3,10,1,1,0,2,7.857,11.024
2025-12-17,https://tehekemai.co.nz/,Ministry of Social Development,Public Service Departments,3,2,2,0,2,2,2,0,0,0,2,8.877,11.44
2025-12-17,https://tekura.courts.govt.nz/,Ministry of Justice,Public Service Departments,7,0,0,0,0,0,28,0,0,0,6,8.25,11.561
2025-12-17,https://terito.govt.nz/,Ministry of Education,Public Service Departments,20,18,12,6,18,8,0,1,1,0,22,6.708,10.313
2025-12-17,https://tetai.nz/,Ministry for Culture and Heritage,Public Service Departments,100,11,9,2,11,11,107,5,5,0,68,7.09,10.244
2025-12-17,https://thehub.sia.govt.nz/,Social Investment Agency,Public Service Departments,100,1529,757,772,1529,41,15,3,3,0,90,10.437,13.012
2025-12-17,https://theinteryeti.govt.nz/,Department of Internal Affairs,Public Service Departments,1,4,0,4,4,4,1,0,0,0,0,,
2025-12-17,https://tl.getready.govt.nz/,National Emergency Management Agency,Public Service Departmental Agencies,0,0,0,0,0,0,0,0,0,0,0,,
2025-12-17,https://to.getready.govt.nz/,National Emergency Management Agency,Public Service Departmental Agencies,0,0,0,0,0,0,0,0,0,0,0,,
2025-12-17,https://tools.summaries.stats.govt.nz/,Statistics New Zealand,Public Service Departments,100,5886,513,5373,5886,547,414,40,40,0,198,11.041,12.756
2025-12-17,https://tools.tenancy.govt.nz/heating-tool,"Ministry of Business, Innovation and Employment",Public Service Departments,1,0,0,0,0,0,0,0,0,0,0,,
2025-12-17,https://trademeasurement.tradingstandards.govt.nz/,"Ministry of Business, Innovation and Employment",Public Service Departments,100,486,334,152,486,80,201,1,1,0,156,10.117,12.917
2025-12-17,https://treaties.mfat.govt.nz/,Ministry of Foreign Affairs and Trade,Public Service Departments,6,120,66,54,120,75,91,0,0,0,6,10.02,12.143
2025-12-17,https://tuiaeducation.org.nz/,Ministry of Education,Public Service Departments,0,0,0,0,0,0,0,0,0,0,0,,
2025-12-17,https://vacancies.mfat.govt.nz/,Ministry of Foreign Affairs and Trade,Public Service Departments,1,15,13,2,15,15,0,0,0,0,2,8.392,10.586
2025-12-17,https://victimsinfo.govt.nz/,Ministry of Justice,Public Service Departments,43,24,24,0,24,24,0,43,43,0,6,9.649,12.015
2025-12-17,https://vietnamwar.govt.nz/,Ministry for Culture and Heritage,Public Service Departments,100,0,0,0,0,0,2,3,3,0,70,9.623,12.24
2025-12-17,https://wastelevy.govt.nz/,"Ministry of Cities, Environment, Regions and Transport",Public Service Departments,6,9,9,0,9,8,0,0,0,0,4,8.34,11.582
2025-12-17,https://webarchive.natlib.govt.nz/,Department of Internal Affairs,Public Service Departments,6,80,77,3,80,42,0,1,1,0,6,8.784,11.84
2025-12-17,https://webrear.mbie.govt.nz/summary/new-zealand,"Ministry of Business, Innovation and Employment",Public Service Departments,1,27,22,5,27,27,16,0,0,0,0,,
2025-12-17,https://whakatau.govt.nz/,Te Tari Whakatau,Public Service Departmental Agencies,100,1754,1754,0,1754,685,154,49,49,0,134,8.978,12.293
2025-12-17,https://wheturangitia.services.govt.nz/,Department of Internal Affairs,Public Service Departments,47,926,892,34,926,274,408,7,7,0,86,9.935,12.529
2025-12-17,https://workforce.education.govt.nz,Ministry of Education,Public Service Departments,100,87,87,0,87,74,0,1,1,0,140,8.77,11.706
2025-12-17,https://workplacerepository.mbie.govt.nz/,"Ministry of Business, Innovation and Employment",Public Service Departments,6,0,0,0,0,0,0,4,4,0,4,11.528,14.427
2025-12-17,https://wpb.business.govt.nz/workplacepolicybuilder/startscreen,"Ministry of Business, Innovation and Employment",Public Service Departments,1,1,0,1,1,1,0,0,0,0,0,,
2025-12-17,https://www.7726.govt.nz/,Department of Internal Affairs,Public Service Departments,6,16,16,0,16,6,82,0,0,0,0,,
2025-12-17,https://www.abuseincare.org.nz/,Department of Internal Affairs,Public Service Departments,100,344,29,315,344,52,398,4,4,0,158,9.206,11.608
2025-12-17,https://www.abuseincaretopups.govt.nz/,Ministry of Social Development,Public Service Departments,6,2,2,0,2,2,0,0,0,0,6,10.021,12.35
2025-12-17,https://www.abuseinquiryresponse.govt.nz/,Public Service Commission,Public Service Departments,100,52,2,50,52,52,0,27,27,0,118,9.058,12.097
2025-12-17,https://www.alcohol.org.nz/,Health New Zealand,Crown Entities - Crown Agents,98,108,10,98,108,11,195,1,1,0,124,5.932,8.35
2025-12-17,https://www.archives.govt.nz/,Department of Internal Affairs,Public Service Departments,100,510,310,200,510,15,981,0,0,0,140,8.494,11.31
2025-12-17,https://www.areyouok.org.nz/,Ministry of Social Development,Public Service Departments,87,260,100,160,260,145,23,0,0,0,84,7.55,9.83
2025-12-17,https://www.armymuseum.co.nz/,New Zealand Defence Force,Non-Public Service Departments,100,4113,3292,821,4113,1073,392,4,4,0,96,9.778,11.957
2025-12-17,https://www.ata.govt.nz/web/cms_ata.nsf/,Department of Internal Affairs,Public Service Departments,62,360,236,124,360,10,0,62,62,0,0,,
2025-12-17,https://www.beehive.govt.nz/,Department of Internal Affairs,Public Service Departments,100,878,670,208,878,259,475,1,1,0,176,8.908,11.544
2025-12-17,https://www.betterrules.govt.nz/,"Ministry of Business, Innovation and Employment",Public Service Departments,6,22,16,6,22,9,21,0,0,0,6,11.378,13.738
2025-12-17,https://www.bionet.nz/,Ministry for Primary Industries,Public Service Departments,60,499,499,0,499,135,61,4,4,0,58,7.788,10.996
2025-12-17,https://www.boardappointments.co.nz/,The Treasury,Public Service Departments,17,261,244,17,261,63,119,4,4,0,0,,
2025-12-17,https://www.building.govt.nz/,"Ministry of Business, Innovation and Employment",Public Service Departments,100,1618,623,995,1618,38,2,7,7,0,151,9.403,11.995
2025-12-17,https://www.business.govt.nz/,"Ministry of Business, Innovation and Employment",Public Service Departments,100,238,238,0,238,10,16,0,0,0,131,7.116,10.408
2025-12-17,https://www.cadetnet.org.nz/,New Zealand Defence Force,Non-Public Service Departments,7,32,32,0,32,14,1,0,0,0,2,13.209,15.591
2025-12-17,https://www.canibuildit.govt.nz/,"Ministry of Business, Innovation and Employment",Public Service Departments,41,0,0,0,0,0,4,0,0,0,42,8.162,10.899
2025-12-17,https://www.canopy.govt.nz/,Ministry for Primary Industries,Public Service Departments,100,94,94,0,94,10,109,0,0,0,102,6.751,10.069
2025-12-17,https://www.changeispossible.org.nz/,Ministry of Social Development,Public Service Departments,100,461,135,326,461,72,0,2,2,0,54,4.399,8.291
2025-12-17,https://www.charities.govt.nz/,Department of Internal Affairs,Public Service Departments,100,1565,1069,496,1565,397,200,0,0,0,148,9.844,13.134
2025-12-17,https://www.charterschools.govt.nz/,Charter School Agency,Public Service Departmental Agencies,26,4,4,0,4,4,16,2,2,0,32,9.855,12.504
2025-12-17,https://www.childrensday.org.nz/,Oranga Tamariki,Public Service Departments,4,0,0,0,0,0,0,0,0,0,6,5.272,9.068
2025-12-17,https://www.chra.hud.govt.nz/,"Ministry of Cities, Environment, Regions and Transport",Public Service Departments,45,210,159,51,210,60,0,45,45,0,38,11.107,13.576
2025-12-17,https://www.christchurchappealtrust.org.nz,Department of Internal Affairs,Public Service Departments,25,576,526,50,576,183,56,25,25,0,38,9.415,12.22
2025-12-17,https://www.civildefence.govt.nz/,National Emergency Management Agency,Public Service Departmental Agencies,100,9,9,0,9,9,0,0,0,0,106,10.532,13.163
2025-12-17,https://www.communitymatters.govt.nz/,Department of Internal Affairs,Public Service Departments,100,1940,1394,546,1940,373,0,0,0,0,88,8.741,11.774
2025-12-17,https://www.companies.gov.nu/,"Ministry of Business, Innovation and Employment",Public Service Departments,26,0,0,0,0,0,5,1,1,0,18,8.891,12.579
2025-12-17,https://www.companiesoffice.govt.nz/,"Ministry of Business, Innovation and Employment",Public Service Departments,82,67,51,16,67,11,0,4,4,0,74,9.735,12.668
2025-12-17,https://www.companiesoffice.govt.nz/all-registers/approved-overseas-auditors-and-associations-of-accountants/,"Ministry of Business, Innovation and Employment",Public Service Departments,4,8,0,8,8,4,0,0,0,0,6,7.901,11.517
2025-12-17,https://www.companiesoffice.govt.nz/all-registers/auditors/,"Ministry of Business, Innovation and Employment",Public Service Departments,4,0,0,0,0,0,0,0,0,0,6,11.463,14.481
2025-12-17,https://www.companiesoffice.govt.nz/all-registers/building-societies/,"Ministry of Business, Innovation and Employment",Public Service Departments,11,6,0,6,6,6,0,0,0,0,12,8.597,11.204
2025-12-17,https://www.companiesoffice.govt.nz/all-registers/contributory-mortgage-brokers/,"Ministry of Business, Innovation and Employment",Public Service Departments,3,0,0,0,0,0,0,0,0,0,2,7.724,10.524
2025-12-17,https://www.companiesoffice.govt.nz/all-registers/credit-unions/,"Ministry of Business, Innovation and Employment",Public Service Departments,15,26,0,26,26,6,0,0,0,0,18,7.157,9.999
2025-12-17,https://www.companiesoffice.govt.nz/all-registers/friendly-societies/,"Ministry of Business, Innovation and Employment",Public Service Departments,16,21,1,20,21,7,0,0,0,0,15,7.629,10.592
2025-12-17,https://www.companiesoffice.govt.nz/all-registers/industrial-and-provident-societies/,"Ministry of Business, Innovation and Employment",Public Service Departments,13,12,0,12,12,4,0,1,1,0,18,9.489,12.501
2025-12-17,https://www.companiesoffice.govt.nz/all-registers/insolvency-practitioners/,"Ministry of Business, Innovation and Employment",Public Service Departments,13,2,2,0,2,2,0,0,0,0,22,12.375,14.649
2025-12-17,https://www.companiesoffice.govt.nz/all-registers/overseas-issuers/,"Ministry of Business, Innovation and Employment",Public Service Departments,6,0,0,0,0,0,0,0,0,0,6,11.246,14.511
2025-12-17,https://www.companiesoffice.govt.nz/all-registers/participatory-securities/,"Ministry of Business, Innovation and Employment",Public Service Departments,1,0,0,0,0,0,0,0,0,0,0,,
2025-12-17,https://www.companiesoffice.govt.nz/all-registers/registered-unions/,"Ministry of Business, Innovation and Employment",Public Service Departments,21,2,0,2,2,2,0,0,0,0,20,9.665,12.435
2025-12-17,https://www.companiesoffice.govt.nz/all-registers/retirement-villages/,"Ministry of Business, Innovation and Employment",Public Service Departments,38,66,8,58,66,10,0,0,0,0,48,8.255,11.318
2025-12-17,https://www.companiesoffice.govt.nz/all-registers/superannuation-schemes/,"Ministry of Business, Innovation and Employment",Public Service Departments,1,0,0,0,0,0,0,0,0,0,0,,
2025-12-17,https://www.companiesoffice.govt.nz/all-registers/unit-trusts/,"Ministry of Business, Innovation and Employment",Public Service Departments,1,0,0,0,0,0,0,0,0,0,0,,
2025-12-17,https://www.connect.co.nz/,Ministry of Social Development,Public Service Departments,5,4,4,0,4,2,2,2,2,0,4,6.433,9.864
2025-12-17,https://www.consumerprotection.govt.nz/,"Ministry of Business, Innovation and Employment",Public Service Departments,100,293,261,32,293,172,14,14,14,0,106,7.396,10.49
2025-12-17,https://www.corrections.govt.nz/,Department of Corrections,Public Service Departments,100,206,173,33,206,89,100,100,100,0,96,11.12,13.606
2025-12-17,https://www.courtsofnz.govt.nz/,Ministry of Justice,Public Service Departments,100,69,61,8,69,56,586,5,5,0,104,9.932,12.622
2025-12-17,https://www.covid19lessons.royalcommission.nz/,Department of Internal Affairs,Public Service Departments,100,20,20,0,20,6,240,7,7,0,160,11.894,13.855
2025-12-17,https://www.crownlaw.govt.nz/,Crown Law Office,Public Service Departments,82,6273,6109,164,6273,1684,82,0,0,0,136,11.183,13.659
2025-12-17,https://www.customs.govt.nz/,New Zealand Customs Service,Public Service Departments,100,514,510,4,514,24,405,3,3,0,106,8.845,11.539
2025-12-17,https://www.defence.govt.nz/,Ministry of Defence,Public Service Departments,100,6,6,0,6,4,5,4,4,0,132,11.326,13.728
2025-12-17,https://www.defencecareers.mil.nz/,New Zealand Defence Force,Non-Public Service Departments,100,161,125,36,161,44,59,52,52,0,154,8.687,11.677
2025-12-17,https://www.depression.org.nz,Health New Zealand,Crown Entities - Crown Agents,51,59,13,46,59,8,4,2,2,0,78,7.534,10.082
2025-12-17,https://www.dia.govt.nz/,Department of Internal Affairs,Public Service Departments,100,436,436,0,436,218,0,100,100,0,66,10.047,12.898
2025-12-17,https://www.digital.govt.nz/,Public Service Commission,Public Service Departments,100,10,10,0,10,8,1,1,1,0,92,9.492,12.579
2025-12-17,https://www.digitalpassport.co.nz/,Ministry of Social Development,Public Service Departments,13,9,9,0,9,1,0,1,1,0,24,8.674,11.724
2025-12-17,https://www.disabilitysupport.govt.nz/,Ministry of Social Development,Public Service Departments,100,26,26,0,26,14,0,0,0,0,102,9.847,12.641
2025-12-17,https://www.disputestribunal.govt.nz/,Ministry of Justice,Public Service Departments,25,0,0,0,0,0,1,25,25,0,14,5.211,8.856
2025-12-17,https://www.districtcourts.govt.nz/,Ministry of Justice,Public Service Departments,100,3085,1759,1326,3085,1082,9,7,7,0,140,10.085,12.67
2025-12-17,https://www.doc.govt.nz/,Department of Conservation,Public Service Departments,100,64,56,8,64,16,7,96,96,0,52,7.597,10.443
2025-12-17,https://www.dpmc.govt.nz/,Department of the Prime Minister and Cabinet,Public Service Departments,100,604,598,6,604,278,385,24,24,0,104,11.618,14.171
2025-12-17,https://www.education.govt.nz/,Ministry of Education,Public Service Departments,100,210,180,30,210,67,496,0,0,0,109,7.734,10.791
2025-12-17,https://www.educationcounts.govt.nz/home,Ministry of Education,Public Service Departments,100,3443,1638,1805,3443,325,585,6,6,0,98,10.641,12.993
2025-12-17,https://www.einvoicing.govt.nz/,"Ministry of Business, Innovation and Employment",Public Service Departments,100,370,270,100,370,33,311,2,2,0,132,9.198,12.319
2025-12-17,https://www.employment.govt.nz/,"Ministry of Business, Innovation and Employment",Public Service Departments,100,32,32,0,32,26,0,0,0,0,176,9.05,12.612
2025-12-17,https://www.employmentcourt.govt.nz/,Ministry of Justice,Public Service Departments,83,5,5,0,5,5,0,83,83,0,112,16.766,16.339
2025-12-17,https://www.environmentcourt.govt.nz/,Ministry of Justice,Public Service Departments,75,18,18,0,18,18,2,75,75,0,30,9.005,12.056
2025-12-17,https://www.era.govt.nz/,"Ministry of Business, Innovation and Employment",Public Service Departments,31,0,0,0,0,0,10,0,0,0,28,9.078,12.058
2025-12-17,https://www.ero.govt.nz/,Education Review Office,Public Service Departments,100,22,22,0,22,8,5,13,13,0,98,9.941,12.135
2025-12-17,https://www.ethniccommunities.govt.nz/,Ministry for Ethnic Communities,Public Service Departmental Agencies,100,2098,1298,800,2098,135,13,100,100,0,62,6.028,8.148
2025-12-17,https://www.evidence.ero.govt.nz/,Education Review Office,Public Service Departments,100,2102,346,1756,2102,311,7,2,2,0,152,10.004,12.405
2025-12-17,https://www.ewrb.govt.nz/,"Ministry of Business, Innovation and Employment",Public Service Departments,100,28,12,16,28,9,4,1,1,0,140,9.515,12.256
2025-12-17,https://www.familyservices.govt.nz/directory/,Ministry of Social Development,Public Service Departments,100,4,0,4,4,4,0,0,0,0,0,,
2025-12-17,https://www.fma.govt.nz/,Financial Markets Authority,Crown Entities - Independent Crown Entities,100,1496,1258,238,1496,156,648,0,0,0,164,10.453,13.239
2025-12-17,https://www.fmg.org.nz/,"Ministry of Cities, Environment, Regions and Transport",Public Service Departments,87,2234,2234,0,2234,542,381,27,27,0,98,10.79,13.167
2025-12-17,https://www.gamblingaotearoa.govt.nz/,Department of Internal Affairs,Public Service Departments,2,28,22,6,28,20,0,0,0,0,2,8.38,12.139
2025-12-17,https://www.gamblingcommission.govt.nz/,Department of Internal Affairs,Public Service Departments,100,1588,564,1024,1588,279,0,100,100,0,2,8.33,11.525
2025-12-17,https://www.gcsb.govt.nz/,Government Communications Security Bureau,Public Service Departments,100,1,1,0,1,1,0,27,27,0,104,12.979,14.924
2025-12-17,https://www.gets.govt.nz/ExternalIndex.htm,"Ministry of Business, Innovation and Employment",Public Service Departments,100,3550,3110,440,3550,1470,92,89,89,0,0,,
2025-12-17,https://www.govt.nz/,Public Service Commission,Public Service Departments,100,0,0,0,0,0,0,1,1,0,64,6.962,10.643
2025-12-17,https://www.groundrules.mpi.govt.nz/,Ministry for Primary Industries,Public Service Departments,100,1,1,0,1,1,86,100,100,0,32,9.782,12.568
2025-12-17,https://www.growregions.govt.nz/,"Ministry of Business, Innovation and Employment",Public Service Departments,100,159,43,116,159,17,0,18,18,0,142,10.671,13.165
2025-12-17,https://www.hcn.govt.nz/,Oranga Tamariki,Public Service Departments,4,0,0,0,0,0,1,4,4,0,2,9.612,12.674
2025-12-17,https://www.health.govt.nz/,Ministry of Health,Public Service Departments,100,2,2,0,2,1,2,0,0,0,172,8.715,11.931
2025-12-17,https://www.heartlandservices.govt.nz/,Ministry of Social Development,Public Service Departments,47,4,4,0,4,2,0,0,0,0,8,8.098,11.016
2025-12-17,https://www.hud.govt.nz/,"Ministry of Cities, Environment, Regions and Transport",Public Service Departments,100,149,149,0,149,55,14,16,16,0,136,10.112,12.6
2025-12-17,https://www.iaa.govt.nz/,"Ministry of Business, Innovation and Employment",Public Service Departments,100,150,146,4,150,6,456,4,4,0,140,10.208,12.971
2025-12-17,https://www.immigration.govt.nz/,"Ministry of Business, Innovation and Employment",Public Service Departments,100,16,16,0,16,10,2,3,3,0,112,7.716,10.88
2025-12-17,https://www.insolvency.govt.nz/,"Ministry of Business, Innovation and Employment",Public Service Departments,100,220,200,20,220,22,12,100,100,0,142,8.01,11.241
2025-12-17,https://www.iponz.govt.nz/,"Ministry of Business, Innovation and Employment",Public Service Departments,100,809,809,0,809,165,75,3,3,0,96,8.711,11.548
2025-12-17,https://www.ird.govt.nz/,Inland Revenue Department,Public Service Departments,100,12,10,2,12,12,865,51,51,0,58,8.086,10.998
2025-12-17,https://www.justice.govt.nz/,Ministry of Justice,Public Service Departments,100,33,21,12,33,23,1,100,100,0,90,9.162,12.062
2025-12-17,https://www.kauriprotection.co.nz/,Ministry for Primary Industries,Public Service Departments,100,33,33,0,33,6,470,0,0,0,84,8.778,11.865
2025-12-17,https://www.keepitrealonline.govt.nz/,Department of Internal Affairs,Public Service Departments,100,569,569,0,569,259,312,10,10,0,84,7.359,10.439
2025-12-17,https://www.knowledgehub.transport.govt.nz/,"Ministry of Cities, Environment, Regions and Transport",Public Service Departments,7,14,14,0,14,2,28,1,1,0,6,10.864,13.465
2025-12-17,https://www.lbp.govt.nz/,"Ministry of Business, Innovation and Employment",Public Service Departments,100,29,11,18,29,6,1,6,6,0,100,8.633,11.6
2025-12-17,https://www.ldac.org.nz/,Parliamentary Counsel Office,Non-Public Service Departments,100,88,46,42,88,48,0,2,2,0,30,12.606,15.038
2025-12-17,https://www.ldc.govt.nz/,Public Service Commission,Public Service Departments,100,140,140,0,140,8,39,27,27,0,86,9.718,12.324
2025-12-17,https://www.legislation.govt.nz/,Parliamentary Counsel Office,Non-Public Service Departments,100,616,616,0,616,518,0,100,100,0,64,8.558,12.092
2025-12-17,https://www.lgc.govt.nz/,Department of Internal Affairs,Public Service Departments,100,73,55,18,73,15,190,5,5,0,124,10.87,13.414
2025-12-17,https://www.linz.govt.nz/,Land Information New Zealand,Public Service Departments,100,2,2,0,2,2,0,1,1,0,62,9.988,12.767
2025-12-17,https://www.lovebetter.org.nz/,Ministry of Social Development,Public Service Departments,100,24,24,0,24,22,5,0,0,0,106,8.885,10.564
2025-12-17,https://www.majorevents.govt.nz/,"Ministry of Business, Innovation and Employment",Public Service Departments,78,337,259,78,337,23,197,2,2,0,104,9.253,11.993
2025-12-17,https://www.maliat.govt.nz/,"Ministry of Cities, Environment, Regions and Transport",Public Service Departments,10,61,21,40,61,7,80,0,0,0,6,14.789,16.57
2025-12-17,https://www.marketplace.govt.nz/,Public Service Commission,Public Service Departments,91,319,236,83,319,132,1,2,2,0,74,9.637,12.543
2025-12-17,https://www.mbie.govt.nz/,"Ministry of Business, Innovation and Employment",Public Service Departments,100,155,155,0,155,52,305,3,3,0,136,10.713,13.335
2025-12-17,https://www.mbieinformationresources.com/,"Ministry of Business, Innovation and Employment",Public Service Departments,0,68,41,27,68,66,0,0,0,0,0,,
2025-12-17,https://www.mch.govt.nz/,Ministry for Culture and Heritage,Public Service Departments,100,45,45,0,45,10,0,1,1,0,150,8.669,11.784
2025-12-17,https://www.mch.govt.nz/our-work/memorials-and-commemorations/oi-manawa-canterbury-earthquake-national-memorial,Ministry for Culture and Heritage,Public Service Departments,2,0,0,0,0,0,0,0,0,0,4,8.552,11.441
2025-12-17,https://www.medsafe.govt.nz/,Ministry of Health,Public Service Departments,100,0,0,0,0,0,2,98,98,0,104,9.91,12.806
2025-12-17,https://www.mfat.govt.nz/,Ministry of Foreign Affairs and Trade,Public Service Departments,100,299,203,96,299,158,190,0,0,0,138,10.197,12.74
2025-12-17,https://www.moneymanagementsuppliers.workandincome.govt.nz/,Ministry of Social Development,Public Service Departments,1,0,0,0,0,0,0,0,0,0,2,4.856,8.768
2025-12-17,https://www.motortraders.govt.nz/,"Ministry of Business, Innovation and Employment",Public Service Departments,91,80,10,70,80,60,82,2,2,0,124,10.148,13.024
2025-12-17,https://www.mpi.govt.nz/,Ministry for Primary Industries,Public Service Departments,100,967,639,328,967,375,3,1,1,0,76,7.538,10.767
2025-12-17,https://www.mpp.govt.nz/,Ministry for Pacific Peoples,Public Service Departments,100,1465,963,502,1465,372,5,3,3,0,113,10.829,13.803
2025-12-17,https://www.msd.govt.nz/,Ministry of Social Development,Public Service Departments,100,77,72,5,77,11,2,1,1,0,140,9.96,12.586
2025-12-17,https://www.myd.govt.nz/,Ministry of Social Development,Public Service Departments,100,64,8,56,64,5,0,0,0,0,58,9.654,12.464
2025-12-17,https://www.myrtlerust.org.nz/,Ministry for Primary Industries,Public Service Departments,58,318,318,0,318,156,58,17,17,0,84,8.104,10.957
2025-12-17,https://www.naeac.org.nz/,Ministry for Primary Industries,Public Service Departments,15,40,40,0,40,7,11,0,0,0,18,10.428,13.378
2025-12-17,https://www.naturalhazards.govt.nz/,Natural Hazards Commission,Crown Entities - Crown Agents,100,12,12,0,12,12,1383,16,16,0,80,10.089,12.575
2025-12-17,https://www.nawac.org.nz/,Ministry for Primary Industries,Public Service Departments,21,80,80,0,80,16,21,0,0,0,22,10.948,13.073
2025-12-17,https://www.ncsc.govt.nz/,Government Communications Security Bureau,Public Service Departments,100,551,315,236,551,32,0,0,0,0,141,9.494,12.078
2025-12-17,https://www.newcops.govt.nz/,New Zealand Police,Non-Public Service Departments,64,545,161,384,545,105,193,26,26,0,70,7.723,10.855
2025-12-17,https://www.nokuteao.org.nz/,Health New Zealand,Crown Entities - Crown Agents,58,48,38,10,48,46,8,5,5,0,46,9.513,11.684
2025-12-17,https://www.nzbn.govt.nz/,"Ministry of Business, Innovation and Employment",Public Service Departments,49,111,83,28,111,19,0,5,5,0,61,7.796,10.992
2025-12-17,https://www.nzcrs.govt.nz/,"Ministry of Business, Innovation and Employment",Public Service Departments,93,558,558,0,558,122,122,2,2,0,138,9.847,12.793
2025-12-17,https://www.nzdf.mil.nz/nzdf/,New Zealand Defence Force,Non-Public Service Departments,100,336,336,0,336,76,74,19,19,0,96,11.64,13.747
2025-12-17,https://www.nzic.govt.nz/,Government Communications Security Bureau,Public Service Departments,3,0,0,0,0,0,0,0,0,0,4,9.866,12.712
2025-12-17,https://www.nzpam.govt.nz/,"Ministry of Business, Innovation and Employment",Public Service Departments,100,292,92,200,292,56,0,100,100,0,112,9.017,12.078
2025-12-17,https://www.nzrelay.co.nz/,"Ministry of Business, Innovation and Employment",Public Service Departments,27,522,307,215,522,434,2,0,0,0,22,7.282,10.35
2025-12-17,https://www.nzsar.govt.nz/,"Ministry of Cities, Environment, Regions and Transport",Public Service Departments,100,459,159,300,459,97,189,100,100,0,24,9.141,11.9
2025-12-17,https://www.nzsis.govt.nz/,New Zealand Security Intelligence Service,Public Service Departments,100,0,0,0,0,0,0,27,27,0,106,11.759,13.831
2025-12-17,https://www.nzsl.govt.nz/,Whaikaha,Public Service Departments,100,20,20,0,20,20,0,0,0,0,90,9.736,12.519
2025-12-17,https://www.officeforseniors.govt.nz/,Ministry of Social Development,Public Service Departments,100,6,6,0,6,6,2,0,0,0,76,9.212,11.748
2025-12-17,https://www.orangatamariki.govt.nz/,Oranga Tamariki,Public Service Departments,100,99,23,76,99,25,0,100,100,0,126,7.859,10.993
2025-12-17,https://www.orangatamarikiactionplan.govt.nz/,Oranga Tamariki,Public Service Departments,26,0,0,0,0,0,1,26,26,0,34,9.647,12.316
2025-12-17,https://www.ownyouronline.govt.nz/,Government Communications Security Bureau,Public Service Departments,100,38,32,6,38,12,2,7,7,0,112,7.524,10.341
2025-12-17,https://www.paroleboard.govt.nz/,Department of Corrections,Public Service Departments,100,102,102,0,102,3,1,0,0,0,136,9.065,11.782
2025-12-17,https://www.pasefikaproud.co.nz/,Ministry of Social Development,Public Service Departments,100,0,0,0,0,0,1,0,0,0,80,11.099,13.896
2025-12-17,https://www.passports.govt.nz/,Department of Internal Affairs,Public Service Departments,32,54,50,4,54,14,1,9,9,0,12,7.024,10.018
2025-12-17,https://www.pco.govt.nz/,Parliamentary Counsel Office,Non-Public Service Departments,100,765,123,642,765,201,201,6,6,0,128,10.973,13.583
2025-12-17,https://www.pds.govt.nz/,Ministry of Justice,Public Service Departments,10,1,1,0,1,1,1,10,10,0,12,7.408,10.03
2025-12-17,https://www.police.govt.nz/,New Zealand Police,Non-Public Service Departments,100,33,5,28,33,17,6,5,5,0,140,8.014,10.739
2025-12-17,https://www.procurement.govt.nz/,"Ministry of Business, Innovation and Employment",Public Service Departments,100,209,61,148,209,63,1,7,7,0,154,9.686,12.713
2025-12-17,https://www.productsafety.govt.nz/,"Ministry of Business, Innovation and Employment",Public Service Departments,100,904,672,232,904,411,0,1,1,0,112,7.566,10.4
2025-12-17,https://www.protectivesecurity.govt.nz/,New Zealand Security Intelligence Service,Public Service Departments,62,0,0,0,0,0,1,17,17,0,98,11.724,14.254
2025-12-17,https://www.publicservice.govt.nz/,Public Service Commission,Public Service Departments,100,15,5,10,15,15,36,0,0,0,148,11.255,13.806
2025-12-17,https://www.qualityplanning.org.nz/,"Ministry of Cities, Environment, Regions and Transport",Public Service Departments,100,280,280,0,280,117,258,0,0,0,134,12.578,14.695
2025-12-17,https://www.realme.govt.nz/,Department of Internal Affairs,Public Service Departments,25,0,0,0,0,0,130,0,0,0,22,9.803,12.499
2025-12-17,https://www.regulation.govt.nz/,Ministry for Regulation,Public Service Departments,100,156,93,63,156,15,1,0,0,0,86,11.304,13.75
2025-12-17,https://www.remauthority.govt.nz/,"Ministry of Business, Innovation and Employment",Public Service Departments,43,3,3,0,3,1,12,1,1,0,50,12.307,14.475
2025-12-17,https://www.reportspam.co.nz/,Department of Internal Affairs,Public Service Departments,3,9,3,6,9,3,0,3,3,0,4,9.273,11.461
2025-12-17,https://www.rsm.govt.nz/,"Ministry of Business, Innovation and Employment",Public Service Departments,100,32,32,0,32,30,0,0,0,0,82,9.209,12.383
2025-12-17,https://www.safergambling.org.nz/,Health New Zealand,Crown Entities - Crown Agents,27,83,10,73,83,20,0,3,3,0,38,6.044,9.499
2025-12-17,https://www.safetotalk.nz/,Ministry of Social Development,Public Service Departments,22,530,400,130,530,39,155,0,0,0,26,7.101,10.274
2025-12-17,https://www.safetravel.govt.nz/,Ministry of Foreign Affairs and Trade,Public Service Departments,100,492,480,12,492,56,4,10,10,0,0,,
2025-12-17,https://www.sfo.govt.nz/,Serious Fraud Office,Public Service Departments,100,65,65,0,65,15,8,0,0,0,134,9.998,12.658
2025-12-17,https://www.sia.govt.nz/,Social Investment Agency,Public Service Departments,100,0,0,0,0,0,606,12,12,0,104,9.959,12.65
2025-12-17,https://www.smallsteps.org.nz/,Health New Zealand,Crown Entities - Crown Agents,29,446,432,14,446,96,186,2,2,0,32,5.297,9.12
2025-12-17,https://www.smokefree.org.nz/,Health New Zealand,Crown Entities - Crown Agents,94,89,37,52,89,81,25,0,0,0,86,6.137,9.685
2025-12-17,https://www.standards.govt.nz/,"Ministry of Business, Innovation and Employment",Public Service Departments,100,133,133,0,133,89,10,15,15,0,122,11.201,13.504
2025-12-17,https://www.stats.govt.nz,Statistics New Zealand,Public Service Departments,100,2537,1711,826,2537,1327,428,0,0,0,152,8.217,10.953
2025-12-17,https://www.strengtheningfamilies.govt.nz/,Oranga Tamariki,Public Service Departments,17,0,0,0,0,0,4,17,17,0,16,8.412,11.902
2025-12-17,https://www.studylink.govt.nz/,Ministry of Social Development,Public Service Departments,100,6,6,0,6,2,3,100,100,0,64,4.648,8.144
2025-12-17,https://www.stv.govt.nz/index.shtml,Department of Internal Affairs,Public Service Departments,13,34,32,2,34,6,0,0,0,0,14,7.161,10.977
2025-12-17,https://www.supergold.govt.nz/,Ministry of Social Development,Public Service Departments,100,2926,2699,227,2926,1679,46,2,2,0,36,7.0,10.241
2025-12-17,https://www.supportmydecisions.nz/,Whaikaha,Public Service Departments,26,0,0,0,0,0,0,0,0,0,28,6.676,10.138
2025-12-17,https://www.survivorexperiences.govt.nz/,Department of Internal Affairs,Public Service Departments,38,260,156,104,260,258,66,38,38,0,64,8.511,10.795
2025-12-17,https://www.tariff-finder.govt.nz/,Ministry of Foreign Affairs and Trade,Public Service Departments,3,271,265,6,271,139,15,3,3,0,0,,
2025-12-17,https://www.tas.mbie.govt.nz/,"Ministry of Business, Innovation and Employment",Public Service Departments,19,30,30,0,30,30,80,1,1,0,22,9.822,12.455
2025-12-17,https://www.taxpolicy.ird.govt.nz/,Inland Revenue Department,Public Service Departments,100,38,38,0,38,8,799,0,0,0,64,10.359,13.094
2025-12-17,https://www.taxtechnical.ird.govt.nz/,Inland Revenue Department,Public Service Departments,100,118,118,0,118,17,799,0,0,0,64,10.853,13.341
2025-12-17,https://www.tehaorangahau.msd.govt.nz/,Ministry of Social Development,Public Service Departments,100,0,0,0,0,0,0,0,0,0,78,9.654,12.72
2025-12-17,https://www.tenancy.govt.nz/,"Ministry of Business, Innovation and Employment",Public Service Departments,100,1942,322,1620,1942,138,12,0,0,0,118,7.823,10.999
2025-12-17,https://www.tki.org.nz/,Ministry of Education,Public Service Departments,100,266,266,0,266,154,1648,77,77,0,70,9.257,12.217
2025-12-17,https://www.tkm.govt.nz/,Te Puni Kōkiri,Public Service Departments,1,0,0,0,0,0,0,0,0,0,0,,
2025-12-17,https://www.tools.business.govt.nz/boost/,"Ministry of Business, Innovation and Employment",Public Service Departments,2,6,2,4,6,4,1,0,0,0,0,,
2025-12-17,https://www.tools.business.govt.nz/cashflow-forecaster/,"Ministry of Business, Innovation and Employment",Public Service Departments,1,6,0,6,6,6,0,0,0,0,0,,
2025-12-17,https://www.tools.business.govt.nz/climate/,"Ministry of Business, Innovation and Employment",Public Service Departments,3,44,25,19,44,38,4,0,0,0,0,,
2025-12-17,https://www.tools.business.govt.nz/do-business-online/,"Ministry of Business, Innovation and Employment",Public Service Departments,2,2,2,0,2,2,0,0,0,0,0,,
2025-12-17,https://www.tools.business.govt.nz/funding-explorer/,"Ministry of Business, Innovation and Employment",Public Service Departments,2,1,1,0,1,1,0,0,0,0,0,,
2025-12-17,https://www.tradebarriers.govt.nz/,Ministry of Foreign Affairs and Trade,Public Service Departments,7,1,1,0,1,1,0,0,0,0,8,9.709,12.53
2025-12-17,https://www.tradingstandards.govt.nz/,"Ministry of Business, Innovation and Employment",Public Service Departments,9,27,27,0,27,3,21,0,0,0,12,9.839,12.602
2025-12-17,https://www.transport.govt.nz/,"Ministry of Cities, Environment, Regions and Transport",Public Service Departments,100,1121,677,444,1121,141,749,8,8,0,86,10.01,12.629
2025-12-17,https://www.travellerdeclaration.govt.nz/,"Ministry of Business, Innovation and Employment",Public Service Departments,23,26,3,23,26,4,5,0,0,0,28,8.72,11.703
2025-12-17,https://www.treasury.govt.nz/,The Treasury,Public Service Departments,100,457,447,10,457,236,435,30,30,0,100,11.46,14.199
2025-12-17,https://www.tsw.govt.nz/external/application/login/app.html,New Zealand Customs Service,Public Service Departments,1,12,8,4,12,8,0,0,0,0,0,,
2025-12-17,https://www.tuiatetaiao.nz/,Ministry for Primary Industries,Public Service Departments,31,99,99,0,99,37,30,31,31,0,12,8.998,12.116
2025-12-17,https://www.tupu.nz/,Te Puni Kōkiri,Public Service Departments,100,191,191,0,191,43,57,1,1,0,116,5.604,8.978
2025-12-17,https://www.unittitles.govt.nz/,"Ministry of Business, Innovation and Employment",Public Service Departments,100,1282,221,1061,1282,69,0,0,0,0,76,9.702,12.426
2025-12-17,https://www.veteransaffairs.mil.nz/,New Zealand Defence Force,Non-Public Service Departments,100,48,36,12,48,25,3,0,0,0,43,7.537,10.801
2025-12-17,https://www.waitangitribunal.govt.nz/,Ministry of Justice,Public Service Departments,100,166,154,12,166,64,2,27,27,0,110,7.188,10.354
2025-12-17,https://www.whaikaha.govt.nz/,Whaikaha,Public Service Departments,100,4,4,0,4,4,3,8,8,0,90,10.679,13.439
2025-12-17,https://www.women.govt.nz/,Ministry for Women,Public Service Departments,100,2146,1944,202,2146,131,534,9,9,0,122,9.981,12.425
2025-12-17,https://www.workandincome.govt.nz/,Ministry of Social Development,Public Service Departments,100,10,6,4,10,10,3,0,0,0,78,5.33,8.755
2025-12-17,https://www.workandincome.govt.nz/map/index.html,Ministry of Social Development,Public Service Departments,100,280,204,76,280,8,600,16,16,0,0,,
2025-12-17,https://www.workforceinsights.govt.nz/,Ministry for Primary Industries,Public Service Departments,100,66,66,0,66,3,34,4,4,0,161,6.734,9.525
2025-12-17,https://www.xn--morilandcourt-wqb.govt.nz/,Ministry of Justice,Public Service Departments,100,0,0,0,0,0,0,100,100,0,66,7.975,10.863
2025-12-17,https://www.xn--tekhuikhu-7bbe.govt.nz/,Ministry of Social Development,Public Service Departments,23,2,2,0,2,2,0,0,0,0,24,8.17,11.278
2025-12-17,https://www.youthcourt.govt.nz/home-2/,Ministry of Justice,Public Service Departments,1,0,0,0,0,0,0,1,1,0,0,,
2025-12-17,https://www.youthservice.govt.nz/,Ministry of Social Development,Public Service Departments,38,6,6,0,6,6,4,38,38,0,6,5.458,8.202
2025-12-17,https://www2.justice.govt.nz/elibsonline/,Ministry of Justice,Public Service Departments,21,0,0,0,0,0,0,21,21,0,0,,
2025-12-17,https://youthguarantee.education.govt.nz,Ministry of Education,Public Service Departments,100,2457,1924,533,2457,321,9,45,45,0,42,9.682,12.387
2025-12-17,https://youthwork.orangatamariki.govt.nz/,Oranga Tamariki,Public Service Departments,1,0,0,0,0,0,0,0,0,0,2,5.971,7.169
2025-12-17,https://zero.education.govt.nz/,Ministry of Education,Public Service Departments,5,10,10,0,10,2,0,1,1,0,8,8.871,10.971
2025-12-17,https://zh-hans.getready.govt.nz/,National Emergency Management Agency,Public Service Departmental Agencies,30,0,0,0,0,0,2,1,1,0,0,,
2025-12-17,https://zh-hant.getready.govt.nz/,National Emergency Management Agency,Public Service Departmental Agencies,13,0,0,0,0,0,1,0,0,0,0,,
2026-03-31,https://28maoribattalion.org.nz/,Ministry for Culture and Heritage,Public Service Departments,100,10,6,4,10,10,0,100,100,2,56,10.391,11.439
2026-03-31,https://aca-auprod.accela.com/NZPAM/Welcome.aspx,"Ministry of Business, Innovation and Employment",Public Service Departments,5,23,17,0,23,11,0,3,3,2,4,13.418,15.58
2026-03-31,https://acart.health.govt.nz/,Ministry of Health,Public Service Departments,64,0,0,0,0,0,0,0,0,0,44,10.199,13.124
2026-03-31,https://airforcemuseum.co.nz/,New Zealand Defence Force,Non-Public Service Departments,100,1307,926,381,1307,480,0,31,31,0,140,8.383,11.028
2026-03-31,https://aml.dia.govt.nz/,Department of Internal Affairs,Public Service Departments,5,465,200,265,465,329,0,1,1,15,4,10.925,13.47
2026-03-31,https://annualreport2021.msd.govt.nz/,Ministry of Social Development,Public Service Departments,100,0,0,0,0,0,0,0,0,0,104,11.22,12.781
2026-03-31,https://anyquestions.govt.nz/,Department of Internal Affairs,Public Service Departments,100,872,872,0,872,780,0,33,33,0,184,5.815,9.259
2026-03-31,https://aotearoahistories.education.govt.nz/,Ministry of Education,Public Service Departments,24,88,88,0,88,17,0,5,5,66,24,9.338,12.337
2026-03-31,https://api.doc.govt.nz/,Department of Conservation,Public Service Departments,1,0,0,0,0,0,0,1,1,3,0,,
2026-03-31,https://api.msd.govt.nz/,Ministry of Social Development,Public Service Departments,13,3,3,0,3,3,0,2,2,3,6,10.639,12.411
2026-03-31,https://app.birdbanding.doc.govt.nz/,Department of Conservation,Public Service Departments,3,0,0,0,0,0,0,1,1,0,0,,
2026-03-31,https://app.businessregisters.govt.nz/,"Ministry of Business, Innovation and Employment",Public Service Departments,1,6,5,1,6,6,0,0,0,14,0,,
2026-03-31,https://app.insolvency.govt.nz/ui/public/search/dro-register,"Ministry of Business, Innovation and Employment",Public Service Departments,1,1,1,0,1,1,0,1,1,1,0,,
2026-03-31,https://app.insolvency.govt.nz/ui/public/search/insolvency-register,"Ministry of Business, Innovation and Employment",Public Service Departments,1,9,5,4,9,9,0,1,1,1,0,,
2026-03-31,https://app.mbieregisters.govt.nz/iaa/ui/start/searchForAnOccupationalRegistration,"Ministry of Business, Innovation and Employment",Public Service Departments,0,0,0,0,0,0,0,0,0,0,0,,
2026-03-31,https://app.mbieregisters.govt.nz/mvtr/ui/start/searchTheRegister,"Ministry of Business, Innovation and Employment",Public Service Departments,0,0,0,0,0,0,0,0,0,0,0,,
2026-03-31,https://applications.education.govt.nz/,Ministry of Education,Public Service Departments,36,167,161,6,167,52,0,36,36,97,36,7.941,10.652
2026-03-31,https://apply.justice.govt.nz/,Ministry of Justice,Public Service Departments,51,1369,1269,100,1369,141,0,43,43,0,54,8.859,12.066
2026-03-31,https://ar.getready.govt.nz/,National Emergency Management Agency,Public Service Departmental Agencies,60,0,0,0,0,0,0,0,0,0,0,,
2026-03-31,https://aria.stats.govt.nz/aria/,Statistics New Zealand,Public Service Departments,1,4,4,0,4,4,0,0,0,0,0,,
2026-03-31,https://aria.stats.govt.nz/aria-coding/search,Statistics New Zealand,Public Service Departments,1,8,6,2,8,8,0,0,0,0,0,,
2026-03-31,https://aroturuki.govt.nz/,Aroturuki Tamariki,Crown Entities - Independent Crown Entities,100,2,2,0,2,2,0,32,32,11,162,10.247,12.358
2026-03-31,https://auctioneers.mbie.govt.nz/,"Ministry of Business, Innovation and Employment",Public Service Departments,100,222,200,22,222,24,0,1,1,0,170,8.102,11.496
2026-03-31,https://basemaps.linz.govt.nz/,Land Information New Zealand,Public Service Departments,1,2,0,0,2,2,0,0,0,0,0,,
2026-03-31,https://bdmhistoricalrecords.dia.govt.nz/,Department of Internal Affairs,Public Service Departments,27,137,65,72,137,42,0,27,27,0,0,,
2026-03-31,https://bdmonline.dia.govt.nz/,Department of Internal Affairs,Public Service Departments,11,22,22,0,22,2,0,11,11,3,0,,
2026-03-31,https://beyondordinary.nzic.govt.nz/,Government Communications Security Bureau,Public Service Departments,27,0,0,0,0,0,0,9,9,0,36,8.987,11.747
2026-03-31,https://blog.doc.govt.nz/,Department of Conservation,Public Service Departments,100,1983,1983,0,1983,510,0,1,1,0,94,8.455,10.957
2026-03-31,https://bookings.doc.govt.nz/web/,Department of Conservation,Public Service Departments,4,110,52,50,110,42,0,0,0,1,0,,
2026-03-31,https://budget.govt.nz/,The Treasury,Public Service Departments,100,1,1,0,1,1,0,0,0,0,42,10.511,13.269
2026-03-31,https://bullyingfree.nz/,Ministry of Education,Public Service Departments,89,3856,3846,10,3856,2538,0,89,89,99,125,8.336,11.531
2026-03-31,https://businessonlineservices.msd.govt.nz/bos/MSDProviderLogon.jsp,Ministry of Social Development,Public Service Departments,1,2,2,0,2,2,0,1,1,1,0,,
2026-03-31,https://cadetforces.org.nz/,New Zealand Defence Force,Non-Public Service Departments,19,152,152,0,152,28,0,1,1,0,34,10.05,12.154
2026-03-31,https://canterbury.royalcommission.govt.nz/,Department of Internal Affairs,Public Service Departments,100,480,280,200,480,36,0,100,100,10,120,11.068,13.385
2026-03-31,https://careers.corrections.govt.nz/,Department of Corrections,Public Service Departments,100,321,321,0,321,71,0,23,23,1,121,8.702,11.363
2026-03-31,https://careers.customs.govt.nz/home,New Zealand Customs Service,Public Service Departments,39,311,283,28,311,107,0,8,8,2,34,10.869,13.35
2026-03-31,https://careers.dpmc.govt.nz/search,Department of the Prime Minister and Cabinet,Public Service Departments,0,0,0,0,0,0,0,0,0,1,0,,
2026-03-31,https://careers.education.govt.nz/,Ministry of Education,Public Service Departments,7,17,17,0,17,6,0,2,2,0,8,9.565,12.057
2026-03-31,https://careers.linz.govt.nz/,Land Information New Zealand,Public Service Departments,20,72,72,0,72,26,0,0,0,0,18,9.632,12.522
2026-03-31,https://careers.mfe.govt.nz/,"Ministry of Cities, Environment, Regions and Transport",Public Service Departments,15,267,225,42,267,63,0,7,7,0,16,8.104,11.397
2026-03-31,https://careers.regulation.govt.nz/,Ministry for Regulation,Public Service Departments,26,19,7,12,19,7,0,2,2,0,18,10.666,13.396
2026-03-31,https://catalogue.data.govt.nz/dataset,Public Service Commission,Public Service Departments,100,3311,3113,198,3311,757,0,7,7,0,0,,
2026-03-31,https://celebrants.dia.govt.nz/,Department of Internal Affairs,Public Service Departments,2,28,14,10,28,22,0,0,0,0,0,,
2026-03-31,https://centralagenciesjobs.cass.govt.nz/home,The Treasury,Public Service Departments,51,204,140,64,204,21,0,0,0,11,20,10.944,13.762
2026-03-31,https://certificates.services.govt.nz/,Department of Internal Affairs,Public Service Departments,3,0,0,0,0,0,0,0,0,0,2,7.689,10.565
2026-03-31,https://charts.linz.govt.nz/,Land Information New Zealand,Public Service Departments,100,1447,1367,80,1447,575,0,4,4,0,0,,
2026-03-31,https://check.msd.govt.nz/,Ministry of Social Development,Public Service Departments,7,2,2,0,2,2,0,0,0,0,8,4.796,4.684
2026-03-31,https://chiefvictimsadvisor.justice.govt.nz/,Ministry of Justice,Public Service Departments,19,0,0,0,0,0,0,19,19,7,16,10.489,12.954
2026-03-31,https://christchurchattack.royalcommission.nz/,Department of Internal Affairs,Public Service Departments,100,45,43,2,45,31,0,24,24,0,158,10.86,13.502
2026-03-31,https://ci.getready.govt.nz/,National Emergency Management Agency,Public Service Departmental Agencies,60,0,0,0,0,0,0,37,37,0,0,,
2026-03-31,https://codehub.building.govt.nz/,"Ministry of Business, Innovation and Employment",Public Service Departments,100,162,159,3,162,78,0,34,34,0,40,8.34,11.681
2026-03-31,https://collections.archives.govt.nz/,Department of Internal Affairs,Public Service Departments,51,369,219,150,369,18,0,0,0,1,24,4.596,8.435
2026-03-31,https://companies-register.companiesoffice.govt.nz/,"Ministry of Business, Innovation and Employment",Public Service Departments,100,34,28,6,34,16,0,4,4,0,118,8.116,11.715
2026-03-31,https://connect.procurement.govt.nz/,"Ministry of Business, Innovation and Employment",Public Service Departments,0,0,0,0,0,0,0,0,0,1,0,,
2026-03-31,https://consult.environment.govt.nz/,"Ministry of Cities, Environment, Regions and Transport",Public Service Departments,100,1,1,0,1,1,0,100,100,0,66,9.474,12.439
2026-03-31,https://consult.health.govt.nz/,Ministry of Health,Public Service Departments,100,2,2,0,2,1,0,0,0,0,102,10.197,12.924
2026-03-31,https://consultation.dpmc.govt.nz/,Department of the Prime Minister and Cabinet,Public Service Departments,39,1,1,0,1,1,0,39,39,1,34,11.4,14.166
2026-03-31,https://consultation.regulation.govt.nz/,Ministry for Regulation,Public Service Departments,32,0,0,0,0,0,0,32,32,0,26,10.72,12.812
2026-03-31,https://consultations.justice.govt.nz/,Ministry of Justice,Public Service Departments,100,0,0,0,0,0,0,100,100,0,108,9.007,12.074
2026-03-31,https://consultations.standards.govt.nz/,"Ministry of Business, Innovation and Employment",Public Service Departments,51,0,0,0,0,0,0,51,51,0,60,9.69,12.278
2026-03-31,https://coronerscourt.govt.nz/,Ministry of Justice,Public Service Departments,90,17,17,0,17,12,0,90,90,5,100,8.693,11.99
2026-03-31,https://ct-register.companiesoffice.govt.nz/,"Ministry of Business, Innovation and Employment",Public Service Departments,44,42,14,28,42,18,0,3,3,4,60,7.376,10.632
2026-03-31,https://curriculumprogresstools.education.govt.nz/,Ministry of Education,Public Service Departments,36,1399,1280,119,1399,161,0,6,6,0,38,8.458,11.008
2026-03-31,https://data.govt.nz/,Public Service Commission,Public Service Departments,100,48,48,0,48,39,0,11,11,0,132,9.427,12.144
2026-03-31,https://data.linz.govt.nz/,Land Information New Zealand,Public Service Departments,100,813,400,314,813,128,0,0,0,2,2,5.514,9.483
2026-03-31,https://data.mfe.govt.nz,"Ministry of Cities, Environment, Regions and Transport",Public Service Departments,100,814,394,322,814,139,0,0,0,15,0,,
2026-03-31,https://datainfoplus.stats.govt.nz/,Statistics New Zealand,Public Service Departments,100,323,254,69,323,132,0,26,26,1,48,10.399,13.019
2026-03-31,https://deathdocs.services.govt.nz/,Department of Internal Affairs,Public Service Departments,9,130,128,2,130,62,0,9,9,1,6,12.987,15.183
2026-03-31,https://debtmanagement.treasury.govt.nz/,The Treasury,Public Service Departments,100,1345,1145,200,1345,224,0,3,3,0,116,12.506,14.671
2026-03-31,https://deptconservation.maps.arcgis.com/apps/webappviewer/index.html?id=4299ffa07de9451994681b43b60ad95b,Department of Conservation,Public Service Departments,1,2,0,0,2,2,0,0,0,0,0,,
2026-03-31,https://designsystem.education.govt.nz/,Ministry of Education,Public Service Departments,34,56,56,0,56,23,0,5,5,0,38,7.404,10.457
2026-03-31,https://determinations.era.govt.nz/determinations,"Ministry of Business, Innovation and Employment",Public Service Departments,31,0,0,0,0,0,0,0,0,0,2,6.204,10.019
2026-03-31,https://devdata.mfat.govt.nz/,Ministry of Foreign Affairs and Trade,Public Service Departments,100,182,56,126,182,131,0,0,0,2,8,8.539,11.508
2026-03-31,https://developers.realme.govt.nz/,Department of Internal Affairs,Public Service Departments,58,176,176,0,176,103,0,0,0,56,58,9.493,12.3
2026-03-31,https://dia.services.govt.nz/,Department of Internal Affairs,Public Service Departments,6,70,49,21,70,56,0,0,0,14,6,7.986,11.221
2026-03-31,https://digitalnz.org/,Department of Internal Affairs,Public Service Departments,0,0,0,0,0,0,0,0,0,1,0,,
2026-03-31,https://digitalsuite.co.nz/,Ministry of Social Development,Public Service Departments,4,0,0,0,0,0,0,2,2,0,4,10.978,13.601
2026-03-31,https://disclose-register.companiesoffice.govt.nz/,"Ministry of Business, Innovation and Employment",Public Service Departments,100,28,8,20,28,6,0,0,0,0,134,8.963,11.886
2026-03-31,https://disclosure.legislation.govt.nz/,Parliamentary Counsel Office,Non-Public Service Departments,100,36,36,0,36,34,0,100,100,0,4,10.465,13.233
2026-03-31,https://dispute.employment.govt.nz/app/Extra/Employment/Default.aspx,"Ministry of Business, Innovation and Employment",Public Service Departments,1,13,12,1,13,13,0,1,1,0,0,,
2026-03-31,https://dispute.era.govt.nz/app/Extra/ERA/Default.aspx,"Ministry of Business, Innovation and Employment",Public Service Departments,1,4,3,1,4,4,0,0,0,0,0,,
2026-03-31,https://dispute.tenancy.govt.nz/app/Extra/TenancyTribunal/Default.aspx,"Ministry of Business, Innovation and Employment",Public Service Departments,1,4,3,1,4,4,0,1,1,0,0,,
2026-03-31,https://doc-deptconservation.opendata.arcgis.com/,Department of Conservation,Public Service Departments,1,2,2,0,2,2,0,0,0,0,0,,
2026-03-31,https://doc.wd105.myworkdayjobs.com/en-US/DOC/,Department of Conservation,Public Service Departments,100,4,2,2,4,2,0,2,2,17,42,9.607,12.642
2026-03-31,https://docref.digital.govt.nz/,Public Service Commission,Public Service Departments,100,67,67,0,67,2,0,38,38,4,150,11.221,13.721
2026-03-31,https://ea.analytics.msd.govt.nz/,Ministry of Social Development,Public Service Departments,1,0,0,0,0,0,0,0,0,0,0,,
2026-03-31,https://eab.business.govt.nz/employmentagreementbuilder/startscreen,"Ministry of Business, Innovation and Employment",Public Service Departments,1,2,0,2,2,2,0,0,0,0,0,,
2026-03-31,https://earlylearning.services.govt.nz/,Department of Internal Affairs,Public Service Departments,42,600,600,0,600,189,0,1,1,0,12,8.987,11.778
2026-03-31,https://earlyresolution.employment.govt.nz/,"Ministry of Business, Innovation and Employment",Public Service Departments,1,0,0,0,0,0,0,1,1,0,0,,
2026-03-31,https://ecart.health.govt.nz/,Ministry of Health,Public Service Departments,23,0,0,0,0,0,0,0,0,0,14,10.058,12.964
2026-03-31,https://encservice.linz.govt.nz/,Land Information New Zealand,Public Service Departments,9,4,0,4,4,4,0,1,1,1,10,8.692,10.853
2026-03-31,https://endoflife.services.govt.nz/,Department of Internal Affairs,Public Service Departments,10,219,90,129,219,134,0,10,10,0,0,,
2026-03-31,https://environment.govt.nz/,"Ministry of Cities, Environment, Regions and Transport",Public Service Departments,100,26,26,0,26,22,0,11,11,1,112,9.412,12.115
2026-03-31,https://epbr.building.govt.nz/,"Ministry of Business, Innovation and Employment",Public Service Departments,1,7,7,0,7,5,0,1,1,0,0,,
2026-03-31,https://er.getready.govt.nz/,National Emergency Management Agency,Public Service Departmental Agencies,35,0,0,0,0,0,0,17,17,0,4,11.223,14.134
2026-03-31,https://es.getready.govt.nz/,National Emergency Management Agency,Public Service Departmental Agencies,100,0,0,0,0,0,0,7,7,0,0,,
2026-03-31,https://ethics.health.govt.nz/,Ministry of Health,Public Service Departments,100,0,0,0,0,0,0,0,0,0,72,9.861,12.699
2026-03-31,https://ethnicxchange.org.nz/,Ministry for Ethnic Communities,Public Service Departmental Agencies,1,0,0,0,0,0,0,0,0,0,2,6.95,10.21
2026-03-31,https://etuwhanau.org.nz/,Ministry of Social Development,Public Service Departments,100,809,67,742,809,126,0,2,2,3,140,8.324,11.133
2026-03-31,https://evaluationhub.education.govt.nz/,Ministry of Education,Public Service Departments,18,2,2,0,2,2,0,18,18,1,18,8.634,11.344
2026-03-31,https://explore.data.stats.govt.nz/,Statistics New Zealand,Public Service Departments,1,2,1,1,2,2,0,0,0,0,0,,
2026-03-31,https://exportcredit.treasury.govt.nz/,The Treasury,Public Service Departments,100,1147,1147,0,1147,214,0,3,3,0,92,11.427,13.792
2026-03-31,https://fa-eqqg-saasfaprod1.fa.ocs.oraclecloud.com/hcmUI/CandidateExperience/en/sites/CX_1001/,Department of Internal Affairs,Public Service Departments,67,148,148,0,148,14,0,0,0,0,104,11.382,14.079
2026-03-31,https://fadc.govt.nz/,Financial Markets Authority,Crown Entities - Independent Crown Entities,16,135,119,16,135,60,0,8,8,0,10,10.832,14.145
2026-03-31,https://financialadvicecode.govt.nz,Financial Markets Authority,Crown Entities - Independent Crown Entities,13,137,124,13,137,43,0,1,1,0,6,11.533,14.483
2026-03-31,https://fintech.govt.nz,Financial Markets Authority,Crown Entities - Independent Crown Entities,8,25,25,0,25,12,0,0,0,0,14,10.203,12.892
2026-03-31,https://fms-cp.mfe-enquire.cloud/user/realme.html,"Ministry of Cities, Environment, Regions and Transport",Public Service Departments,1,6,2,4,6,6,0,1,1,1,0,,
2026-03-31,https://form.abuseincaretopups.govt.nz/online_forms/top_up_resolved_claim_form/new,Ministry of Social Development,Public Service Departments,1,0,0,0,0,0,0,0,0,0,2,4.104,7.264
2026-03-31,https://fsp-register.companiesoffice.govt.nz/,"Ministry of Business, Innovation and Employment",Public Service Departments,76,42,24,18,42,21,0,1,1,7,107,8.184,11.612
2026-03-31,https://ftp.doc.govt.nz/login,Department of Conservation,Public Service Departments,2,20,16,0,20,10,0,0,0,0,0,,
2026-03-31,https://fuelquality.tradingstandards.govt.nz/,"Ministry of Business, Innovation and Employment",Public Service Departments,24,155,121,34,155,40,0,1,1,0,34,10.777,13.154
2026-03-31,https://gazette.education.govt.nz/,Ministry of Education,Public Service Departments,100,4689,4371,318,4689,793,0,100,100,1,132,7.689,11.176
2026-03-31,https://gazette.govt.nz/,Public Service Commission,Public Service Departments,100,1971,1571,200,1971,19,0,12,12,1,110,7.696,11.134
2026-03-31,https://gazetteer.linz.govt.nz/,Land Information New Zealand,Public Service Departments,1,0,0,0,0,0,0,0,0,0,0,,
2026-03-31,https://geodata.nzpam.govt.nz/,"Ministry of Business, Innovation and Employment",Public Service Departments,100,360,360,0,360,33,0,0,0,3,6,4.248,8.213
2026-03-31,https://gethelp.employment.govt.nz/,"Ministry of Business, Innovation and Employment",Public Service Departments,1,8,4,4,8,6,0,1,1,0,2,5.959,8.365
2026-03-31,https://getready.govt.nz/,National Emergency Management Agency,Public Service Departmental Agencies,100,4,2,2,4,4,0,20,20,0,118,4.598,8.367
2026-03-31,https://gg.govt.nz/,Department of the Prime Minister and Cabinet,Public Service Departments,100,784,720,64,784,213,0,8,8,0,82,9.271,11.669
2026-03-31,https://gis.nzpam.govt.nz/permitwebmaps/,"Ministry of Business, Innovation and Employment",Public Service Departments,1,4,4,0,4,4,0,0,0,0,0,,
2026-03-31,https://globalresearchalliance.org/,Ministry for Primary Industries,Public Service Departments,22,48,5,43,48,7,0,22,22,0,1,10.331,12.985
2026-03-31,https://govtnz.github.io/web-a11y-guidance/,Public Service Commission,Public Service Departments,100,0,0,0,0,0,0,0,0,0,124,9.47,11.955
2026-03-31,https://granted.govt.nz/,Department of Internal Affairs,Public Service Departments,1,0,0,0,0,0,0,0,0,3,0,,
2026-03-31,https://gwn.govt.nz/,Public Service Commission,Public Service Departments,100,474,468,6,474,239,0,30,30,0,110,8.21,11.134
2026-03-31,https://health.nzdf.mil.nz/,New Zealand Defence Force,Non-Public Service Departments,100,1261,1245,16,1261,872,0,0,0,0,107,8.556,11.376
2026-03-31,https://health.wd105.myworkdayjobs.com/External,Ministry of Health,Public Service Departments,26,0,0,0,0,0,0,26,26,0,10,11.642,14.502
2026-03-31,https://healthed.govt.nz/,Health New Zealand,Crown Entities - Crown Agents,100,491,269,222,491,268,0,9,9,6,86,6.458,9.258
2026-03-31,https://hearings.courtsofnz.govt.nz/,Ministry of Justice,Public Service Departments,11,0,0,0,0,0,0,0,0,0,8,7.96,11.185
2026-03-31,https://hepikorua.education.govt.nz/,Ministry of Education,Public Service Departments,40,754,503,251,754,341,0,19,19,5,0,,
2026-03-31,https://hi.getready.govt.nz/,National Emergency Management Agency,Public Service Departmental Agencies,60,0,0,0,0,0,0,3,3,0,0,,
2026-03-31,https://humanrights.govt.nz/,Ministry of Justice,Public Service Departments,1,0,0,0,0,0,0,0,0,6,0,,
2026-03-31,https://inclusive.tki.org.nz/,Ministry of Education,Public Service Departments,100,4272,4068,204,4272,215,0,0,0,0,148,6.78,10.126
2026-03-31,https://infoshare.stats.govt.nz,Statistics New Zealand,Public Service Departments,13,274,202,72,274,78,0,13,13,4,0,,
2026-03-31,https://inspectorate.corrections.govt.nz/,Department of Corrections,Public Service Departments,100,396,396,0,396,366,0,100,100,2,130,11.846,14.175
2026-03-31,https://irctoolkit.mbie.govt.nz/,"Ministry of Business, Innovation and Employment",Public Service Departments,27,88,61,27,88,11,0,2,2,0,48,12.915,14.907
2026-03-31,https://is-register.companiesoffice.govt.nz/,"Ministry of Business, Innovation and Employment",Public Service Departments,100,78,18,60,78,18,0,3,3,0,155,8.934,11.839
2026-03-31,https://iya.education.govt.nz/login,Ministry of Education,Public Service Departments,2,32,18,14,32,18,0,0,0,0,0,,
2026-03-31,https://ja.getready.govt.nz/,National Emergency Management Agency,Public Service Departmental Agencies,60,0,0,0,0,0,0,1,1,0,0,,
2026-03-31,https://jcc.govt.nz/,Ministry of Justice,Public Service Departments,5,0,0,0,0,0,0,2,2,0,8,10.623,12.909
2026-03-31,https://jobs.defence.govt.nz/home,Ministry of Defence,Public Service Departments,9,86,80,6,86,59,0,3,3,3,6,8.272,11.701
2026-03-31,https://jobs.govt.nz/,Public Service Commission,Public Service Departments,100,46,46,0,46,8,0,31,31,2,156,9.651,12.593
2026-03-31,https://jobs.mbie.govt.nz/,"Ministry of Business, Innovation and Employment",Public Service Departments,100,79,78,1,79,61,0,0,0,0,174,11.918,14.281
2026-03-31,https://jobs.msd.govt.nz/,Ministry of Social Development,Public Service Departments,100,677,372,305,677,130,0,70,70,0,166,10.949,12.982
2026-03-31,https://jobs.tewhatuora.govt.nz/jobtools/JnCustomLogin.Login?in_organid=19739,Health New Zealand,Crown Entities - Crown Agents,14,52,38,14,52,14,0,9,9,0,10,9.799,12.796
2026-03-31,https://kakapo-recovery.raiselysite.com/,Department of Conservation,Public Service Departments,100,506,406,100,506,7,0,0,0,0,0,,
2026-03-31,https://kaorakaako.education.govt.nz/,Ministry of Education,Public Service Departments,74,39,39,0,39,7,0,0,0,5,24,6.217,9.776
2026-03-31,https://katoatoa.mpp.govt.nz/,Ministry for Pacific Peoples,Public Service Departments,1,5,5,0,5,5,0,0,0,0,0,,
2026-03-31,https://kauwhatareo.govt.nz/,Ministry of Education,Public Service Departments,100,1392,1266,126,1392,127,0,0,0,0,27,4.375,7.017
2026-03-31,https://kete-lbp.mbie.govt.nz/,"Ministry of Business, Innovation and Employment",Public Service Departments,2,2,2,0,2,1,0,1,1,2,0,,
2026-03-31,https://kete.mbie.govt.nz/EW/EWPRSearch/,"Ministry of Business, Innovation and Employment",Public Service Departments,1,0,0,0,0,0,0,1,1,1,0,,
2026-03-31,https://kowhiti-whakapae.education.govt.nz/,Ministry of Education,Public Service Departments,73,113,113,0,113,2,0,1,1,66,84,9.719,12.169
2026-03-31,https://kupe.net.nz/,Cancer Control Agency,Public Service Departmental Agencies,17,382,346,36,382,79,0,17,17,0,18,7.414,9.337
2026-03-31,https://learning.building.govt.nz/,"Ministry of Business, Innovation and Employment",Public Service Departments,100,1179,1123,56,1179,99,0,0,0,0,2,9.185,12.209
2026-03-31,https://learning.procurement.govt.nz/,"Ministry of Business, Innovation and Employment",Public Service Departments,51,416,180,236,416,83,0,51,51,60,26,9.928,12.884
2026-03-31,https://learning.tradingstandards.govt.nz/login/,"Ministry of Business, Innovation and Employment",Public Service Departments,0,0,0,0,0,0,0,0,0,1,0,,
2026-03-31,https://learningfromhome.govt.nz/,Ministry of Education,Public Service Departments,32,151,85,3,151,48,0,0,0,122,27,7.495,10.11
2026-03-31,https://lrs.linz.govt.nz/search/,Land Information New Zealand,Public Service Departments,1,6,4,0,6,6,0,0,0,0,1,6.135,9.211
2026-03-31,https://lsfdashboard.treasury.govt.nz/wellbeing/,The Treasury,Public Service Departments,1,58,56,2,58,58,0,0,0,0,2,8.027,11.092
2026-03-31,https://maca-nds.maps.arcgis.com/home/index.html,Te Tari Whakatau,Public Service Departmental Agencies,1,2,2,0,2,2,0,0,0,0,0,,
2026-03-31,https://mahi.corrections.govt.nz/,Department of Corrections,Public Service Departments,24,82,82,0,82,31,0,17,17,0,20,10.236,13.114
2026-03-31,https://mahi.orangatamariki.govt.nz/home,Oranga Tamariki,Public Service Departments,100,130,52,78,130,45,0,98,98,39,136,9.126,12.272
2026-03-31,https://marinebiosecurity.org.nz/,Ministry for Primary Industries,Public Service Departments,78,464,20,444,464,24,0,34,34,1,100,9.17,11.908
2026-03-31,https://mbienz.shinyapps.io/labour-market-dashboard_prod/,"Ministry of Business, Innovation and Employment",Public Service Departments,2,4,4,0,4,2,0,2,2,0,0,,
2026-03-31,https://mbienz.shinyapps.io/migration_data_explorer/,"Ministry of Business, Innovation and Employment",Public Service Departments,2,4,4,0,4,2,0,2,2,0,0,,
2026-03-31,https://mbienz.shinyapps.io/RegionalFactsheets/,"Ministry of Business, Innovation and Employment",Public Service Departments,1,24,18,6,24,24,0,1,1,0,0,,
2026-03-31,https://mentalhealth.inquiry.govt.nz/,Department of Internal Affairs,Public Service Departments,100,738,638,100,738,32,0,24,24,2,100,11.455,13.958
2026-03-31,https://mfe.maps.arcgis.com/home/index.html,"Ministry of Cities, Environment, Regions and Transport",Public Service Departments,1,2,2,0,2,2,0,0,0,0,0,,
2026-03-31,https://mi.getready.govt.nz/,National Emergency Management Agency,Public Service Departmental Agencies,69,0,0,0,0,0,0,20,20,0,0,,
2026-03-31,https://mineplans.nzpam.govt.nz/,"Ministry of Business, Innovation and Employment",Public Service Departments,1,6,2,4,6,6,0,0,0,0,2,11.476,13.312
2026-03-31,https://minhealthnz.shinyapps.io/national-gambling-study-data-explorer/,Ministry of Health,Public Service Departments,0,0,0,0,0,0,0,0,0,0,0,,
2026-03-31,https://minhealthnz.shinyapps.io/nz-health-survey-2022-23-mental-health-data-explorer/,Ministry of Health,Public Service Departments,2,0,0,0,0,0,0,0,0,0,4,9.845,12.207
2026-03-31,https://minhealthnz.shinyapps.io/nz-health-survey-2024-25-annual-data-explorer/,Ministry of Health,Public Service Departments,2,0,0,0,0,0,0,0,0,0,4,9.229,11.264
2026-03-31,https://minhealthnz.shinyapps.io/WhakamauaDashboard/,Ministry of Health,Public Service Departments,2,100,96,4,100,48,0,0,0,0,0,,
2026-03-31,https://ministrycareers.education.govt.nz,Ministry of Education,Public Service Departments,1,4,4,0,4,4,0,0,0,0,0,,
2026-03-31,https://my.health.nz/,Health New Zealand,Crown Entities - Crown Agents,5,0,0,0,0,0,0,0,0,0,6,9.185,11.63
2026-03-31,https://my.msd.govt.nz/,Ministry of Social Development,Public Service Departments,8,16,16,0,16,16,0,0,0,0,4,8.435,11.341
2026-03-31,https://my.studylink.govt.nz/my/studylink/help/general-info.html,Ministry of Social Development,Public Service Departments,13,52,52,0,52,28,0,13,13,0,0,,
2026-03-31,https://my.studylink.govt.nz/mystudylink/logon.html,Ministry of Social Development,Public Service Departments,1,6,6,0,6,6,0,1,1,2,0,,
2026-03-31,https://my.studylink.govt.nz/mystudylink/logon_mobile.html,Ministry of Social Development,Public Service Departments,1,2,2,0,2,2,0,0,0,1,0,,
2026-03-31,https://mybond.tenancy.govt.nz/,"Ministry of Business, Innovation and Employment",Public Service Departments,2,0,0,0,0,0,0,0,0,3,0,,
2026-03-31,https://natlib.govt.nz/,Department of Internal Affairs,Public Service Departments,100,756,73,683,756,579,0,8,8,0,120,8.076,10.823
2026-03-31,https://natlib.govt.nz/support-us/te-puna-foundation/,Department of Internal Affairs,Public Service Departments,7,28,0,28,28,22,0,0,0,0,12,8.234,11.58
2026-03-31,https://navymuseum.co.nz/,New Zealand Defence Force,Non-Public Service Departments,100,3180,2853,127,3180,517,0,14,14,1,178,7.69,10.703
2026-03-31,https://ncea.education.govt.nz/,Ministry of Education,Public Service Departments,38,38,38,0,38,8,0,16,16,299,48,7.954,11.295
2026-03-31,https://neac.health.govt.nz/,Ministry of Health,Public Service Departments,91,0,0,0,0,0,0,4,4,0,90,12.33,14.697
2026-03-31,https://newzealandcurriculum.tahurangi.education.govt.nz/,Ministry of Education,Public Service Departments,100,942,885,57,942,104,0,100,100,5,0,,
2026-03-31,https://newzealandcurriculum.tahurangi.education.govt.nz/new-zealand-curriculum-online/teaching-support/pathways-and-transitions/5637164076.c,Ministry of Education,Public Service Departments,100,895,700,195,895,15,0,100,100,0,0,,
2026-03-31,https://nu.getready.govt.nz/,National Emergency Management Agency,Public Service Departmental Agencies,60,0,0,0,0,0,0,21,21,0,0,,
2026-03-31,https://nzeta.immigration.govt.nz/,"Ministry of Business, Innovation and Employment",Public Service Departments,1,9,9,0,9,8,0,0,0,0,0,,
2026-03-31,https://nzhistory.govt.nz/,Ministry for Culture and Heritage,Public Service Departments,100,278,204,74,278,96,0,2,2,1,164,7.154,10.496
2026-03-31,https://nzism.gcsb.govt.nz/,Government Communications Security Bureau,Public Service Departments,35,0,0,0,0,0,0,16,16,0,28,11.829,14.189
2026-03-31,https://nzsar-resources.org.nz/,"Ministry of Cities, Environment, Regions and Transport",Public Service Departments,25,136,20,66,136,13,0,22,22,0,6,13.012,14.989
2026-03-31,https://nzsl.getready.govt.nz/,National Emergency Management Agency,Public Service Departmental Agencies,45,0,0,0,0,0,0,1,1,0,70,5.188,8.781
2026-03-31,https://nztcs.org.nz/,Department of Conservation,Public Service Departments,100,1828,1550,278,1828,689,0,9,9,0,35,7.094,10.07
2026-03-31,https://oio.linz.govt.nz/,Land Information New Zealand,Public Service Departments,15,0,0,0,0,0,0,2,2,1,10,8.017,11.306
2026-03-31,https://onlineservices.immigration.govt.nz/,"Ministry of Business, Innovation and Employment",Public Service Departments,6,68,48,16,68,28,0,0,0,0,0,,
2026-03-31,https://onzpr.mpi.govt.nz/,Ministry for Primary Industries,Public Service Departments,7,0,0,0,0,0,0,7,7,1,4,11.082,13.452
2026-03-31,https://open-data-mfe.hub.arcgis.com,"Ministry of Cities, Environment, Regions and Transport",Public Service Departments,1,1,1,0,1,1,0,0,0,0,0,,
2026-03-31,https://operationburnham.inquiry.govt.nz/,Department of Internal Affairs,Public Service Departments,84,793,709,84,793,21,0,11,11,2,60,11.508,13.855
2026-03-31,https://order.healthpromotion.govt.nz/,Health New Zealand,Crown Entities - Crown Agents,100,1360,1346,14,1360,261,0,8,8,0,46,7.531,10.707
2026-03-31,https://pa.getready.govt.nz/,National Emergency Management Agency,Public Service Departmental Agencies,60,0,0,0,0,0,0,2,2,0,0,,
2026-03-31,https://paekupu.co.nz/,Ministry of Education,Public Service Departments,100,737,604,133,737,91,0,9,9,0,0,,
2026-03-31,https://paperspast.natlib.govt.nz/,Department of Internal Affairs,Public Service Departments,100,1278,1229,49,1278,255,0,100,100,2,132,6.65,8.996
2026-03-31,https://paymyinfringement.doc.govt.nz/,Department of Conservation,Public Service Departments,1,0,0,0,0,0,0,0,0,0,0,,
2026-03-31,https://permits-licences.doc.govt.nz/,Department of Conservation,Public Service Departments,19,22,18,4,22,22,0,1,1,2,2,3.327,7.393
2026-03-31,https://piersearch.mpi.govt.nz/,Ministry for Primary Industries,Public Service Departments,16,10,6,4,10,8,0,16,16,0,4,9.855,11.89
2026-03-31,https://pikeriver.royalcommission.govt.nz/,Department of Internal Affairs,Public Service Departments,64,130,130,0,130,14,0,64,64,3,30,8.665,11.799
2026-03-31,https://pitau.mbie.govt.nz/,"Ministry of Business, Innovation and Employment",Public Service Departments,2,0,0,0,0,0,0,1,1,3,2,11.254,12.603
2026-03-31,https://pjsp.govt.nz/,Ministry of Justice,Public Service Departments,100,2,2,0,2,2,0,0,0,0,44,9.959,12.43
2026-03-31,https://pld.education.govt.nz/,Ministry of Education,Public Service Departments,81,1000,648,352,1000,340,0,30,30,11,106,10.816,12.806
2026-03-31,https://pokapuu.education.govt.nz/Security/login/,Ministry of Education,Public Service Departments,1,10,6,2,10,10,0,1,1,0,0,,
2026-03-31,https://poolinspectors.mbie.govt.nz/,"Ministry of Business, Innovation and Employment",Public Service Departments,24,72,50,22,72,26,0,1,1,0,28,9.854,13.155
2026-03-31,https://portal.api.business.govt.nz/,"Ministry of Business, Innovation and Employment",Public Service Departments,6,45,27,18,45,25,0,6,6,0,2,8.832,12.059
2026-03-31,https://portal.apis.stats.govt.nz/,Statistics New Zealand,Public Service Departments,9,116,36,80,116,30,0,0,0,0,6,6.761,9.948
2026-03-31,https://portal.miq.govt.nz/,"Ministry of Business, Innovation and Employment",Public Service Departments,1,0,0,0,0,0,0,0,0,2,0,,
2026-03-31,https://portal.nzcrs.govt.nz/login.aspx,"Ministry of Business, Innovation and Employment",Public Service Departments,2,5,5,0,5,5,0,0,0,0,0,,
2026-03-31,https://portal.temporaryaccommodation.mbie.govt.nz/Temporaryaccommodation/,"Ministry of Business, Innovation and Employment",Public Service Departments,1,2,2,0,2,2,0,0,0,1,0,,
2026-03-31,https://powerupplus.education.govt.nz/,Ministry of Education,Public Service Departments,1,19,17,0,19,19,0,0,0,0,0,,
2026-03-31,https://ppsr.companiesoffice.govt.nz/,"Ministry of Business, Innovation and Employment",Public Service Departments,70,44,12,32,44,11,0,1,1,0,105,7.849,10.74
2026-03-31,https://practice.orangatamariki.govt.nz/,Oranga Tamariki,Public Service Departments,100,0,0,0,0,0,0,12,12,0,114,7.866,11.321
2026-03-31,https://preventfvsv.govt.nz/,Family Violence and Sexual Violence Executive Board,Public Service Interdepartmental Executive Boards,52,0,0,0,0,0,0,52,52,4,72,10.809,13.788
2026-03-31,https://providers.studylink.govt.nz/,Ministry of Social Development,Public Service Departments,84,0,0,0,0,0,0,0,0,0,64,8.097,11.005
2026-03-31,https://providers.youthservice.govt.nz/,Ministry of Social Development,Public Service Departments,100,10,10,0,10,8,0,100,100,1,126,8.208,11.085
2026-03-31,https://providinginformation.nzsis.govt.nz/,New Zealand Security Intelligence Service,Public Service Departments,1,2,2,0,2,2,0,0,0,0,0,,
2026-03-31,https://readingambassador.nz/,Department of Internal Affairs,Public Service Departments,0,0,0,0,0,0,0,0,0,1,0,,
2026-03-31,https://register.charities.govt.nz/CharitiesRegister/Search,Department of Internal Affairs,Public Service Departments,1,30,28,2,30,30,0,0,0,0,2,5.818,10.103
2026-03-31,https://resources.alcohol.org.nz/,Health New Zealand,Crown Entities - Crown Agents,0,0,0,0,0,0,0,0,0,1,0,,
2026-03-31,https://rrf.rsm.govt.nz/ui?state=1,"Ministry of Business, Innovation and Employment",Public Service Departments,1,3,3,0,3,3,0,0,0,0,0,,
2026-03-31,https://rtab.tenancy.govt.nz/tenancybuilder/startscreen,"Ministry of Business, Innovation and Employment",Public Service Departments,1,2,0,2,2,2,0,0,0,0,0,,
2026-03-31,https://school-leavers-toolkit.education.govt.nz/,Ministry of Education,Public Service Departments,73,96,96,0,96,58,0,7,7,0,50,7.273,10.499
2026-03-31,https://sectorsdashboard.mbie.govt.nz/,"Ministry of Business, Innovation and Employment",Public Service Departments,1,6,6,0,6,6,0,0,0,0,0,,
2026-03-31,https://services-exporter-tool.govt.nz/,Ministry of Foreign Affairs and Trade,Public Service Departments,0,0,0,0,0,0,0,0,0,1,0,,
2026-03-31,https://services.workandincome.govt.nz/ua/supplier_registration,Ministry of Social Development,Public Service Departments,2,0,0,0,0,0,0,0,0,0,0,,
2026-03-31,https://sexualviolence.victimsinfo.govt.nz/,Ministry of Justice,Public Service Departments,48,660,84,576,660,50,0,48,48,48,32,8.149,11.322
2026-03-31,https://sft.org.nz/,Ministry of Social Development,Public Service Departments,7,16,10,6,16,16,0,0,0,0,6,7.789,10.838
2026-03-31,https://skillfinder.immigration.govt.nz/,"Ministry of Business, Innovation and Employment",Public Service Departments,1,12,12,0,12,12,0,0,0,0,0,,
2026-03-31,https://sm.getready.govt.nz/,National Emergency Management Agency,Public Service Departmental Agencies,100,0,0,0,0,0,0,26,26,0,0,,
2026-03-31,https://smartstart.services.govt.nz/,Department of Internal Affairs,Public Service Departments,33,435,326,108,435,60,0,30,30,0,19,7.826,11.008
2026-03-31,https://storymaps.arcgis.com/stories/03a5d8c628b9439bbdcbef3e7974c3d6,Te Tari Whakatau,Public Service Departmental Agencies,3,0,0,0,0,0,0,0,0,0,5,6.805,10.305
2026-03-31,https://storymaps.arcgis.com/stories/907003437c504c9e9402420d05d59aeb,Department of Conservation,Public Service Departments,1,0,0,0,0,0,0,0,0,0,0,,
2026-03-31,https://support.api.business.govt.nz/s/,"Ministry of Business, Innovation and Employment",Public Service Departments,22,104,104,0,104,42,0,20,20,0,23,9.343,12.09
2026-03-31,https://takatu.civildefence.govt.nz/,National Emergency Management Agency,Public Service Departmental Agencies,2,4,4,0,4,2,0,0,0,4,0,,
2026-03-31,https://tatai.maori.nz/,Ministry of Health,Public Service Departments,4,79,79,0,79,41,0,1,1,2,2,10.316,12.866
2026-03-31,https://teaho.govt.nz/,Cancer Control Agency,Public Service Departmental Agencies,100,5534,4891,643,5534,1493,0,4,4,1,152,9.51,11.889
2026-03-31,https://teara.govt.nz/,Ministry for Culture and Heritage,Public Service Departments,100,3,1,2,3,3,0,0,0,0,126,7.242,10.233
2026-03-31,https://tehaeata.govt.nz/nau-mai-haere-mai-ki-te-haeata?destination=/kia-ora,Te Puni Kōkiri,Public Service Departments,9,1,1,0,1,1,0,6,6,0,2,7.857,11.024
2026-03-31,https://tehekemai.co.nz/,Ministry of Social Development,Public Service Departments,3,0,0,0,0,0,0,0,0,0,2,8.877,11.44
2026-03-31,https://teic.mbie.govt.nz/,"Ministry of Business, Innovation and Employment",Public Service Departments,100,755,395,360,755,187,0,8,8,1,122,11.004,13.649
2026-03-31,https://tekura.courts.govt.nz/,Ministry of Justice,Public Service Departments,7,0,0,0,0,0,0,1,1,0,6,8.25,11.561
2026-03-31,https://terito.govt.nz/,Ministry of Education,Public Service Departments,19,54,50,4,54,12,0,0,0,5,20,6.653,10.433
2026-03-31,https://tetai.nz/,Ministry for Culture and Heritage,Public Service Departments,100,7,7,0,7,7,0,6,6,5,54,6.198,9.582
2026-03-31,https://thehub.sia.govt.nz/,Social Investment Agency,Public Service Departments,100,24,6,18,24,7,0,2,2,0,92,10.456,13.007
2026-03-31,https://theinteryeti.govt.nz/,Department of Internal Affairs,Public Service Departments,1,4,0,2,4,4,0,0,0,0,0,,
2026-03-31,https://tl.getready.govt.nz/,National Emergency Management Agency,Public Service Departmental Agencies,100,0,0,0,0,0,0,14,14,0,0,,
2026-03-31,https://to.getready.govt.nz/,National Emergency Management Agency,Public Service Departmental Agencies,100,0,0,0,0,0,0,13,13,0,0,,
2026-03-31,https://tools.summaries.stats.govt.nz/,Statistics New Zealand,Public Service Departments,100,1,1,0,1,1,0,32,32,1,198,10.641,12.519
2026-03-31,https://tools.tenancy.govt.nz/heating-tool,"Ministry of Business, Innovation and Employment",Public Service Departments,1,0,0,0,0,0,0,0,0,0,0,,
2026-03-31,https://trademeasurement.tradingstandards.govt.nz/,"Ministry of Business, Innovation and Employment",Public Service Departments,100,504,338,166,504,85,0,1,1,0,154,9.857,12.726
2026-03-31,https://tradingstandardsnz.filebound.co.nz/public/search,"Ministry of Business, Innovation and Employment",Public Service Departments,0,0,0,0,0,0,0,0,0,1,0,,
2026-03-31,https://treaties.mfat.govt.nz/,Ministry of Foreign Affairs and Trade,Public Service Departments,6,120,66,42,120,75,0,0,0,1,6,10.02,12.143
2026-03-31,https://tuiaeducation.org.nz/,Ministry of Education,Public Service Departments,15,351,351,0,351,226,0,1,1,1,20,7.167,10.738
2026-03-31,https://utadispute.tenancy.govt.nz/app/Extra/UTA/Default.aspx?sid=639098629766028635,"Ministry of Business, Innovation and Employment",Public Service Departments,1,5,5,0,5,5,0,1,1,0,0,,
2026-03-31,https://vacancies.mfat.govt.nz/,Ministry of Foreign Affairs and Trade,Public Service Departments,1,15,13,2,15,15,0,0,0,0,2,8.282,10.531
2026-03-31,https://victimsinfo.govt.nz/,Ministry of Justice,Public Service Departments,44,24,24,0,24,24,0,44,44,40,8,9.798,12.253
2026-03-31,https://vietnamwar.govt.nz/,Ministry for Culture and Heritage,Public Service Departments,100,0,0,0,0,0,0,4,4,0,62,7.077,10.578
2026-03-31,https://wastelevy.govt.nz/,"Ministry of Cities, Environment, Regions and Transport",Public Service Departments,6,9,9,0,9,8,0,0,0,0,4,8.34,11.582
2026-03-31,https://webarchive.natlib.govt.nz/,Department of Internal Affairs,Public Service Departments,6,80,77,3,80,42,0,1,1,0,6,8.784,11.84
2026-03-31,https://webrear.mbie.govt.nz/summary/new-zealand,"Ministry of Business, Innovation and Employment",Public Service Departments,1,27,22,5,27,27,0,0,0,0,0,,
2026-03-31,https://whakatau.govt.nz/,Te Tari Whakatau,Public Service Departmental Agencies,100,1537,1537,0,1537,643,0,48,48,0,128,9.037,12.203
2026-03-31,https://wheturangitia.services.govt.nz/,Department of Internal Affairs,Public Service Departments,47,926,892,34,926,276,0,7,7,0,86,9.935,12.529
2026-03-31,https://workforce.education.govt.nz,Ministry of Education,Public Service Departments,60,43,43,0,43,36,0,1,1,59,90,8.468,11.398
2026-03-31,https://workplacerepository.mbie.govt.nz/,"Ministry of Business, Innovation and Employment",Public Service Departments,6,0,0,0,0,0,0,4,4,0,4,11.504,14.355
2026-03-31,https://wpb.business.govt.nz/workplacepolicybuilder/startscreen,"Ministry of Business, Innovation and Employment",Public Service Departments,1,2,0,2,2,2,0,0,0,0,0,,
2026-03-31,https://www.7726.govt.nz/,Department of Internal Affairs,Public Service Departments,6,16,16,0,16,6,0,0,0,0,0,,
2026-03-31,https://www.abuseincare.org.nz/,Department of Internal Affairs,Public Service Departments,100,419,106,313,419,74,0,0,0,0,142,9.385,11.793
2026-03-31,https://www.abuseincaretopups.govt.nz/,Ministry of Social Development,Public Service Departments,6,2,2,0,2,2,0,0,0,0,6,10.021,12.35
2026-03-31,https://www.abuseinquiryresponse.govt.nz/,Public Service Commission,Public Service Departments,100,0,0,0,0,0,0,27,27,0,116,9.088,12.132
2026-03-31,https://www.alcohol.org.nz/,Health New Zealand,Crown Entities - Crown Agents,0,0,0,0,0,0,0,0,0,1,0,,
2026-03-31,https://www.archives.govt.nz/,Department of Internal Affairs,Public Service Departments,100,540,300,240,540,46,0,0,0,1,128,8.912,11.625
2026-03-31,https://www.areyouok.org.nz/,Ministry of Social Development,Public Service Departments,87,260,100,160,260,145,0,0,0,2,82,7.495,9.764
2026-03-31,https://www.armymuseum.co.nz/,New Zealand Defence Force,Non-Public Service Departments,100,3362,3142,220,3362,783,0,2,2,0,110,10.057,12.142
2026-03-31,https://www.ata.govt.nz/web/cms_ata.nsf/,Department of Internal Affairs,Public Service Departments,62,360,236,124,360,10,0,62,62,2,0,,
2026-03-31,https://www.beehive.govt.nz/,Department of Internal Affairs,Public Service Departments,100,516,314,202,516,163,0,4,4,6,162,10.207,12.578
2026-03-31,https://www.betterrules.govt.nz/,"Ministry of Business, Innovation and Employment",Public Service Departments,6,22,16,6,22,9,0,0,0,1,6,11.359,13.723
2026-03-31,https://www.bionet.nz/,Ministry for Primary Industries,Public Service Departments,60,505,505,0,505,139,0,5,5,0,58,7.769,10.981
2026-03-31,https://www.boardappointments.co.nz/,The Treasury,Public Service Departments,17,0,0,0,0,0,0,4,4,0,18,10.018,13.298
2026-03-31,https://www.building.govt.nz/,"Ministry of Business, Innovation and Employment",Public Service Departments,100,1624,620,1004,1624,54,0,4,4,0,164,9.423,12.034
2026-03-31,https://www.business.govt.nz/,"Ministry of Business, Innovation and Employment",Public Service Departments,100,122,122,0,122,6,0,1,1,0,120,7.073,10.337
2026-03-31,https://www.cadetnet.org.nz/,New Zealand Defence Force,Non-Public Service Departments,7,31,30,1,31,14,0,1,1,0,2,13.209,15.591
2026-03-31,https://www.canibuildit.govt.nz/,"Ministry of Business, Innovation and Employment",Public Service Departments,41,0,0,0,0,0,0,0,0,0,44,8.089,10.84
2026-03-31,https://www.canopy.govt.nz/,Ministry for Primary Industries,Public Service Departments,100,124,124,0,124,11,0,0,0,0,118,6.498,9.489
2026-03-31,https://www.changeispossible.org.nz/,Ministry of Social Development,Public Service Departments,30,0,0,0,0,0,0,0,0,1,28,8.161,10.873
2026-03-31,https://www.charities.govt.nz/,Department of Internal Affairs,Public Service Departments,100,1957,1383,374,1957,623,0,0,0,8,156,9.672,12.985
2026-03-31,https://www.charterschools.govt.nz/,Charter School Agency,Public Service Departmental Agencies,27,8,8,0,8,8,0,3,3,0,32,9.864,12.469
2026-03-31,https://www.childrensday.org.nz/,Oranga Tamariki,Public Service Departments,4,0,0,0,0,0,0,0,0,0,6,5.272,9.068
2026-03-31,https://www.chra.hud.govt.nz/,"Ministry of Cities, Environment, Regions and Transport",Public Service Departments,40,70,70,0,70,8,0,40,40,0,38,11.307,13.78
2026-03-31,https://www.christchurchappealtrust.org.nz,Department of Internal Affairs,Public Service Departments,25,576,526,50,576,183,0,25,25,2,38,9.415,12.22
2026-03-31,https://www.civildefence.govt.nz/,National Emergency Management Agency,Public Service Departmental Agencies,100,14,14,0,14,14,0,0,0,0,101,10.541,13.138
2026-03-31,https://www.communitymatters.govt.nz/,Department of Internal Affairs,Public Service Departments,100,2088,1518,370,2088,486,0,0,0,20,88,9.081,11.98
2026-03-31,https://www.companies.gov.nu/,"Ministry of Business, Innovation and Employment",Public Service Departments,24,0,0,0,0,0,0,1,1,0,22,8.664,12.459
2026-03-31,https://www.companiesoffice.govt.nz/,"Ministry of Business, Innovation and Employment",Public Service Departments,71,68,56,12,68,11,0,4,4,13,53,9.959,12.858
2026-03-31,https://www.companiesoffice.govt.nz/all-registers/approved-overseas-auditors-and-associations-of-accountants/,"Ministry of Business, Innovation and Employment",Public Service Departments,4,8,0,8,8,4,0,0,0,2,6,7.901,11.517
2026-03-31,https://www.companiesoffice.govt.nz/all-registers/auditors/,"Ministry of Business, Innovation and Employment",Public Service Departments,4,0,0,0,0,0,0,0,0,0,6,11.463,14.481
2026-03-31,https://www.companiesoffice.govt.nz/all-registers/building-societies/,"Ministry of Business, Innovation and Employment",Public Service Departments,16,25,1,24,25,7,0,0,0,2,19,7.829,10.666
2026-03-31,https://www.companiesoffice.govt.nz/all-registers/contributory-mortgage-brokers/,"Ministry of Business, Innovation and Employment",Public Service Departments,3,0,0,0,0,0,0,0,0,0,2,7.724,10.524
2026-03-31,https://www.companiesoffice.govt.nz/all-registers/credit-unions/,"Ministry of Business, Innovation and Employment",Public Service Departments,15,23,3,20,23,8,0,0,0,0,15,7.471,10.225
2026-03-31,https://www.companiesoffice.govt.nz/all-registers/friendly-societies/,"Ministry of Business, Innovation and Employment",Public Service Departments,1,1,1,0,1,1,0,0,0,0,0,,
2026-03-31,https://www.companiesoffice.govt.nz/all-registers/industrial-and-provident-societies/,"Ministry of Business, Innovation and Employment",Public Service Departments,13,12,0,12,12,4,0,1,1,0,18,9.489,12.501
2026-03-31,https://www.companiesoffice.govt.nz/all-registers/insolvency-practitioners/,"Ministry of Business, Innovation and Employment",Public Service Departments,13,2,2,0,2,2,0,0,0,0,22,12.375,14.649
2026-03-31,https://www.companiesoffice.govt.nz/all-registers/overseas-issuers/,"Ministry of Business, Innovation and Employment",Public Service Departments,6,0,0,0,0,0,0,0,0,0,6,11.246,14.511
2026-03-31,https://www.companiesoffice.govt.nz/all-registers/participatory-securities/,"Ministry of Business, Innovation and Employment",Public Service Departments,1,1,1,0,1,1,0,0,0,0,0,,
2026-03-31,https://www.companiesoffice.govt.nz/all-registers/registered-unions/,"Ministry of Business, Innovation and Employment",Public Service Departments,23,4,2,2,4,4,0,0,0,0,20,9.693,12.458
2026-03-31,https://www.companiesoffice.govt.nz/all-registers/retirement-villages/,"Ministry of Business, Innovation and Employment",Public Service Departments,37,65,9,56,65,11,0,0,0,2,46,8.31,11.41
2026-03-31,https://www.companiesoffice.govt.nz/all-registers/superannuation-schemes/,"Ministry of Business, Innovation and Employment",Public Service Departments,1,0,0,0,0,0,0,0,0,0,0,,
2026-03-31,https://www.companiesoffice.govt.nz/all-registers/unit-trusts/,"Ministry of Business, Innovation and Employment",Public Service Departments,1,0,0,0,0,0,0,0,0,0,0,,
2026-03-31,https://www.connect.co.nz/,Ministry of Social Development,Public Service Departments,5,4,4,0,4,2,0,2,2,1,4,6.433,9.864
2026-03-31,https://www.consumerprotection.govt.nz/,"Ministry of Business, Innovation and Employment",Public Service Departments,100,249,201,48,249,140,0,6,6,1,106,7.421,10.615
2026-03-31,https://www.corrections.govt.nz/,Department of Corrections,Public Service Departments,100,115,112,3,115,24,0,100,100,0,86,10.647,13.21
2026-03-31,https://www.courtsofnz.govt.nz/,Ministry of Justice,Public Service Departments,100,81,73,8,81,62,0,5,5,1,100,9.988,12.63
2026-03-31,https://www.covid19lessons.royalcommission.nz/,Department of Internal Affairs,Public Service Departments,100,108,102,6,108,36,0,7,7,0,158,10.541,12.883
2026-03-31,https://www.crownlaw.govt.nz/,Crown Law Office,Public Service Departments,84,6356,6188,0,6356,1745,0,0,0,2,134,11.031,13.524
2026-03-31,https://www.customs.govt.nz/,New Zealand Customs Service,Public Service Departments,100,520,510,10,520,30,0,4,4,0,102,8.283,11.202
2026-03-31,https://www.defence.govt.nz/,Ministry of Defence,Public Service Departments,100,0,0,0,0,0,0,5,5,0,144,11.568,13.838
2026-03-31,https://www.defencecareers.mil.nz/,New Zealand Defence Force,Non-Public Service Departments,100,702,702,0,702,144,0,47,47,1,164,8.34,11.336
2026-03-31,https://www.depression.org.nz,Health New Zealand,Crown Entities - Crown Agents,51,60,14,46,60,8,0,2,2,0,78,7.53,10.077
2026-03-31,https://www.dia.govt.nz/,Department of Internal Affairs,Public Service Departments,100,502,468,34,502,244,0,100,100,1,66,10.003,12.99
2026-03-31,https://www.digital.govt.nz/,Public Service Commission,Public Service Departments,100,19,19,0,19,13,0,3,3,0,104,9.376,12.402
2026-03-31,https://www.digitalpassport.co.nz/,Ministry of Social Development,Public Service Departments,13,9,9,0,9,1,0,1,1,1,24,9.104,12.053
2026-03-31,https://www.disabilitysupport.govt.nz/,Ministry of Social Development,Public Service Departments,100,34,34,0,34,22,0,0,0,1,106,9.875,12.655
2026-03-31,https://www.disputestribunal.govt.nz/,Ministry of Justice,Public Service Departments,25,0,0,0,0,0,0,25,25,6,20,5.128,8.875
2026-03-31,https://www.districtcourts.govt.nz/,Ministry of Justice,Public Service Departments,100,12,12,0,12,8,0,2,2,2,136,10.479,12.999
2026-03-31,https://www.doc.govt.nz/,Department of Conservation,Public Service Departments,100,115,111,4,115,47,0,98,98,0,66,7.444,10.469
2026-03-31,https://www.dpmc.govt.nz/,Department of the Prime Minister and Cabinet,Public Service Departments,100,496,496,0,496,182,0,24,24,0,100,11.894,14.41
2026-03-31,https://www.education.govt.nz/,Ministry of Education,Public Service Departments,100,105,105,0,105,38,0,0,0,0,113,8.263,11.446
2026-03-31,https://www.educationcounts.govt.nz/home,Ministry of Education,Public Service Departments,100,3692,1964,1728,3692,386,0,0,0,1,100,10.875,13.186
2026-03-31,https://www.einvoicing.govt.nz/,"Ministry of Business, Innovation and Employment",Public Service Departments,100,376,276,100,376,34,0,2,2,1,130,9.185,12.352
2026-03-31,https://www.employment.govt.nz/,"Ministry of Business, Innovation and Employment",Public Service Departments,100,24,24,0,24,16,0,0,0,0,170,8.947,12.628
2026-03-31,https://www.employmentcourt.govt.nz/,Ministry of Justice,Public Service Departments,84,5,5,0,5,5,0,84,84,6,116,16.457,16.194
2026-03-31,https://www.environmentcourt.govt.nz/,Ministry of Justice,Public Service Departments,75,18,18,0,18,18,0,75,75,5,32,8.967,11.995
2026-03-31,https://www.era.govt.nz/,"Ministry of Business, Innovation and Employment",Public Service Departments,31,0,0,0,0,0,0,1,1,0,34,9.3,12.129
2026-03-31,https://www.ero.govt.nz/,Education Review Office,Public Service Departments,100,8,6,2,8,4,0,6,6,0,183,10.563,12.661
2026-03-31,https://www.ethniccommunities.govt.nz/,Ministry for Ethnic Communities,Public Service Departmental Agencies,100,2098,1298,800,2098,175,0,100,100,0,80,7.125,8.86
2026-03-31,https://www.evidence.ero.govt.nz/,Education Review Office,Public Service Departments,100,666,418,248,666,258,0,6,6,7,139,9.863,12.395
2026-03-31,https://www.ewrb.govt.nz/,"Ministry of Business, Innovation and Employment",Public Service Departments,100,18,8,10,18,9,0,0,0,0,148,9.442,12.33
2026-03-31,https://www.familyservices.govt.nz/directory/,Ministry of Social Development,Public Service Departments,100,4,0,4,4,4,0,0,0,1,0,,
2026-03-31,https://www.fma.govt.nz/,Financial Markets Authority,Crown Entities - Independent Crown Entities,100,436,414,22,436,75,0,0,0,0,152,10.133,12.97
2026-03-31,https://www.fmg.org.nz/,"Ministry of Cities, Environment, Regions and Transport",Public Service Departments,93,2347,2347,0,2347,534,0,29,29,2,104,10.411,13.014
2026-03-31,https://www.gamblingaotearoa.govt.nz/,Department of Internal Affairs,Public Service Departments,2,28,22,6,28,20,0,0,0,2,2,8.38,12.139
2026-03-31,https://www.gamblingcommission.govt.nz/,Department of Internal Affairs,Public Service Departments,100,1474,551,923,1474,275,0,101,101,7,0,,
2026-03-31,https://www.gcsb.govt.nz/,Government Communications Security Bureau,Public Service Departments,100,0,0,0,0,0,0,33,33,0,114,12.695,14.732
2026-03-31,https://www.gets.govt.nz/ExternalIndex.htm,"Ministry of Business, Innovation and Employment",Public Service Departments,100,4117,3471,646,4117,1749,0,89,89,0,0,,
2026-03-31,https://www.govt.nz/,Public Service Commission,Public Service Departments,100,0,0,0,0,0,0,5,5,0,78,6.655,10.53
2026-03-31,https://www.groundrules.mpi.govt.nz/,Ministry for Primary Industries,Public Service Departments,100,8,8,0,8,4,0,99,99,68,22,9.808,12.713
2026-03-31,https://www.growregions.govt.nz/,"Ministry of Business, Innovation and Employment",Public Service Departments,100,209,50,159,209,26,0,8,8,0,128,10.1,12.796
2026-03-31,https://www.hcn.govt.nz/,Oranga Tamariki,Public Service Departments,4,0,0,0,0,0,0,4,4,0,2,9.612,12.674
2026-03-31,https://www.health.govt.nz/,Ministry of Health,Public Service Departments,100,0,0,0,0,0,0,0,0,0,162,8.146,11.381
2026-03-31,https://www.healthandsafety.govt.nz,Ministry for Primary Industries,Public Service Departments,100,1190,1155,35,1190,563,0,19,19,2,72,10.543,13.057
2026-03-31,https://www.healthnz.govt.nz/,Health New Zealand,Crown Entities - Crown Agents,100,86,80,6,86,43,0,18,18,0,93,6.255,9.659
2026-03-31,https://www.heartlandservices.govt.nz/,Ministry of Social Development,Public Service Departments,47,4,4,0,4,2,0,0,0,0,8,8.143,11.012
2026-03-31,https://www.hud.govt.nz/,"Ministry of Cities, Environment, Regions and Transport",Public Service Departments,100,12,12,0,12,1,0,8,8,7,140,10.277,12.704
2026-03-31,https://www.iaa.govt.nz/,"Ministry of Business, Innovation and Employment",Public Service Departments,100,133,127,6,133,9,0,3,3,1,140,9.876,12.756
2026-03-31,https://www.immigration.govt.nz/,"Ministry of Business, Innovation and Employment",Public Service Departments,100,12,12,0,12,8,0,7,7,0,105,8.663,11.447
2026-03-31,https://www.immigration.govt.nz/opsmanual/,"Ministry of Business, Innovation and Employment",Public Service Departments,1,65,23,42,65,31,0,1,1,0,0,,
2026-03-31,https://www.insolvency.govt.nz/,"Ministry of Business, Innovation and Employment",Public Service Departments,100,312,292,20,312,112,0,100,100,1,134,7.856,11.098
2026-03-31,https://www.iponz.govt.nz/,"Ministry of Business, Innovation and Employment",Public Service Departments,100,601,601,0,601,178,0,5,5,0,136,9.193,12.012
2026-03-31,https://www.ird.govt.nz/,Inland Revenue Department,Public Service Departments,100,13,9,4,13,13,0,58,58,0,78,7.03,10.249
2026-03-31,https://www.justice.govt.nz/,Ministry of Justice,Public Service Departments,100,17,13,4,17,5,0,100,100,0,106,8.343,11.45
2026-03-31,https://www.kauriprotection.co.nz/,Ministry for Primary Industries,Public Service Departments,100,33,33,0,33,5,0,0,0,0,92,8.745,11.786
2026-03-31,https://www.keepitrealonline.govt.nz/,Department of Internal Affairs,Public Service Departments,100,575,575,0,575,305,0,14,14,1,104,7.248,10.356
2026-03-31,https://www.knowledgehub.transport.govt.nz/,"Ministry of Cities, Environment, Regions and Transport",Public Service Departments,7,0,0,0,0,0,0,1,1,1,6,10.864,13.465
2026-03-31,https://www.lbp.govt.nz/,"Ministry of Business, Innovation and Employment",Public Service Departments,100,21,11,10,21,7,0,5,5,0,124,8.887,11.672
2026-03-31,https://www.ldac.org.nz/,Parliamentary Counsel Office,Non-Public Service Departments,100,524,264,260,524,266,0,21,21,0,74,12.793,15.169
2026-03-31,https://www.ldc.govt.nz/,Public Service Commission,Public Service Departments,100,2,2,0,2,2,0,14,14,0,88,9.69,12.253
2026-03-31,https://www.legislation.govt.nz/,Parliamentary Counsel Office,Non-Public Service Departments,0,14,14,0,14,14,0,3,3,0,4,10.373,13.12
2026-03-31,https://www.lgc.govt.nz/,Department of Internal Affairs,Public Service Departments,100,82,70,12,82,17,0,7,7,1,124,11.08,13.567
2026-03-31,https://www.linz.govt.nz/,Land Information New Zealand,Public Service Departments,100,75,18,57,75,61,0,0,0,0,56,9.602,12.558
2026-03-31,https://www.lovebetter.org.nz/,Ministry of Social Development,Public Service Departments,100,20,20,0,20,6,0,0,0,76,100,9.18,10.832
2026-03-31,https://www.majorevents.govt.nz/,"Ministry of Business, Innovation and Employment",Public Service Departments,78,337,259,78,337,23,0,2,2,2,106,8.542,11.457
2026-03-31,https://www.maliat.govt.nz/,"Ministry of Cities, Environment, Regions and Transport",Public Service Departments,10,59,21,38,59,8,0,0,0,1,6,14.789,16.57
2026-03-31,https://www.marketplace.govt.nz/,Public Service Commission,Public Service Departments,100,542,447,95,542,139,0,98,98,0,74,10.201,13.032
2026-03-31,https://www.mbie.govt.nz/,"Ministry of Business, Innovation and Employment",Public Service Departments,100,155,155,0,155,65,0,4,4,0,128,10.224,13.037
2026-03-31,https://www.mbieinformationresources.com/,"Ministry of Business, Innovation and Employment",Public Service Departments,1,154,101,53,154,128,0,0,0,0,0,,
2026-03-31,https://www.mch.govt.nz/,Ministry for Culture and Heritage,Public Service Departments,100,8,8,0,8,8,0,1,1,0,148,8.448,11.558
2026-03-31,https://www.mch.govt.nz/our-work/memorials-and-commemorations/oi-manawa-canterbury-earthquake-national-memorial,Ministry for Culture and Heritage,Public Service Departments,2,0,0,0,0,0,0,0,0,0,4,8.552,11.441
2026-03-31,https://www.medsafe.govt.nz/,Ministry of Health,Public Service Departments,100,9,5,4,9,9,0,100,100,0,66,10.543,13.456
2026-03-31,https://www.mfat.govt.nz/,Ministry of Foreign Affairs and Trade,Public Service Departments,100,19,17,2,19,15,0,0,0,0,139,9.761,12.447
2026-03-31,https://www.moneymanagementsuppliers.workandincome.govt.nz/,Ministry of Social Development,Public Service Departments,1,0,0,0,0,0,0,0,0,0,2,3.275,7.934
2026-03-31,https://www.motortraders.govt.nz/,"Ministry of Business, Innovation and Employment",Public Service Departments,92,88,18,70,88,62,0,1,1,0,126,10.172,13.043
2026-03-31,https://www.mpi.govt.nz/,Ministry for Primary Industries,Public Service Departments,100,42,14,28,42,32,0,4,4,2,74,7.434,10.57
2026-03-31,https://www.mpp.govt.nz/,Ministry for Pacific Peoples,Public Service Departments,100,1302,802,500,1302,254,0,6,6,1,114,11.58,14.085
2026-03-31,https://www.msd.govt.nz/,Ministry of Social Development,Public Service Departments,100,80,80,0,80,2,0,1,1,0,112,9.534,12.462
2026-03-31,https://www.myd.govt.nz/,Ministry of Social Development,Public Service Departments,100,0,0,0,0,0,0,0,0,1,46,9.425,12.428
2026-03-31,https://www.myrtlerust.org.nz/,Ministry for Primary Industries,Public Service Departments,58,318,318,0,318,155,0,17,17,0,84,8.104,10.957
2026-03-31,https://www.naeac.org.nz/,Ministry for Primary Industries,Public Service Departments,15,40,40,0,40,7,0,0,0,0,18,10.336,13.309
2026-03-31,https://www.naturalhazards.govt.nz/,Natural Hazards Commission,Crown Entities - Crown Agents,100,15,15,0,15,14,0,3,3,0,88,10.722,13.201
2026-03-31,https://www.nawac.org.nz/,Ministry for Primary Industries,Public Service Departments,21,64,64,0,64,6,0,0,0,0,22,10.948,13.073
2026-03-31,https://www.ncsc.govt.nz/,Government Communications Security Bureau,Public Service Departments,100,446,304,142,446,29,0,0,0,1,134,9.64,12.333
2026-03-31,https://www.newcops.govt.nz/,New Zealand Police,Non-Public Service Departments,74,4,2,2,4,4,0,35,35,0,68,7.963,11.053
2026-03-31,https://www.nokuteao.org.nz/,Health New Zealand,Crown Entities - Crown Agents,58,48,38,10,48,46,0,5,5,0,46,9.488,11.669
2026-03-31,https://www.nzbn.govt.nz/,"Ministry of Business, Innovation and Employment",Public Service Departments,53,55,55,0,55,3,0,0,0,2,65,7.97,11.165
2026-03-31,https://www.nzcrs.govt.nz/,"Ministry of Business, Innovation and Employment",Public Service Departments,95,570,570,0,570,124,0,2,2,1,144,9.871,12.795
2026-03-31,https://www.nzdf.mil.nz/nzdf/,New Zealand Defence Force,Non-Public Service Departments,100,525,525,0,525,224,0,16,16,1,104,11.823,13.888
2026-03-31,https://www.nzic.govt.nz/,Government Communications Security Bureau,Public Service Departments,3,0,0,0,0,0,0,0,0,0,4,9.835,12.697
2026-03-31,https://www.nzpam.govt.nz/,"Ministry of Business, Innovation and Employment",Public Service Departments,100,100,100,0,100,64,0,100,100,0,130,9.229,12.306
2026-03-31,https://www.nzrelay.co.nz/,"Ministry of Business, Innovation and Employment",Public Service Departments,27,522,307,215,522,436,0,0,0,0,22,7.238,10.34
2026-03-31,https://www.nzsar.govt.nz/,"Ministry of Cities, Environment, Regions and Transport",Public Service Departments,100,521,221,100,521,112,0,100,100,0,26,8.743,11.699
2026-03-31,https://www.nzsis.govt.nz/,New Zealand Security Intelligence Service,Public Service Departments,100,0,0,0,0,0,0,36,36,1,118,11.905,13.925
2026-03-31,https://www.nzsl.govt.nz/,Whaikaha,Public Service Departments,100,4,4,0,4,4,0,0,0,0,104,10.024,12.611
2026-03-31,https://www.officeforseniors.govt.nz/,Ministry of Social Development,Public Service Departments,100,7,7,0,7,7,0,0,0,1,78,8.769,11.415
2026-03-31,https://www.orangatamariki.govt.nz/,Oranga Tamariki,Public Service Departments,100,128,70,58,128,110,0,100,100,0,108,7.582,10.767
2026-03-31,https://www.orangatamarikiactionplan.govt.nz/,Oranga Tamariki,Public Service Departments,26,0,0,0,0,0,0,26,26,0,34,9.603,12.282
2026-03-31,https://www.ownyouronline.govt.nz/,Government Communications Security Bureau,Public Service Departments,100,4,0,4,4,2,0,9,9,0,109,7.524,10.334
2026-03-31,https://www.paroleboard.govt.nz/,Department of Corrections,Public Service Departments,100,104,104,0,104,5,0,2,2,0,146,8.861,11.584
2026-03-31,https://www.pasefikaproud.co.nz/,Ministry of Social Development,Public Service Departments,100,0,0,0,0,0,0,0,0,6,80,11.434,14.162
2026-03-31,https://www.passports.govt.nz/,Department of Internal Affairs,Public Service Departments,30,46,42,4,46,12,0,8,8,0,22,6.549,9.778
2026-03-31,https://www.pco.govt.nz/,Parliamentary Counsel Office,Non-Public Service Departments,100,302,30,272,302,124,0,5,5,0,104,11.001,13.448
2026-03-31,https://www.pds.govt.nz/,Ministry of Justice,Public Service Departments,9,1,1,0,1,1,0,9,9,6,10,7.427,10.062
2026-03-31,https://www.police.govt.nz/,New Zealand Police,Non-Public Service Departments,3,6,6,0,6,6,0,0,0,96,0,,
2026-03-31,https://www.procurement.govt.nz/,"Ministry of Business, Innovation and Employment",Public Service Departments,100,232,72,160,232,73,0,9,9,0,140,9.931,12.891
2026-03-31,https://www.productsafety.govt.nz/,"Ministry of Business, Innovation and Employment",Public Service Departments,100,555,155,400,555,409,0,2,2,0,60,7.718,10.575
2026-03-31,https://www.protectivesecurity.govt.nz/,New Zealand Security Intelligence Service,Public Service Departments,63,0,0,0,0,0,0,30,30,4,98,11.727,14.25
2026-03-31,https://www.publicservice.govt.nz/,Public Service Commission,Public Service Departments,100,3,3,0,3,3,0,0,0,1,148,10.605,13.072
2026-03-31,https://www.publicservicefale.govt.nz/,Public Service Commission,Public Service Departments,14,0,0,0,0,0,0,0,0,0,8,13.441,15.447
2026-03-31,https://www.qualityplanning.org.nz/,"Ministry of Cities, Environment, Regions and Transport",Public Service Departments,100,270,270,0,270,68,0,0,0,2,118,13.021,15.122
2026-03-31,https://www.rdti.govt.nz/,"Ministry of Business, Innovation and Employment",Public Service Departments,47,98,86,12,98,93,0,0,0,1,62,9.635,12.629
2026-03-31,https://www.realme.govt.nz/,Department of Internal Affairs,Public Service Departments,51,58,58,0,58,10,0,0,0,7,26,9.813,12.574
2026-03-31,https://www.redress.govt.nz/,Public Service Commission,Public Service Departments,10,0,0,0,0,0,0,0,0,0,14,9.933,12.867
2026-03-31,https://www.regulation.govt.nz/,Ministry for Regulation,Public Service Departments,100,122,60,62,122,16,0,0,0,0,64,10.993,13.502
2026-03-31,https://www.remauthority.govt.nz/,"Ministry of Business, Innovation and Employment",Public Service Departments,43,3,3,0,3,1,0,1,1,0,50,12.349,14.507
2026-03-31,https://www.reportspam.co.nz/,Department of Internal Affairs,Public Service Departments,3,9,3,0,9,3,0,3,3,0,4,9.273,11.461
2026-03-31,https://www.rsm.govt.nz/,"Ministry of Business, Innovation and Employment",Public Service Departments,100,10,10,0,10,8,0,0,0,0,70,8.72,12.043
2026-03-31,https://www.safergambling.org.nz/,Health New Zealand,Crown Entities - Crown Agents,26,10,10,0,10,10,0,0,0,7,38,6.742,10.123
2026-03-31,https://www.safetotalk.nz/,Ministry of Social Development,Public Service Departments,22,521,391,130,521,31,0,0,0,0,24,7.169,10.339
2026-03-31,https://www.safetravel.govt.nz/,Ministry of Foreign Affairs and Trade,Public Service Departments,100,40,30,10,40,38,0,14,14,0,118,7.613,10.669
2026-03-31,https://www.sfo.govt.nz/,Serious Fraud Office,Public Service Departments,100,17,17,0,17,17,0,0,0,0,136,10.176,12.661
2026-03-31,https://www.sia.govt.nz/,Social Investment Agency,Public Service Departments,100,2,2,0,2,2,0,14,14,1,116,9.952,12.585
2026-03-31,https://www.smallsteps.org.nz/,Health New Zealand,Crown Entities - Crown Agents,29,446,432,14,446,96,0,2,2,0,42,5.337,9.233
2026-03-31,https://www.smokefree.org.nz/,Health New Zealand,Crown Entities - Crown Agents,97,91,39,52,91,81,0,0,0,0,96,6.384,9.909
2026-03-31,https://www.standards.govt.nz/,"Ministry of Business, Innovation and Employment",Public Service Departments,100,99,99,0,99,71,0,17,17,2,116,10.35,12.871
2026-03-31,https://www.stats.govt.nz,Statistics New Zealand,Public Service Departments,100,49,49,0,49,32,0,0,0,0,158,7.86,10.755
2026-03-31,https://www.strengtheningfamilies.govt.nz/,Oranga Tamariki,Public Service Departments,17,7,7,0,7,3,0,17,17,0,16,8.301,11.807
2026-03-31,https://www.studylink.govt.nz/,Ministry of Social Development,Public Service Departments,100,0,0,0,0,0,0,99,99,1,64,5.115,8.581
2026-03-31,https://www.stv.govt.nz/index.shtml,Department of Internal Affairs,Public Service Departments,13,34,32,2,34,6,0,0,0,0,14,7.161,10.977
2026-03-31,https://www.supergold.govt.nz/,Ministry of Social Development,Public Service Departments,100,866,638,28,866,224,0,11,11,0,38,7.421,10.547
2026-03-31,https://www.supportmydecisions.nz/,Whaikaha,Public Service Departments,26,0,0,0,0,0,0,0,0,0,28,6.676,10.138
2026-03-31,https://www.survivorexperiences.govt.nz/,Department of Internal Affairs,Public Service Departments,38,260,156,104,260,258,0,38,38,0,64,8.506,10.793
2026-03-31,https://www.tariff-finder.govt.nz/,Ministry of Foreign Affairs and Trade,Public Service Departments,3,271,265,0,271,139,0,3,3,0,0,,
2026-03-31,https://www.tas.mbie.govt.nz/,"Ministry of Business, Innovation and Employment",Public Service Departments,14,4,4,0,4,4,0,1,1,0,26,9.643,12.349
2026-03-31,https://www.taxpolicy.ird.govt.nz/,Inland Revenue Department,Public Service Departments,100,45,45,0,45,14,0,0,0,0,66,10.995,13.7
2026-03-31,https://www.taxtechnical.ird.govt.nz/,Inland Revenue Department,Public Service Departments,100,8,8,0,8,8,0,0,0,0,76,10.721,13.1
2026-03-31,https://www.tehaorangahau.msd.govt.nz/,Ministry of Social Development,Public Service Departments,100,0,0,0,0,0,0,0,0,0,72,9.43,12.424
2026-03-31,https://www.tenancy.govt.nz/,"Ministry of Business, Innovation and Employment",Public Service Departments,100,732,666,66,732,29,0,0,0,1,120,7.829,11.0
2026-03-31,https://www.tki.org.nz/,Ministry of Education,Public Service Departments,100,266,266,0,266,152,0,96,96,28,68,9.558,12.412
2026-03-31,https://www.tkm.govt.nz/,Te Puni Kōkiri,Public Service Departments,1,0,0,0,0,0,0,0,0,0,0,,
2026-03-31,https://www.tools.business.govt.nz/boost/,"Ministry of Business, Innovation and Employment",Public Service Departments,2,5,1,4,5,3,0,0,0,0,0,,
2026-03-31,https://www.tools.business.govt.nz/cashflow-forecaster/,"Ministry of Business, Innovation and Employment",Public Service Departments,1,6,0,6,6,6,0,0,0,0,0,,
2026-03-31,https://www.tools.business.govt.nz/climate/,"Ministry of Business, Innovation and Employment",Public Service Departments,3,27,12,15,27,21,0,0,0,2,0,,
2026-03-31,https://www.tools.business.govt.nz/do-business-online/,"Ministry of Business, Innovation and Employment",Public Service Departments,2,1,1,0,1,1,0,0,0,0,0,,
2026-03-31,https://www.tools.business.govt.nz/funding-explorer/,"Ministry of Business, Innovation and Employment",Public Service Departments,2,1,1,0,1,1,0,0,0,0,0,,
2026-03-31,https://www.tools2.business.govt.nz/compliance-matters,"Ministry of Business, Innovation and Employment",Public Service Departments,1,2,2,0,2,2,0,1,1,0,0,,
2026-03-31,https://www.tools2.business.govt.nz/employeecostcalculator,"Ministry of Business, Innovation and Employment",Public Service Departments,1,4,3,1,4,4,0,0,0,0,0,,
2026-03-31,https://www.tradebarriers.govt.nz/,Ministry of Foreign Affairs and Trade,Public Service Departments,7,0,0,0,0,0,0,0,0,0,8,9.833,12.577
2026-03-31,https://www.tradingstandards.govt.nz/,"Ministry of Business, Innovation and Employment",Public Service Departments,9,27,27,0,27,3,0,0,0,0,12,9.881,12.665
2026-03-31,https://www.transport.govt.nz/,"Ministry of Cities, Environment, Regions and Transport",Public Service Departments,100,561,503,58,561,141,0,12,12,1,118,9.134,11.925
2026-03-31,https://www.travellerdeclaration.govt.nz/,"Ministry of Business, Innovation and Employment",Public Service Departments,23,3,3,0,3,3,0,0,0,0,26,8.879,11.824
2026-03-31,https://www.treasury.govt.nz/,The Treasury,Public Service Departments,100,328,318,10,328,153,0,29,29,0,112,10.998,13.757
2026-03-31,https://www.tsw.govt.nz/external/application/login/app.html,New Zealand Customs Service,Public Service Departments,1,0,0,0,0,0,0,0,0,0,0,,
2026-03-31,https://www.tuiatetaiao.nz/,Ministry for Primary Industries,Public Service Departments,31,99,99,0,99,37,0,31,31,0,12,8.998,12.116
2026-03-31,https://www.tupu.nz/,Te Puni Kōkiri,Public Service Departments,100,131,131,0,131,39,0,3,3,0,120,5.671,8.895
2026-03-31,https://www.unittitles.govt.nz/,"Ministry of Business, Innovation and Employment",Public Service Departments,100,607,607,0,607,22,0,0,0,1,80,9.774,12.468
2026-03-31,https://www.veteransaffairs.mil.nz/,New Zealand Defence Force,Non-Public Service Departments,100,49,28,21,49,27,0,0,0,0,58,9.039,12.191
2026-03-31,https://www.waitangitribunal.govt.nz/,Ministry of Justice,Public Service Departments,100,612,602,10,612,124,0,15,15,1,124,6.695,10.222
2026-03-31,https://www.whaikaha.govt.nz/,Whaikaha,Public Service Departments,100,2,2,0,2,2,0,11,11,0,110,10.748,13.23
2026-03-31,https://www.wildingpines.nz/,Ministry for Primary Industries,Public Service Departments,100,1093,891,202,1093,510,0,0,0,0,110,9.464,11.813
2026-03-31,https://www.women.govt.nz/,Ministry for Women,Public Service Departments,100,8,8,0,8,8,0,11,11,1,132,10.05,12.608
2026-03-31,https://www.workandincome.govt.nz/,Ministry of Social Development,Public Service Departments,100,8,4,4,8,8,0,0,0,0,48,6.052,9.269
2026-03-31,https://www.workandincome.govt.nz/map/index.html,Ministry of Social Development,Public Service Departments,100,22,14,8,22,8,0,2,2,0,70,9.497,12.235
2026-03-31,https://www.workforceinsights.govt.nz/,Ministry for Primary Industries,Public Service Departments,100,70,70,0,70,6,0,5,5,3,155,6.566,9.39
2026-03-31,https://www.xn--morilandcourt-wqb.govt.nz/,Ministry of Justice,Public Service Departments,100,2,2,0,2,2,0,1,1,9,74,7.965,10.988
2026-03-31,https://www.xn--tekhuikhu-7bbe.govt.nz/,Ministry of Social Development,Public Service Departments,25,8,8,0,8,8,0,0,0,0,28,8.124,11.153
2026-03-31,https://www.youthcourt.govt.nz/home-2/,Ministry of Justice,Public Service Departments,1,0,0,0,0,0,0,1,1,7,0,,
2026-03-31,https://www.youthservice.govt.nz/,Ministry of Social Development,Public Service Departments,38,0,0,0,0,0,0,38,38,0,58,6.008,9.15
2026-03-31,https://www2.justice.govt.nz/elibsonline/,Ministry of Justice,Public Service Departments,21,0,0,0,0,0,0,21,21,0,0,,
2026-03-31,https://youthguarantee.education.govt.nz,Ministry of Education,Public Service Departments,100,2453,1920,533,2453,317,0,42,42,0,42,9.582,12.318
2026-03-31,https://youthwork.orangatamariki.govt.nz/,Oranga Tamariki,Public Service Departments,1,0,0,0,0,0,0,0,0,0,2,5.971,7.169
2026-03-31,https://zero.education.govt.nz/,Ministry of Education,Public Service Departments,5,10,10,0,10,2,0,0,0,0,8,8.871,10.971
2026-03-31,https://zh-hans.getready.govt.nz/,National Emergency Management Agency,Public Service Departmental Agencies,60,0,0,0,0,0,0,1,1,0,0,,
2026-03-31,https://zh-hant.getready.govt.nz/,National Emergency Management Agency,Public Service Departmental Agencies,60,0,0,0,0,0,0,1,1,0,0,,
2026-06-30,https://28maoribattalion.org.nz/,Ministry for Culture and Heritage,Public Service Departments,300,0,0,0,0,0,0,300,300,0,118,9.928,10.364
2026-06-30,https://aca-auprod.accela.com/NZPAM/Welcome.aspx,"Ministry of Business, Innovation and Employment",Public Service Departments,5,23,17,0,23,11,0,0,0,0,4,13.418,15.58
2026-06-30,https://acart.health.govt.nz/,Ministry of Health,Public Service Departments,64,0,0,0,0,0,0,0,0,0,44,10.199,13.124
2026-06-30,https://airforcemuseum.co.nz/,New Zealand Defence Force,Non-Public Service Departments,300,3264,2254,1010,3264,946,0,115,115,0,326,8.603,11.235
2026-06-30,https://aml.dia.govt.nz/,Department of Internal Affairs,Public Service Departments,5,15,10,5,15,11,0,1,1,0,4,10.925,13.47
2026-06-30,https://annualreport2021.msd.govt.nz/,Ministry of Social Development,Public Service Departments,78,0,0,0,0,0,0,0,0,0,72,11.063,12.396
2026-06-30,https://anyquestions.govt.nz/,Department of Internal Affairs,Public Service Departments,300,2580,2580,0,2580,2333,0,84,84,0,528,5.815,9.303
2026-06-30,https://aotearoahistories.education.govt.nz/,Ministry of Education,Public Service Departments,26,94,94,0,94,19,0,0,0,0,29,8.316,11.535
2026-06-30,https://api.doc.govt.nz/,Department of Conservation,Public Service Departments,1,0,0,0,0,0,0,1,1,0,0,,
2026-06-30,https://api.msd.govt.nz/,Ministry of Social Development,Public Service Departments,13,2,2,0,2,2,0,2,2,0,6,10.639,12.411
2026-06-30,https://app.birdbanding.doc.govt.nz/,Department of Conservation,Public Service Departments,3,0,0,0,0,0,0,1,1,0,0,,
2026-06-30,https://app.businessregisters.govt.nz/,"Ministry of Business, Innovation and Employment",Public Service Departments,14,116,84,32,116,12,0,14,14,0,0,,
2026-06-30,https://app.insolvency.govt.nz/ui/public/search/dro-register,"Ministry of Business, Innovation and Employment",Public Service Departments,1,1,1,0,1,1,0,1,1,0,0,,
2026-06-30,https://app.insolvency.govt.nz/ui/public/search/insolvency-register,"Ministry of Business, Innovation and Employment",Public Service Departments,1,9,5,4,9,9,0,1,1,0,0,,
2026-06-30,https://app.iponz.govt.nz/app/TradeMarkCheck,"Ministry of Business, Innovation and Employment",Public Service Departments,300,3600,3594,6,3600,22,0,1,1,0,598,3.684,7.483
2026-06-30,https://app.mbieregisters.govt.nz/iaa/ui/start/searchForAnOccupationalRegistration,"Ministry of Business, Innovation and Employment",Public Service Departments,0,0,0,0,0,0,0,0,0,0,0,,
2026-06-30,https://app.mbieregisters.govt.nz/mvtr/ui/start/searchTheRegister,"Ministry of Business, Innovation and Employment",Public Service Departments,0,0,0,0,0,0,0,0,0,0,0,,
2026-06-30,https://applications.education.govt.nz/,Ministry of Education,Public Service Departments,39,455,453,2,455,41,0,39,39,0,35,8.98,11.497
2026-06-30,https://apply.immigration.govt.nz/,"Ministry of Business, Innovation and Employment",Public Service Departments,0,0,0,0,0,0,0,0,0,0,0,,
2026-06-30,https://apply.justice.govt.nz/,Ministry of Justice,Public Service Departments,51,1313,1213,100,1313,149,0,43,43,0,50,9.486,12.626
2026-06-30,https://ar.getready.govt.nz/,National Emergency Management Agency,Public Service Departmental Agencies,60,0,0,0,0,0,0,0,0,0,0,,
2026-06-30,https://aria.stats.govt.nz/aria/,Statistics New Zealand,Public Service Departments,1,4,4,0,4,4,0,0,0,0,0,,
2026-06-30,https://aria.stats.govt.nz/aria-coding/search,Statistics New Zealand,Public Service Departments,1,8,6,2,8,8,0,0,0,0,0,,
2026-06-30,https://aroturuki.govt.nz/,Aroturuki Tamariki,Crown Entities - Independent Crown Entities,217,0,0,0,0,0,0,89,89,0,364,10.482,12.392
2026-06-30,https://auctioneers.mbie.govt.nz/,"Ministry of Business, Innovation and Employment",Public Service Departments,195,390,390,0,390,2,0,4,4,0,338,7.88,11.285
2026-06-30,https://basemaps.linz.govt.nz/,Land Information New Zealand,Public Service Departments,1,2,0,0,2,2,0,0,0,0,0,,
2026-06-30,https://bdmhistoricalrecords.dia.govt.nz/,Department of Internal Affairs,Public Service Departments,27,137,65,72,137,42,0,27,27,0,0,,
2026-06-30,https://bdmonline.dia.govt.nz/,Department of Internal Affairs,Public Service Departments,11,26,26,0,26,4,0,11,11,0,0,,
2026-06-30,https://beyondordinary.nzic.govt.nz/,Government Communications Security Bureau,Public Service Departments,27,0,0,0,0,0,0,2,2,0,36,8.987,11.747
2026-06-30,https://blog.doc.govt.nz/,Department of Conservation,Public Service Departments,300,6724,6718,6,6724,1743,0,9,9,0,328,7.461,10.156
2026-06-30,https://bookings.doc.govt.nz/web/,Department of Conservation,Public Service Departments,4,110,52,50,110,42,0,0,0,0,0,,
2026-06-30,https://budget.govt.nz/,The Treasury,Public Service Departments,224,17,17,0,17,10,0,0,0,0,64,11.187,13.697
2026-06-30,https://bullyingfree.nz/,Ministry of Education,Public Service Departments,82,3315,3301,14,3315,2157,0,82,82,0,116,8.405,11.607
2026-06-30,https://businessonlineservices.msd.govt.nz/bos/MSDProviderLogon.jsp,Ministry of Social Development,Public Service Departments,1,2,2,0,2,2,0,1,1,0,0,,
2026-06-30,https://cadetforces.org.nz/,New Zealand Defence Force,Non-Public Service Departments,19,152,152,0,152,28,0,1,1,0,34,10.058,12.161
2026-06-30,https://canterbury.royalcommission.govt.nz/,Department of Internal Affairs,Public Service Departments,134,636,368,268,636,52,0,134,134,0,158,11.314,13.539
2026-06-30,https://careers.corrections.govt.nz/,Department of Corrections,Public Service Departments,241,580,580,0,580,67,0,14,14,0,337,9.22,11.717
2026-06-30,https://careers.customs.govt.nz/home,New Zealand Customs Service,Public Service Departments,33,110,100,10,110,23,0,3,3,0,36,11.042,13.447
2026-06-30,https://careers.dpmc.govt.nz/search,Department of the Prime Minister and Cabinet,Public Service Departments,6,42,34,8,42,24,0,0,0,0,0,,
2026-06-30,https://careers.education.govt.nz/,Ministry of Education,Public Service Departments,7,27,27,0,27,4,0,1,1,0,8,9.283,11.878
2026-06-30,https://careers.linz.govt.nz/,Land Information New Zealand,Public Service Departments,16,0,0,0,0,0,0,0,0,0,14,10.723,13.63
2026-06-30,https://careers.mfe.govt.nz/,"Ministry of Cities, Environment, Regions and Transport",Public Service Departments,8,124,100,24,124,29,0,2,2,0,8,6.698,10.156
2026-06-30,https://careers.regulation.govt.nz/,Ministry for Regulation,Public Service Departments,23,5,1,4,5,3,0,0,0,0,12,10.814,13.695
2026-06-30,https://catalogue.data.govt.nz/dataset,Public Service Commission,Public Service Departments,300,10185,9561,624,10185,1706,0,3,3,0,0,,
2026-06-30,https://celebrants.dia.govt.nz/,Department of Internal Affairs,Public Service Departments,2,24,10,10,24,18,0,0,0,0,0,,
2026-06-30,https://centralagenciesjobs.cass.govt.nz/home,The Treasury,Public Service Departments,40,30,24,6,30,23,0,0,0,0,50,11.053,14.075
2026-06-30,https://certificates.services.govt.nz/,Department of Internal Affairs,Public Service Departments,3,0,0,0,0,0,0,0,0,0,2,7.689,10.565
2026-06-30,https://charts.linz.govt.nz/,Land Information New Zealand,Public Service Departments,300,532,532,0,532,261,0,5,5,0,258,10.564,14.035
2026-06-30,https://check.msd.govt.nz/,Ministry of Social Development,Public Service Departments,7,2,2,0,2,2,0,0,0,0,8,4.796,4.684
2026-06-30,https://chiefvictimsadvisor.justice.govt.nz/,Ministry of Justice,Public Service Departments,19,0,0,0,0,0,0,19,19,0,16,10.489,12.954
2026-06-30,https://christchurchattack.royalcommission.nz/,Department of Internal Affairs,Public Service Departments,181,63,61,2,63,41,0,49,49,0,302,11.078,13.624
2026-06-30,https://ci.getready.govt.nz/,National Emergency Management Agency,Public Service Departmental Agencies,60,0,0,0,0,0,0,37,37,0,0,,
2026-06-30,https://codehub.building.govt.nz/,"Ministry of Business, Innovation and Employment",Public Service Departments,300,762,759,3,762,413,0,67,67,0,210,9.29,12.388
2026-06-30,https://coi.procurement.govt.nz/,"Ministry of Business, Innovation and Employment",Public Service Departments,3,6,6,0,6,2,0,0,0,0,0,,
2026-06-30,https://collections.archives.govt.nz/,Department of Internal Affairs,Public Service Departments,51,369,219,150,369,20,0,0,0,0,24,4.6,8.403
2026-06-30,https://companies-register.companiesoffice.govt.nz/,"Ministry of Business, Innovation and Employment",Public Service Departments,13,8,2,6,8,8,0,1,1,0,22,7.304,10.992
2026-06-30,https://connect.procurement.govt.nz/,"Ministry of Business, Innovation and Employment",Public Service Departments,0,0,0,0,0,0,0,0,0,0,0,,
2026-06-30,https://consult.environment.govt.nz/,"Ministry of Cities, Environment, Regions and Transport",Public Service Departments,300,1,1,0,1,1,0,300,300,0,230,9.118,12.025
2026-06-30,https://consult.health.govt.nz/,Ministry of Health,Public Service Departments,300,4,4,0,4,1,0,7,7,0,252,9.418,12.316
2026-06-30,https://consultation.dpmc.govt.nz/,Department of the Prime Minister and Cabinet,Public Service Departments,38,1,1,0,1,1,0,38,38,0,34,11.403,14.168
2026-06-30,https://consultation.regulation.govt.nz/,Ministry for Regulation,Public Service Departments,34,0,0,0,0,0,0,34,34,0,26,10.704,12.901
2026-06-30,https://consultations.justice.govt.nz/,Ministry of Justice,Public Service Departments,117,2,2,0,2,2,0,117,117,0,126,9.124,12.226
2026-06-30,https://consultations.standards.govt.nz/,"Ministry of Business, Innovation and Employment",Public Service Departments,63,0,0,0,0,0,0,63,63,0,86,10.07,12.658
2026-06-30,https://coronerscourt.govt.nz/,Ministry of Justice,Public Service Departments,90,17,17,0,17,12,0,90,90,0,100,8.694,11.991
2026-06-30,https://ct-register.companiesoffice.govt.nz/,"Ministry of Business, Innovation and Employment",Public Service Departments,13,18,8,10,18,10,0,2,2,0,10,7.492,10.989
2026-06-30,https://curriculumprogresstools.education.govt.nz/,Ministry of Education,Public Service Departments,36,12,2,10,12,12,0,3,3,0,38,8.458,11.008
2026-06-30,https://data.govt.nz/,Public Service Commission,Public Service Departments,300,141,119,22,141,122,0,7,7,0,436,9.601,12.12
2026-06-30,https://data.linz.govt.nz/,Land Information New Zealand,Public Service Departments,300,3995,3285,710,3995,372,0,0,0,0,0,,
2026-06-30,https://data.mfe.govt.nz,"Ministry of Cities, Environment, Regions and Transport",Public Service Departments,300,4836,4113,723,4836,332,0,0,0,0,0,,
2026-06-30,https://datainfoplus.stats.govt.nz/,Statistics New Zealand,Public Service Departments,300,1959,1913,46,1959,1198,0,50,50,0,98,10.375,12.89
2026-06-30,https://deathdocs.services.govt.nz/,Department of Internal Affairs,Public Service Departments,9,130,128,2,130,62,0,9,9,0,6,12.987,15.183
2026-06-30,https://debtmanagement.treasury.govt.nz/,The Treasury,Public Service Departments,300,2798,2798,0,2798,250,0,1,1,0,248,10.508,12.863
2026-06-30,https://deptconservation.maps.arcgis.com/apps/webappviewer/index.html?id=4299ffa07de9451994681b43b60ad95b,Department of Conservation,Public Service Departments,1,2,0,0,2,2,0,0,0,0,0,,
2026-06-30,https://designsystem.education.govt.nz/,Ministry of Education,Public Service Departments,34,57,57,0,57,23,0,5,5,0,38,7.472,10.507
2026-06-30,https://determinations.era.govt.nz/determinations,"Ministry of Business, Innovation and Employment",Public Service Departments,33,0,0,0,0,0,0,0,0,0,2,6.204,10.019
2026-06-30,https://devdata.mfat.govt.nz/,Ministry of Foreign Affairs and Trade,Public Service Departments,300,21,21,0,21,4,0,0,0,0,8,8.56,11.527
2026-06-30,https://developers.realme.govt.nz/,Department of Internal Affairs,Public Service Departments,58,176,176,0,176,105,0,0,0,0,58,9.486,12.297
2026-06-30,https://dia.services.govt.nz/,Department of Internal Affairs,Public Service Departments,6,68,47,21,68,54,0,0,0,0,6,7.986,11.221
2026-06-30,https://digitalnz.org/,Department of Internal Affairs,Public Service Departments,1,0,0,0,0,0,0,1,1,0,0,,
2026-06-30,https://digitalsuite.co.nz/,Ministry of Social Development,Public Service Departments,4,0,0,0,0,0,0,2,2,0,4,10.978,13.601
2026-06-30,https://disclose-register.companiesoffice.govt.nz/,"Ministry of Business, Innovation and Employment",Public Service Departments,54,12,4,8,12,6,0,0,0,0,70,8.696,11.596
2026-06-30,https://disclosure.legislation.govt.nz/,Parliamentary Counsel Office,Non-Public Service Departments,300,110,110,0,110,94,0,300,300,0,524,11.042,13.757
2026-06-30,https://dispute.employment.govt.nz/app/Extra/Employment/Default.aspx,"Ministry of Business, Innovation and Employment",Public Service Departments,1,13,12,1,13,13,0,1,1,0,0,,
2026-06-30,https://dispute.era.govt.nz/app/Extra/ERA/Default.aspx,"Ministry of Business, Innovation and Employment",Public Service Departments,1,4,3,1,4,4,0,0,0,0,0,,
2026-06-30,https://dispute.tenancy.govt.nz/app/Extra/TenancyTribunal/Default.aspx,"Ministry of Business, Innovation and Employment",Public Service Departments,1,6,5,1,6,6,0,1,1,0,0,,
2026-06-30,https://doc-deptconservation.opendata.arcgis.com/,Department of Conservation,Public Service Departments,1,2,2,0,2,2,0,0,0,0,0,,
2026-06-30,https://doc-marine-data-deptconservation.hub.arcgis.com/,Department of Conservation,Public Service Departments,1,2,2,0,2,2,0,0,0,0,0,,
2026-06-30,https://doc.wd105.myworkdayjobs.com/en-US/DOC/,Department of Conservation,Public Service Departments,40,4,2,2,4,4,0,6,6,0,12,10.194,13.185
2026-06-30,https://docref.digital.govt.nz/,Public Service Commission,Public Service Departments,0,0,0,0,0,0,0,0,0,0,0,,
2026-06-30,https://ea.analytics.msd.govt.nz/,Ministry of Social Development,Public Service Departments,1,2,2,0,2,2,0,1,1,0,0,,
2026-06-30,https://eab.business.govt.nz/employmentagreementbuilder/startscreen,"Ministry of Business, Innovation and Employment",Public Service Departments,1,2,0,2,2,2,0,0,0,0,0,,
2026-06-30,https://earlylearning.services.govt.nz/,Department of Internal Affairs,Public Service Departments,42,600,600,0,600,189,0,1,1,0,12,8.987,11.778
2026-06-30,https://earlyresolution.employment.govt.nz/,"Ministry of Business, Innovation and Employment",Public Service Departments,1,0,0,0,0,0,0,1,1,0,0,,
2026-06-30,https://ecart.health.govt.nz/,Ministry of Health,Public Service Departments,23,0,0,0,0,0,0,0,0,0,14,10.065,12.964
2026-06-30,https://encservice.linz.govt.nz/,Land Information New Zealand,Public Service Departments,9,4,0,4,4,4,0,1,1,0,10,8.692,10.853
2026-06-30,https://endoflife.services.govt.nz/,Department of Internal Affairs,Public Service Departments,10,282,90,192,282,197,0,10,10,0,0,,
2026-06-30,https://environment.govt.nz/,"Ministry of Cities, Environment, Regions and Transport",Public Service Departments,300,68,68,0,68,66,0,45,45,0,257,10.161,12.736
2026-06-30,https://epbr.building.govt.nz/,"Ministry of Business, Innovation and Employment",Public Service Departments,1,7,7,0,7,5,0,1,1,0,0,,
2026-06-30,https://er.getready.govt.nz/,National Emergency Management Agency,Public Service Departmental Agencies,35,0,0,0,0,0,0,17,17,0,4,11.223,14.134
2026-06-30,https://es.getready.govt.nz/,National Emergency Management Agency,Public Service Departmental Agencies,60,0,0,0,0,0,0,7,7,0,0,,
2026-06-30,https://ethics.health.govt.nz/,Ministry of Health,Public Service Departments,75,0,0,0,0,0,0,0,0,0,54,10.179,12.964
2026-06-30,https://ethnicxchange.org.nz/,Ministry for Ethnic Communities,Public Service Departmental Agencies,1,0,0,0,0,0,0,0,0,0,2,6.95,10.21
2026-06-30,https://etuwhanau.org.nz/,Ministry of Social Development,Public Service Departments,300,1894,4,1890,1894,48,0,9,9,0,334,8.409,11.056
2026-06-30,https://evaluationhub.education.govt.nz/,Ministry of Education,Public Service Departments,18,2,2,0,2,2,0,18,18,0,18,8.634,11.344
2026-06-30,https://explore.data.stats.govt.nz/,Statistics New Zealand,Public Service Departments,1,1,0,1,1,1,0,0,0,0,0,,
2026-06-30,https://exportcredit.treasury.govt.nz/,The Treasury,Public Service Departments,300,2906,2906,0,2906,328,0,0,0,0,258,11.202,13.479
2026-06-30,https://fa-eqqg-saasfaprod1.fa.ocs.oraclecloud.com/hcmUI/CandidateExperience/en/sites/CX_1001/,Department of Internal Affairs,Public Service Departments,52,121,121,0,121,10,0,0,0,0,78,11.224,13.932
2026-06-30,https://fadc.govt.nz/,Financial Markets Authority,Crown Entities - Independent Crown Entities,16,135,119,16,135,60,0,8,8,0,10,10.778,14.106
2026-06-30,https://financialadvicecode.govt.nz,Financial Markets Authority,Crown Entities - Independent Crown Entities,13,131,118,13,131,41,0,1,1,0,6,11.533,14.483
2026-06-30,https://fincap.org.nz/,Ministry of Social Development,Public Service Departments,249,3837,3756,41,3837,636,0,2,2,0,138,9.497,12.199
2026-06-30,https://fintech.govt.nz,Financial Markets Authority,Crown Entities - Independent Crown Entities,8,25,25,0,25,12,0,0,0,0,14,10.203,12.892
2026-06-30,https://fms-cp.mfe-enquire.cloud/user/realme.html,"Ministry of Cities, Environment, Regions and Transport",Public Service Departments,1,6,2,4,6,6,0,1,1,0,0,,
2026-06-30,https://form.abuseincaretopups.govt.nz/online_forms/top_up_resolved_claim_form/new,Ministry of Social Development,Public Service Departments,1,0,0,0,0,0,0,0,0,0,2,4.104,7.264
2026-06-30,https://fsp-register.companiesoffice.govt.nz/,"Ministry of Business, Innovation and Employment",Public Service Departments,79,42,24,18,42,18,0,2,2,0,114,8.142,11.6
2026-06-30,https://ftp.doc.govt.nz/login,Department of Conservation,Public Service Departments,0,0,0,0,0,0,0,0,0,0,0,,
2026-06-30,https://fuelquality.tradingstandards.govt.nz/,"Ministry of Business, Innovation and Employment",Public Service Departments,24,49,49,0,49,3,0,1,1,0,34,10.787,13.16
2026-06-30,https://gazette.education.govt.nz/,Ministry of Education,Public Service Departments,13,516,449,67,516,259,0,13,13,0,14,7.115,10.704
2026-06-30,https://gazette.govt.nz/,Public Service Commission,Public Service Departments,300,5741,4537,603,5741,75,0,39,39,0,298,8.603,11.06
2026-06-30,https://gazetteer.linz.govt.nz/,Land Information New Zealand,Public Service Departments,1,0,0,0,0,0,0,0,0,0,0,,
2026-06-30,https://geodata.nzpam.govt.nz/,"Ministry of Business, Innovation and Employment",Public Service Departments,300,1336,1336,0,1336,23,0,0,0,0,34,1.915,6.58
2026-06-30,https://gethelp.employment.govt.nz/,"Ministry of Business, Innovation and Employment",Public Service Departments,1,8,4,4,8,6,0,1,1,0,2,5.884,8.041
2026-06-30,https://getready.govt.nz/,National Emergency Management Agency,Public Service Departmental Agencies,133,0,0,0,0,0,0,43,43,0,162,4.638,8.417
2026-06-30,https://gg.govt.nz/,Department of the Prime Minister and Cabinet,Public Service Departments,300,2079,2015,64,2079,234,0,4,4,0,186,9.817,12.039
2026-06-30,https://gis.nzpam.govt.nz/permitwebmaps/,"Ministry of Business, Innovation and Employment",Public Service Departments,1,4,4,0,4,4,0,0,0,0,0,,
2026-06-30,https://gis.nzpam.govt.nz/portal/sharing/oauth2/authorize?client_id=arcgisonline&response_type=code&state=%7B%22portalUrl%22%3A%22https%3A%2F%2Fgis.nzpam.govt.nz%2Fportal%22%2C%22uid%22%3A%22gjtYIp8Yxzk_AZ22vOJN7XnvauoV_8OP5cXBL7vLc6Q%22%2C%22returnUrl%22%3A%22https%3A%2F%2Fgis.nzpam.govt.nz%2Fportal%2Fhome%2Findex.html%22%2C%22useLandingPage%22%3Afalse%2C%22clientId%22%3A%22arcgisonline%22%7D&expiration=20160&locale=en-AU&redirect_uri=https%3A%2F%2Fgis.nzpam.govt.nz%2Fportal%2Fhome%2Faccountswitcher-callback.html&code_challenge=lgEAjtvprjG8Y10aIUoXYHG0BloYZLIxE5qIFkwRsuA&code_challenge_method=S256&display=default&force_login=false&hideCancel=true&showSignupOption=true&canHandleCrossOrgSignIn=true&signuptype=esri,"Ministry of Business, Innovation and Employment",Public Service Departments,1,2,0,2,2,2,0,0,0,0,0,,
2026-06-30,https://github.com/nz-trust-framework/DISTF-reference-architecture,Public Service Commission,Public Service Departments,300,623,423,200,623,38,0,51,51,0,136,10.025,12.51
2026-06-30,https://globalresearchalliance.org/,Ministry for Primary Industries,Public Service Departments,0,0,0,0,0,0,0,0,0,0,0,,
2026-06-30,https://govtnz.github.io/web-a11y-guidance/,Public Service Commission,Public Service Departments,149,0,0,0,0,0,0,0,0,0,184,9.558,12.113
2026-06-30,https://granted.govt.nz/,Department of Internal Affairs,Public Service Departments,1,0,0,0,0,0,0,0,0,0,0,,
2026-06-30,https://grantsportal.business.govt.nz/prweb/PRAuth/app/default/B6PIYiJh5GurSCmPu9_PnppG3kv3D5gbCQyAy7GtpfGx4p4uVXhGlw*/!STANDARD,"Ministry of Business, Innovation and Employment",Public Service Departments,2,22,22,0,22,11,0,2,2,0,0,,
2026-06-30,https://gwn.govt.nz/,Public Service Commission,Public Service Departments,300,1440,1434,6,1440,767,0,60,60,0,368,8.531,11.326
2026-06-30,https://health.nzdf.mil.nz/,New Zealand Defence Force,Non-Public Service Departments,300,3181,3159,22,3181,2073,0,0,0,0,271,8.274,11.23
2026-06-30,https://health.wd105.myworkdayjobs.com/External,Ministry of Health,Public Service Departments,51,10,5,5,10,4,0,51,51,0,20,11.753,14.509
2026-06-30,https://healthed.govt.nz/,Health New Zealand,Crown Entities - Crown Agents,300,1214,604,610,1214,324,0,29,29,0,266,6.208,8.435
2026-06-30,https://hearings.courtsofnz.govt.nz/,Ministry of Justice,Public Service Departments,10,0,0,0,0,0,0,0,0,0,8,7.96,11.185
2026-06-30,https://hepikorua.education.govt.nz/,Ministry of Education,Public Service Departments,42,707,474,233,707,329,0,9,9,0,0,,
2026-06-30,https://hi.getready.govt.nz/,National Emergency Management Agency,Public Service Departmental Agencies,300,0,0,0,0,0,0,5,5,0,0,,
2026-06-30,https://humanrights.govt.nz/,Ministry of Justice,Public Service Departments,1,0,0,0,0,0,0,0,0,0,0,,
2026-06-30,https://inclusive.tki.org.nz/,Ministry of Education,Public Service Departments,300,13438,12976,462,13438,507,0,0,0,0,482,6.68,9.949
2026-06-30,https://infoshare.stats.govt.nz,Statistics New Zealand,Public Service Departments,13,274,202,72,274,78,0,13,13,0,0,,
2026-06-30,https://inspectorate.corrections.govt.nz/,Department of Corrections,Public Service Departments,161,83,83,0,83,61,0,161,161,0,234,12.005,14.262
2026-06-30,https://irctoolkit.mbie.govt.nz/,"Ministry of Business, Innovation and Employment",Public Service Departments,27,60,60,0,60,9,0,2,2,0,48,12.915,14.907
2026-06-30,https://is-register.companiesoffice.govt.nz/,"Ministry of Business, Innovation and Employment",Public Service Departments,32,158,12,146,158,18,0,3,3,0,48,8.78,11.661
2026-06-30,https://iya.education.govt.nz/login,Ministry of Education,Public Service Departments,6,2,0,2,2,2,0,2,2,0,6,9.655,12.488
2026-06-30,https://ja.getready.govt.nz/,National Emergency Management Agency,Public Service Departmental Agencies,60,0,0,0,0,0,0,1,1,0,0,,
2026-06-30,https://jcc.govt.nz/,Ministry of Justice,Public Service Departments,5,0,0,0,0,0,0,2,2,0,8,10.623,12.909
2026-06-30,https://jobs.defence.govt.nz/home,Ministry of Defence,Public Service Departments,6,12,10,2,12,12,0,2,2,0,6,9.386,12.38
2026-06-30,https://jobs.govt.nz/,Public Service Commission,Public Service Departments,300,30,28,2,30,12,0,80,80,0,464,10.366,13.186
2026-06-30,https://jobs.mbie.govt.nz/,"Ministry of Business, Innovation and Employment",Public Service Departments,300,75,74,1,75,61,0,0,0,0,583,11.784,13.943
2026-06-30,https://jobs.msd.govt.nz/,Ministry of Social Development,Public Service Departments,300,1248,360,888,1248,129,0,248,248,0,550,10.644,13.008
2026-06-30,https://jobs.tewhatuora.govt.nz/jobtools/JnCustomLogin.Login?in_organid=19739,Health New Zealand,Crown Entities - Crown Agents,18,72,50,22,72,20,0,11,11,0,14,10.088,12.875
2026-06-30,https://kakapo-recovery.raiselysite.com/,Department of Conservation,Public Service Departments,200,1006,806,200,1006,7,0,0,0,0,0,,
2026-06-30,https://kaorakaako.education.govt.nz/,Ministry of Education,Public Service Departments,74,187,187,0,187,9,0,0,0,0,24,6.243,9.805
2026-06-30,https://katoatoa.mpp.govt.nz/,Ministry for Pacific Peoples,Public Service Departments,1,8,8,0,8,8,0,1,1,0,0,,
2026-06-30,https://kauwhatareo.govt.nz/,Ministry of Education,Public Service Departments,197,2200,1726,474,2200,188,0,0,0,0,30,5.849,7.739
2026-06-30,https://kete-lbp.mbie.govt.nz/,"Ministry of Business, Innovation and Employment",Public Service Departments,2,2,2,0,2,1,0,1,1,0,0,,
2026-06-30,https://kete.mbie.govt.nz/EW/EWPRSearch/,"Ministry of Business, Innovation and Employment",Public Service Departments,1,0,0,0,0,0,0,1,1,0,0,,
2026-06-30,https://kowhiti-whakapae.education.govt.nz/,Ministry of Education,Public Service Departments,69,0,0,0,0,0,0,1,1,0,78,9.417,11.97
2026-06-30,https://kupe.net.nz/,Cancer Control Agency,Public Service Departmental Agencies,17,382,346,36,382,79,0,17,17,0,18,7.414,9.337
2026-06-30,https://learning.building.govt.nz/,"Ministry of Business, Innovation and Employment",Public Service Departments,300,3633,3185,448,3633,233,0,1,1,0,4,9.185,12.209
2026-06-30,https://learning.procurement.govt.nz/,"Ministry of Business, Innovation and Employment",Public Service Departments,46,385,159,226,385,78,0,46,46,0,24,8.814,11.928
2026-06-30,https://learning.tradingstandards.govt.nz/login/,"Ministry of Business, Innovation and Employment",Public Service Departments,2,28,28,0,28,14,0,0,0,0,0,,
2026-06-30,https://learningfromhome.govt.nz/,Ministry of Education,Public Service Departments,31,128,65,2,128,34,0,0,0,0,31,7.273,10.022
2026-06-30,https://lp-register.companiesoffice.govt.nz/,"Ministry of Business, Innovation and Employment",Public Service Departments,13,16,4,12,16,6,0,0,0,0,22,8.317,11.887
2026-06-30,https://lrs.linz.govt.nz/search/,Land Information New Zealand,Public Service Departments,1,6,4,0,6,6,0,0,0,0,1,6.135,9.211
2026-06-30,https://lsfdashboard.treasury.govt.nz/wellbeing/,The Treasury,Public Service Departments,1,58,56,2,58,58,0,0,0,0,2,8.027,11.092
2026-06-30,https://maca-nds.maps.arcgis.com/home/index.html,Te Tari Whakatau,Public Service Departmental Agencies,1,2,2,0,2,2,0,0,0,0,0,,
2026-06-30,https://mahi.corrections.govt.nz/,Department of Corrections,Public Service Departments,24,54,54,0,54,13,0,17,17,0,20,10.728,13.495
2026-06-30,https://mahi.orangatamariki.govt.nz/home,Oranga Tamariki,Public Service Departments,194,20,14,6,20,19,0,187,187,0,318,9.191,12.256
2026-06-30,https://marinebiosecurity.org.nz/,Ministry for Primary Industries,Public Service Departments,78,12,12,0,12,12,0,34,34,0,98,9.188,11.937
2026-06-30,https://mbienz.shinyapps.io/labour-market-dashboard_prod/,"Ministry of Business, Innovation and Employment",Public Service Departments,2,4,4,0,4,2,0,2,2,0,0,,
2026-06-30,https://mbienz.shinyapps.io/migration_data_explorer/,"Ministry of Business, Innovation and Employment",Public Service Departments,2,4,4,0,4,3,0,1,1,0,0,,
2026-06-30,https://mbienz.shinyapps.io/RegionalFactsheets/,"Ministry of Business, Innovation and Employment",Public Service Departments,1,24,18,6,24,24,0,1,1,0,0,,
2026-06-30,https://mentalhealth.inquiry.govt.nz/,Department of Internal Affairs,Public Service Departments,132,984,852,132,984,46,0,47,47,0,162,11.502,14.025
2026-06-30,https://mfe.maps.arcgis.com/home/index.html,"Ministry of Cities, Environment, Regions and Transport",Public Service Departments,1,2,2,0,2,2,0,0,0,0,0,,
2026-06-30,https://mi.getready.govt.nz/,National Emergency Management Agency,Public Service Departmental Agencies,65,0,0,0,0,0,0,20,20,0,0,,
2026-06-30,https://mineplans.nzpam.govt.nz/,"Ministry of Business, Innovation and Employment",Public Service Departments,1,6,2,4,6,6,0,0,0,0,2,11.476,13.312
2026-06-30,https://minhealthnz.shinyapps.io/national-gambling-study-data-explorer/,Ministry of Health,Public Service Departments,1,0,0,0,0,0,0,0,0,0,2,9.663,12.714
2026-06-30,https://minhealthnz.shinyapps.io/nz-health-survey-2022-23-mental-health-data-explorer/,Ministry of Health,Public Service Departments,2,0,0,0,0,0,0,0,0,0,4,9.845,12.207
2026-06-30,https://minhealthnz.shinyapps.io/nz-health-survey-2024-25-annual-data-explorer/,Ministry of Health,Public Service Departments,2,0,0,0,0,0,0,0,0,0,4,9.229,11.264
2026-06-30,https://minhealthnz.shinyapps.io/WhakamauaDashboard/,Ministry of Health,Public Service Departments,2,99,95,4,99,48,0,0,0,0,0,,
2026-06-30,https://ministrycareers.education.govt.nz,Ministry of Education,Public Service Departments,1,4,4,0,4,4,0,0,0,0,0,,
2026-06-30,https://my.health.nz/,Health New Zealand,Crown Entities - Crown Agents,5,0,0,0,0,0,0,0,0,0,6,9.185,11.63
2026-06-30,https://my.msd.govt.nz/,Ministry of Social Development,Public Service Departments,8,16,16,0,16,16,0,0,0,0,4,8.435,11.341
2026-06-30,https://my.studylink.govt.nz/my/studylink/help/general-info.html,Ministry of Social Development,Public Service Departments,13,52,52,0,52,28,0,13,13,0,0,,
2026-06-30,https://my.studylink.govt.nz/mystudylink/logon.html,Ministry of Social Development,Public Service Departments,1,6,6,0,6,6,0,1,1,0,0,,
2026-06-30,https://my.studylink.govt.nz/mystudylink/logon_mobile.html,Ministry of Social Development,Public Service Departments,1,2,2,0,2,2,0,0,0,0,0,,
2026-06-30,https://mybond.tenancy.govt.nz/,"Ministry of Business, Innovation and Employment",Public Service Departments,2,0,0,0,0,0,0,0,0,0,0,,
2026-06-30,https://natlib.govt.nz/,Department of Internal Affairs,Public Service Departments,300,799,594,205,799,450,0,2,2,0,82,6.823,9.996
2026-06-30,https://natlib.govt.nz/support-us/te-puna-foundation/,Department of Internal Affairs,Public Service Departments,7,28,0,28,28,22,0,0,0,0,12,8.25,11.612
2026-06-30,https://navymuseum.co.nz/,New Zealand Defence Force,Non-Public Service Departments,300,8889,7874,415,8889,942,0,28,28,0,537,7.629,10.642
2026-06-30,https://ncea.education.govt.nz/,Ministry of Education,Public Service Departments,40,52,52,0,52,7,0,6,6,0,48,9.418,12.289
2026-06-30,https://neac.health.govt.nz/,Ministry of Health,Public Service Departments,92,0,0,0,0,0,0,4,4,0,90,12.328,14.697
2026-06-30,https://newzealandcurriculum.tahurangi.education.govt.nz/,Ministry of Education,Public Service Departments,300,2251,1921,330,2251,179,0,298,298,0,0,,
2026-06-30,https://newzealandcurriculum.tahurangi.education.govt.nz/new-zealand-curriculum-online/teaching-support/pathways-and-transitions/5637164076.c,Ministry of Education,Public Service Departments,300,2698,2100,598,2698,19,0,300,300,0,0,,
2026-06-30,https://nu.getready.govt.nz/,National Emergency Management Agency,Public Service Departmental Agencies,60,0,0,0,0,0,0,21,21,0,0,,
2026-06-30,https://nzeta.immigration.govt.nz/,"Ministry of Business, Innovation and Employment",Public Service Departments,1,12,12,0,12,11,0,0,0,0,0,,
2026-06-30,https://nzhistory.govt.nz/,Ministry for Culture and Heritage,Public Service Departments,300,287,283,4,287,229,0,3,3,0,512,7.665,10.748
2026-06-30,https://nzism.gcsb.govt.nz/,Government Communications Security Bureau,Public Service Departments,35,0,0,0,0,0,0,11,11,0,27,11.911,14.257
2026-06-30,https://nzsar-resources.org.nz/,"Ministry of Cities, Environment, Regions and Transport",Public Service Departments,25,136,20,66,136,13,0,22,22,0,6,13.012,14.989
2026-06-30,https://nzsl.getready.govt.nz/,National Emergency Management Agency,Public Service Departmental Agencies,45,0,0,0,0,0,0,1,1,0,70,5.315,8.877
2026-06-30,https://nztcs.org.nz/,Department of Conservation,Public Service Departments,300,1267,482,785,1267,697,0,11,11,0,79,5.797,8.802
2026-06-30,https://oio.linz.govt.nz/,Land Information New Zealand,Public Service Departments,15,0,0,0,0,0,0,2,2,0,10,8.017,11.306
2026-06-30,https://online.immigration.govt.nz/,"Ministry of Business, Innovation and Employment",Public Service Departments,300,0,0,0,0,0,0,0,0,0,0,,
2026-06-30,https://onlineservices.immigration.govt.nz/,"Ministry of Business, Innovation and Employment",Public Service Departments,0,0,0,0,0,0,0,0,0,0,0,,
2026-06-30,https://onzpr.mpi.govt.nz/,Ministry for Primary Industries,Public Service Departments,7,0,0,0,0,0,0,7,7,0,4,11.082,13.452
2026-06-30,https://open-data-mfe.hub.arcgis.com,"Ministry of Cities, Environment, Regions and Transport",Public Service Departments,1,1,1,0,1,1,0,0,0,0,0,,
2026-06-30,https://operationburnham.inquiry.govt.nz/,Department of Internal Affairs,Public Service Departments,84,793,709,84,793,21,0,11,11,0,60,11.528,13.867
2026-06-30,https://order.healthpromotion.govt.nz/,Health New Zealand,Crown Entities - Crown Agents,300,4236,4126,110,4236,443,0,16,16,0,158,7.799,10.885
2026-06-30,https://pa.getready.govt.nz/,National Emergency Management Agency,Public Service Departmental Agencies,60,0,0,0,0,0,0,2,2,0,0,,
2026-06-30,https://paekupu.co.nz/,Ministry of Education,Public Service Departments,300,2091,1852,239,2091,83,0,28,28,0,0,,
2026-06-30,https://paperspast.natlib.govt.nz/,Department of Internal Affairs,Public Service Departments,300,1968,1933,35,1968,253,0,288,288,0,200,6.756,9.366
2026-06-30,https://paymyinfringement.doc.govt.nz/,Department of Conservation,Public Service Departments,1,0,0,0,0,0,0,0,0,0,0,,
2026-06-30,https://permits-licences.doc.govt.nz/,Department of Conservation,Public Service Departments,22,298,288,10,298,52,0,0,0,0,2,3.829,7.746
2026-06-30,https://piersearch.mpi.govt.nz/,Ministry for Primary Industries,Public Service Departments,16,2,2,0,2,2,0,16,16,0,4,9.855,11.89
2026-06-30,https://pikeriver.royalcommission.govt.nz/,Department of Internal Affairs,Public Service Departments,64,130,130,0,130,14,0,64,64,0,30,8.667,11.8
2026-06-30,https://pitau.mbie.govt.nz/,"Ministry of Business, Innovation and Employment",Public Service Departments,2,0,0,0,0,0,0,0,0,0,2,11.254,12.603
2026-06-30,https://pjsp.govt.nz/,Ministry of Justice,Public Service Departments,158,22,22,0,22,6,0,72,72,0,50,9.557,12.2
2026-06-30,https://pld.education.govt.nz/,Ministry of Education,Public Service Departments,81,2,2,0,2,2,0,16,16,0,108,11.121,13.176
2026-06-30,https://pokapuu.education.govt.nz/Security/login/,Ministry of Education,Public Service Departments,1,10,6,2,10,10,0,1,1,0,0,,
2026-06-30,https://poolinspectors.mbie.govt.nz/,"Ministry of Business, Innovation and Employment",Public Service Departments,24,48,48,0,48,2,0,1,1,0,28,9.854,13.155
2026-06-30,https://portal.api.business.govt.nz/,"Ministry of Business, Innovation and Employment",Public Service Departments,6,45,27,18,45,25,0,6,6,0,2,8.832,12.059
2026-06-30,https://portal.apis.stats.govt.nz/,Statistics New Zealand,Public Service Departments,9,36,0,36,36,8,0,0,0,0,6,6.974,10.162
2026-06-30,https://portal.miq.govt.nz/,"Ministry of Business, Innovation and Employment",Public Service Departments,1,0,0,0,0,0,0,0,0,0,0,,
2026-06-30,https://portal.nzcrs.govt.nz/login.aspx,"Ministry of Business, Innovation and Employment",Public Service Departments,2,5,5,0,5,5,0,0,0,0,0,,
2026-06-30,https://portal.temporaryaccommodation.mbie.govt.nz/Temporaryaccommodation/,"Ministry of Business, Innovation and Employment",Public Service Departments,1,2,2,0,2,2,0,0,0,0,0,,
2026-06-30,https://powerupplus.education.govt.nz/,Ministry of Education,Public Service Departments,1,14,12,0,14,14,0,0,0,0,0,,
2026-06-30,https://ppsr.companiesoffice.govt.nz/,"Ministry of Business, Innovation and Employment",Public Service Departments,66,44,12,32,44,10,0,1,1,0,100,7.895,10.767
2026-06-30,https://practice.orangatamariki.govt.nz/,Oranga Tamariki,Public Service Departments,300,24,14,10,24,14,0,28,28,0,374,8.639,11.907
2026-06-30,https://preventfvsv.govt.nz/,Family Violence and Sexual Violence Executive Board,Public Service Interdepartmental Executive Boards,54,0,0,0,0,0,0,54,54,0,74,10.721,13.701
2026-06-30,https://providers.studylink.govt.nz/,Ministry of Social Development,Public Service Departments,84,0,0,0,0,0,0,0,0,0,64,8.097,11.005
2026-06-30,https://providers.youthservice.govt.nz/,Ministry of Social Development,Public Service Departments,151,2,2,0,2,2,0,151,151,0,206,8.255,11.124
2026-06-30,https://providinginformation.nzsis.govt.nz/,New Zealand Security Intelligence Service,Public Service Departments,1,2,2,0,2,2,0,0,0,0,0,,
2026-06-30,https://readingambassador.nz/,Department of Internal Affairs,Public Service Departments,1,0,0,0,0,0,0,1,1,0,0,,
2026-06-30,https://register.charities.govt.nz/CharitiesRegister/Search,Department of Internal Affairs,Public Service Departments,1,30,28,2,30,30,0,0,0,0,2,5.818,10.103
2026-06-30,https://resources.alcohol.org.nz/,Health New Zealand,Crown Entities - Crown Agents,114,132,14,118,132,19,0,0,0,0,66,10.245,13.13
2026-06-30,https://rrf.rsm.govt.nz/ui?state=1,"Ministry of Business, Innovation and Employment",Public Service Departments,1,5,3,2,5,5,0,0,0,0,0,,
2026-06-30,https://rtab.tenancy.govt.nz/tenancybuilder/startscreen,"Ministry of Business, Innovation and Employment",Public Service Departments,1,2,0,2,2,2,0,0,0,0,0,,
2026-06-30,https://school-leavers-toolkit.education.govt.nz/,Ministry of Education,Public Service Departments,73,100,100,0,100,60,0,5,5,0,50,7.273,10.499
2026-06-30,https://sectorsdashboard.mbie.govt.nz/,"Ministry of Business, Innovation and Employment",Public Service Departments,1,6,6,0,6,6,0,0,0,0,0,,
2026-06-30,https://services-exporter-tool.govt.nz/,Ministry of Foreign Affairs and Trade,Public Service Departments,4,6,6,0,6,4,0,4,4,0,0,,
2026-06-30,https://services.workandincome.govt.nz/ua/supplier_registration,Ministry of Social Development,Public Service Departments,2,0,0,0,0,0,0,0,0,0,0,,
2026-06-30,https://sexualviolence.victimsinfo.govt.nz/,Ministry of Justice,Public Service Departments,48,84,84,0,84,26,0,48,48,0,32,8.096,11.282
2026-06-30,https://sft.org.nz/,Ministry of Social Development,Public Service Departments,7,16,10,6,16,16,0,0,0,0,6,7.789,10.838
2026-06-30,https://skillfinder.immigration.govt.nz/,"Ministry of Business, Innovation and Employment",Public Service Departments,1,12,12,0,12,12,0,0,0,0,0,,
2026-06-30,https://sm.getready.govt.nz/,National Emergency Management Agency,Public Service Departmental Agencies,129,0,0,0,0,0,0,26,26,0,0,,
2026-06-30,https://smartstart.services.govt.nz/,Department of Internal Affairs,Public Service Departments,33,383,293,90,383,62,0,22,22,0,16,7.502,10.745
2026-06-30,https://storymaps.arcgis.com/stories/03a5d8c628b9439bbdcbef3e7974c3d6,Te Tari Whakatau,Public Service Departmental Agencies,3,0,0,0,0,0,0,0,0,0,5,6.943,10.387
2026-06-30,https://storymaps.arcgis.com/stories/907003437c504c9e9402420d05d59aeb,Department of Conservation,Public Service Departments,1,3,3,0,3,3,0,0,0,0,2,8.384,10.818
2026-06-30,https://support.api.business.govt.nz/s/,"Ministry of Business, Innovation and Employment",Public Service Departments,22,163,163,0,163,69,0,20,20,0,26,9.376,12.112
2026-06-30,https://takatu.civildefence.govt.nz/,National Emergency Management Agency,Public Service Departmental Agencies,2,4,4,0,4,2,0,0,0,0,0,,
2026-06-30,https://tatai.maori.nz/,Ministry of Health,Public Service Departments,4,0,0,0,0,0,0,0,0,0,2,9.319,12.266
2026-06-30,https://teaho.govt.nz/,Cancer Control Agency,Public Service Departmental Agencies,156,8433,7618,815,8433,1963,0,5,5,0,240,10.04,12.264
2026-06-30,https://teara.govt.nz/,Ministry for Culture and Heritage,Public Service Departments,300,54,32,22,54,51,0,0,0,0,450,7.307,10.151
2026-06-30,https://tehaeata.govt.nz/nau-mai-haere-mai-ki-te-haeata?destination=/kia-ora,Te Puni Kōkiri,Public Service Departments,9,1,1,0,1,1,0,1,1,0,2,7.857,11.024
2026-06-30,https://tehekemai.co.nz/,Ministry of Social Development,Public Service Departments,3,2,2,0,2,2,0,0,0,0,2,8.877,11.44
2026-06-30,https://teic.mbie.govt.nz/,"Ministry of Business, Innovation and Employment",Public Service Departments,121,1420,707,713,1420,223,0,1,1,0,150,10.942,13.587
2026-06-30,https://tekura.courts.govt.nz/,Ministry of Justice,Public Service Departments,7,0,0,0,0,0,0,0,0,0,6,8.259,11.575
2026-06-30,https://tepae.building.govt.nz/,"Ministry of Business, Innovation and Employment",Public Service Departments,4,10,10,0,10,1,0,0,0,0,8,13.407,15.961
2026-06-30,https://terito.govt.nz/,Ministry of Education,Public Service Departments,19,2,0,2,2,2,0,0,0,0,14,7.429,10.901
2026-06-30,https://tetai.nz/,Ministry for Culture and Heritage,Public Service Departments,0,0,0,0,0,0,0,0,0,0,0,,
2026-06-30,https://thehub.sia.govt.nz/,Social Investment Agency,Public Service Departments,300,0,0,0,0,0,0,7,7,0,270,10.17,12.797
2026-06-30,https://theinteryeti.govt.nz/,Department of Internal Affairs,Public Service Departments,1,4,0,2,4,4,0,0,0,0,0,,
2026-06-30,https://tl.getready.govt.nz/,National Emergency Management Agency,Public Service Departmental Agencies,72,0,0,0,0,0,0,14,14,0,0,,
2026-06-30,https://to.getready.govt.nz/,National Emergency Management Agency,Public Service Departmental Agencies,123,0,0,0,0,0,0,13,13,0,0,,
2026-06-30,https://tools.summaries.stats.govt.nz/,Statistics New Zealand,Public Service Departments,209,0,0,0,0,0,0,6,6,0,416,9.709,11.906
2026-06-30,https://tools.tenancy.govt.nz/heating-tool,"Ministry of Business, Innovation and Employment",Public Service Departments,1,0,0,0,0,0,0,0,0,0,0,,
2026-06-30,https://trademeasurement.tradingstandards.govt.nz/,"Ministry of Business, Innovation and Employment",Public Service Departments,164,43,43,0,43,14,0,1,1,0,204,9.937,12.816
2026-06-30,https://tradingstandardsnz.filebound.co.nz/public/search,"Ministry of Business, Innovation and Employment",Public Service Departments,1,9,7,2,9,9,0,0,0,0,0,,
2026-06-30,https://treaties.mfat.govt.nz/,Ministry of Foreign Affairs and Trade,Public Service Departments,6,120,66,42,120,75,0,0,0,0,6,10.02,12.143
2026-06-30,https://tuiaeducation.org.nz/,Ministry of Education,Public Service Departments,15,364,364,0,364,238,0,1,1,0,20,7.175,10.747
2026-06-30,https://utadispute.tenancy.govt.nz/app/Extra/UTA/Default.aspx?sid=639098629766028635,"Ministry of Business, Innovation and Employment",Public Service Departments,1,5,5,0,5,5,0,1,1,0,0,,
2026-06-30,https://vacancies.mfat.govt.nz/,Ministry of Foreign Affairs and Trade,Public Service Departments,1,15,13,2,15,15,0,0,0,0,2,8.282,10.531
2026-06-30,https://victimsinfo.govt.nz/,Ministry of Justice,Public Service Departments,44,0,0,0,0,0,0,44,44,0,8,9.806,12.261
2026-06-30,https://vietnamwar.govt.nz/,Ministry for Culture and Heritage,Public Service Departments,300,0,0,0,0,0,0,3,3,0,120,8.456,11.472
2026-06-30,https://waivermodsform.building.govt.nz/,"Ministry of Business, Innovation and Employment",Public Service Departments,1,4,2,2,4,4,0,1,1,0,0,,
2026-06-30,https://wastelevy.govt.nz/,"Ministry of Cities, Environment, Regions and Transport",Public Service Departments,6,9,9,0,9,8,0,0,0,0,4,8.34,11.582
2026-06-30,https://webarchive.natlib.govt.nz/,Department of Internal Affairs,Public Service Departments,6,80,77,3,80,42,0,1,1,0,6,8.784,11.84
2026-06-30,https://webrear.mbie.govt.nz/summary/new-zealand,"Ministry of Business, Innovation and Employment",Public Service Departments,1,13,11,2,13,13,0,0,0,0,0,,
2026-06-30,https://whakatau.govt.nz/,Te Tari Whakatau,Public Service Departmental Agencies,223,12,12,0,12,12,0,97,97,0,246,9.095,12.306
2026-06-30,https://wheturangitia.services.govt.nz/,Department of Internal Affairs,Public Service Departments,48,922,888,34,922,272,0,2,2,0,85,9.711,12.345
2026-06-30,https://workforce.education.govt.nz,Ministry of Education,Public Service Departments,63,219,219,0,219,157,0,0,0,0,83,8.405,11.312
2026-06-30,https://workplacerepository.mbie.govt.nz/,"Ministry of Business, Innovation and Employment",Public Service Departments,6,0,0,0,0,0,0,4,4,0,4,11.504,14.355
2026-06-30,https://wpb.business.govt.nz/workplacepolicybuilder/startscreen,"Ministry of Business, Innovation and Employment",Public Service Departments,1,2,0,2,2,2,0,0,0,0,0,,
2026-06-30,https://www.7726.govt.nz/,Department of Internal Affairs,Public Service Departments,6,16,16,0,16,6,0,0,0,0,0,,
2026-06-30,https://www.abuseincare.org.nz/,Department of Internal Affairs,Public Service Departments,300,2301,1387,914,2301,110,0,2,2,0,362,8.629,10.961
2026-06-30,https://www.abuseincaretopups.govt.nz/,Ministry of Social Development,Public Service Departments,6,2,2,0,2,2,0,0,0,0,6,10.021,12.35
2026-06-30,https://www.abuseinquiryresponse.govt.nz/,Public Service Commission,Public Service Departments,137,0,0,0,0,0,0,36,36,0,160,9.381,12.299
2026-06-30,https://www.alcohol.org.nz/,Health New Zealand,Crown Entities - Crown Agents,98,108,10,98,108,11,0,1,1,0,124,5.93,8.349
2026-06-30,https://www.archives.govt.nz/,Department of Internal Affairs,Public Service Departments,300,2407,1519,888,2407,217,0,0,0,0,394,8.931,11.672
2026-06-30,https://www.areyouok.org.nz/,Ministry of Social Development,Public Service Departments,300,260,100,160,260,145,0,0,0,0,314,8.056,10.905
2026-06-30,https://www.armymuseum.co.nz/,New Zealand Defence Force,Non-Public Service Departments,174,5784,5366,418,5784,1293,0,0,0,0,218,9.996,12.046
2026-06-30,https://www.ata.govt.nz/web/cms_ata.nsf/,Department of Internal Affairs,Public Service Departments,62,360,236,124,360,10,0,62,62,0,0,,
2026-06-30,https://www.beehive.govt.nz/,Department of Internal Affairs,Public Service Departments,300,2345,1737,608,2345,360,0,5,5,0,490,10.464,12.739
2026-06-30,https://www.betterrules.govt.nz/,"Ministry of Business, Innovation and Employment",Public Service Departments,6,16,16,0,16,8,0,0,0,0,6,11.359,13.723
2026-06-30,https://www.bionet.nz/,Ministry for Primary Industries,Public Service Departments,60,6,6,0,6,6,0,5,5,0,58,7.777,10.991
2026-06-30,https://www.boardappointments.co.nz/,The Treasury,Public Service Departments,17,0,0,0,0,0,0,4,4,0,18,9.988,13.28
2026-06-30,https://www.building.govt.nz/,"Ministry of Business, Innovation and Employment",Public Service Departments,300,3692,684,3008,3692,76,0,16,16,0,492,9.482,12.048
2026-06-30,https://www.business.govt.nz/,"Ministry of Business, Innovation and Employment",Public Service Departments,294,284,284,0,284,13,0,6,6,0,374,7.166,10.482
2026-06-30,https://www.cadetnet.org.nz/,New Zealand Defence Force,Non-Public Service Departments,0,0,0,0,0,0,0,0,0,0,0,,
2026-06-30,https://www.canibuildit.govt.nz/,"Ministry of Business, Innovation and Employment",Public Service Departments,41,0,0,0,0,0,0,0,0,0,44,8.044,10.796
2026-06-30,https://www.canopy.govt.nz/,Ministry for Primary Industries,Public Service Departments,300,60,60,0,60,6,0,0,0,0,192,6.966,10.081
2026-06-30,https://www.changeispossible.org.nz/,Ministry of Social Development,Public Service Departments,27,44,22,22,44,4,0,0,0,0,24,7.752,10.348
2026-06-30,https://www.charities.govt.nz/,Department of Internal Affairs,Public Service Departments,300,4080,2512,968,4080,588,0,0,0,0,346,10.341,13.593
2026-06-30,https://www.charterschools.govt.nz/,Charter School Agency,Public Service Departmental Agencies,61,120,120,0,120,4,0,3,3,0,70,7.922,11.084
2026-06-30,https://www.childrensday.org.nz/,Oranga Tamariki,Public Service Departments,4,0,0,0,0,0,0,0,0,0,6,5.272,9.068
2026-06-30,https://www.chra.hud.govt.nz/,"Ministry of Cities, Environment, Regions and Transport",Public Service Departments,40,65,65,0,65,5,0,40,40,0,38,11.294,13.773
2026-06-30,https://www.christchurchappealtrust.org.nz,Department of Internal Affairs,Public Service Departments,25,576,526,50,576,183,0,25,25,0,38,9.415,12.22
2026-06-30,https://www.civildefence.govt.nz/,National Emergency Management Agency,Public Service Departmental Agencies,300,34,34,0,34,34,0,0,0,0,330,10.808,13.301
2026-06-30,https://www.communitymatters.govt.nz/,Department of Internal Affairs,Public Service Departments,300,4932,3546,786,4932,670,0,300,300,0,140,9.296,12.121
2026-06-30,https://www.companies.gov.nu/,"Ministry of Business, Innovation and Employment",Public Service Departments,13,0,0,0,0,0,0,0,0,0,18,8.487,12.336
2026-06-30,https://www.companiesoffice.govt.nz/,"Ministry of Business, Innovation and Employment",Public Service Departments,89,74,62,12,74,8,0,2,2,0,80,9.46,12.519
2026-06-30,https://www.companiesoffice.govt.nz/all-registers/approved-overseas-auditors-and-associations-of-accountants/,"Ministry of Business, Innovation and Employment",Public Service Departments,2,0,0,0,0,0,0,0,0,0,2,6.931,10.38
2026-06-30,https://www.companiesoffice.govt.nz/all-registers/auditors/,"Ministry of Business, Innovation and Employment",Public Service Departments,4,0,0,0,0,0,0,0,0,0,6,11.463,14.481
2026-06-30,https://www.companiesoffice.govt.nz/all-registers/building-societies/,"Ministry of Business, Innovation and Employment",Public Service Departments,11,0,0,0,0,0,0,0,0,0,10,6.966,9.995
2026-06-30,https://www.companiesoffice.govt.nz/all-registers/contributory-mortgage-brokers/,"Ministry of Business, Innovation and Employment",Public Service Departments,3,0,0,0,0,0,0,0,0,0,2,7.724,10.524
2026-06-30,https://www.companiesoffice.govt.nz/all-registers/credit-unions/,"Ministry of Business, Innovation and Employment",Public Service Departments,15,2,0,2,2,2,0,0,0,0,18,7.152,10.014
2026-06-30,https://www.companiesoffice.govt.nz/all-registers/friendly-societies/,"Ministry of Business, Innovation and Employment",Public Service Departments,3,0,0,0,0,0,0,0,0,0,2,7.562,10.839
2026-06-30,https://www.companiesoffice.govt.nz/all-registers/industrial-and-provident-societies/,"Ministry of Business, Innovation and Employment",Public Service Departments,13,0,0,0,0,0,0,1,1,0,18,9.518,12.537
2026-06-30,https://www.companiesoffice.govt.nz/all-registers/insolvency-practitioners/,"Ministry of Business, Innovation and Employment",Public Service Departments,0,0,0,0,0,0,0,0,0,0,0,,
2026-06-30,https://www.companiesoffice.govt.nz/all-registers/overseas-issuers/,"Ministry of Business, Innovation and Employment",Public Service Departments,6,0,0,0,0,0,0,0,0,0,6,11.318,14.599
2026-06-30,https://www.companiesoffice.govt.nz/all-registers/participatory-securities/,"Ministry of Business, Innovation and Employment",Public Service Departments,1,0,0,0,0,0,0,0,0,0,0,,
2026-06-30,https://www.companiesoffice.govt.nz/all-registers/registered-unions/,"Ministry of Business, Innovation and Employment",Public Service Departments,0,0,0,0,0,0,0,0,0,0,0,,
2026-06-30,https://www.companiesoffice.govt.nz/all-registers/retirement-villages/,"Ministry of Business, Innovation and Employment",Public Service Departments,38,2,0,2,2,2,0,0,0,0,48,8.246,11.317
2026-06-30,https://www.companiesoffice.govt.nz/all-registers/superannuation-schemes/,"Ministry of Business, Innovation and Employment",Public Service Departments,1,0,0,0,0,0,0,0,0,0,0,,
2026-06-30,https://www.companiesoffice.govt.nz/all-registers/unit-trusts/,"Ministry of Business, Innovation and Employment",Public Service Departments,1,0,0,0,0,0,0,0,0,0,0,,
2026-06-30,https://www.connect.co.nz/,Ministry of Social Development,Public Service Departments,4,7,7,0,7,5,0,2,2,0,4,8.137,10.989
2026-06-30,https://www.consumerprotection.govt.nz/,"Ministry of Business, Innovation and Employment",Public Service Departments,300,983,861,122,983,459,0,56,56,0,280,7.326,10.518
2026-06-30,https://www.corrections.govt.nz/,Department of Corrections,Public Service Departments,300,208,185,23,208,124,0,300,300,0,334,11.388,13.79
2026-06-30,https://www.courtsofnz.govt.nz/,Ministry of Justice,Public Service Departments,300,227,219,8,227,106,0,4,4,0,282,9.618,12.27
2026-06-30,https://www.covid19lessons.royalcommission.nz/,Department of Internal Affairs,Public Service Departments,300,423,413,10,423,89,0,18,18,0,478,11.503,13.591
2026-06-30,https://www.crownlaw.govt.nz/,Crown Law Office,Public Service Departments,85,6468,6298,0,6468,1780,0,0,0,0,134,10.996,13.489
2026-06-30,https://www.customs.govt.nz/,New Zealand Customs Service,Public Service Departments,300,1538,1522,16,1538,37,0,8,8,0,310,9.058,11.737
2026-06-30,https://www.defence.govt.nz/,Ministry of Defence,Public Service Departments,159,0,0,0,0,0,0,4,4,0,234,11.425,13.772
2026-06-30,https://www.defencecareers.mil.nz/,New Zealand Defence Force,Non-Public Service Departments,300,2715,2715,0,2715,370,0,167,167,0,466,8.459,11.4
2026-06-30,https://www.depression.org.nz,Health New Zealand,Crown Entities - Crown Agents,51,60,14,46,60,8,0,2,2,0,78,7.53,10.077
2026-06-30,https://www.dia.govt.nz/,Department of Internal Affairs,Public Service Departments,300,2242,2188,54,2242,556,0,300,300,0,154,10.183,13.074
2026-06-30,https://www.digital.govt.nz/,Public Service Commission,Public Service Departments,300,2,2,0,2,2,0,3,3,0,292,9.7,12.719
2026-06-30,https://www.digitalpassport.co.nz/,Ministry of Social Development,Public Service Departments,13,9,9,0,9,1,0,1,1,0,24,9.01,12.002
2026-06-30,https://www.disabilitysupport.govt.nz/,Ministry of Social Development,Public Service Departments,286,16,16,0,16,16,0,0,0,0,330,9.895,12.653
2026-06-30,https://www.disputestribunal.govt.nz/,Ministry of Justice,Public Service Departments,25,0,0,0,0,0,0,25,25,0,22,5.078,8.842
2026-06-30,https://www.districtcourts.govt.nz/,Ministry of Justice,Public Service Departments,300,44,44,0,44,24,0,6,6,0,414,10.858,13.099
2026-06-30,https://www.doc.govt.nz/,Department of Conservation,Public Service Departments,300,255,200,55,255,87,0,286,286,0,241,7.259,10.236
2026-06-30,https://www.dpmc.govt.nz/,Department of the Prime Minister and Cabinet,Public Service Departments,300,2113,2111,2,2113,705,0,35,35,0,350,11.685,14.33
2026-06-30,https://www.education.govt.nz/,Ministry of Education,Public Service Departments,300,64,64,0,64,29,0,0,0,0,340,7.942,11.16
2026-06-30,https://www.educationcounts.govt.nz/home,Ministry of Education,Public Service Departments,300,9152,5207,3945,9152,883,0,25,25,0,328,11.29,13.482
2026-06-30,https://www.einvoicing.govt.nz/,"Ministry of Business, Innovation and Employment",Public Service Departments,122,152,152,0,152,35,0,2,2,0,170,9.112,12.254
2026-06-30,https://www.employment.govt.nz/,"Ministry of Business, Innovation and Employment",Public Service Departments,300,51,49,2,51,49,0,2,2,0,520,9.62,13.025
2026-06-30,https://www.employmentcourt.govt.nz/,Ministry of Justice,Public Service Departments,85,7,7,0,7,7,0,85,85,0,124,16.149,16.033
2026-06-30,https://www.environmentcourt.govt.nz/,Ministry of Justice,Public Service Departments,77,18,18,0,18,18,0,77,77,0,38,8.58,11.652
2026-06-30,https://www.era.govt.nz/,"Ministry of Business, Innovation and Employment",Public Service Departments,31,0,0,0,0,0,0,1,1,0,26,8.947,11.888
2026-06-30,https://www.ero.govt.nz/,Education Review Office,Public Service Departments,300,14,12,2,14,4,0,10,10,0,587,10.313,12.284
2026-06-30,https://www.ethniccommunities.govt.nz/,Ministry for Ethnic Communities,Public Service Departmental Agencies,300,30,30,0,30,14,0,300,300,0,250,7.615,9.122
2026-06-30,https://www.evidence.ero.govt.nz/,Education Review Office,Public Service Departments,300,776,258,518,776,578,0,0,0,0,448,9.093,11.35
2026-06-30,https://www.ewrb.govt.nz/,"Ministry of Business, Innovation and Employment",Public Service Departments,300,37,27,10,37,7,0,4,4,0,432,9.91,12.693
2026-06-30,https://www.familyservices.govt.nz/directory/,Ministry of Social Development,Public Service Departments,300,8,4,4,8,6,0,0,0,0,0,,
2026-06-30,https://www.fma.govt.nz/,Financial Markets Authority,Crown Entities - Independent Crown Entities,300,1501,1455,46,1501,307,0,3,3,0,468,10.413,13.217
2026-06-30,https://www.fmg.org.nz/,"Ministry of Cities, Environment, Regions and Transport",Public Service Departments,77,1697,1697,0,1697,357,0,28,28,0,92,10.359,13.025
2026-06-30,https://www.formbuilder.govt.nz/,"Ministry of Business, Innovation and Employment",Public Service Departments,86,211,211,0,211,34,0,2,2,0,126,8.892,11.679
2026-06-30,https://www.gamblingaotearoa.govt.nz/,Department of Internal Affairs,Public Service Departments,2,28,22,6,28,20,0,0,0,0,2,8.38,12.139
2026-06-30,https://www.gamblingcommission.govt.nz/,Department of Internal Affairs,Public Service Departments,83,1155,74,915,1155,72,0,24,24,0,35,8.026,11.726
2026-06-30,https://www.gcsb.govt.nz/,Government Communications Security Bureau,Public Service Departments,186,0,0,0,0,0,0,38,38,0,226,12.92,14.846
2026-06-30,https://www.gets.govt.nz/ExternalIndex.htm,"Ministry of Business, Innovation and Employment",Public Service Departments,300,9824,8523,1301,9824,3232,0,250,250,0,0,,
2026-06-30,https://www.govt.nz/,Public Service Commission,Public Service Departments,300,2,0,2,2,2,0,4,4,0,148,6.672,10.477
2026-06-30,https://www.gpo.govt.nz/,"Ministry of Business, Innovation and Employment",Public Service Departments,50,67,13,54,67,18,0,8,8,0,72,9.283,12.338
2026-06-30,https://www.groundrules.mpi.govt.nz/,Ministry for Primary Industries,Public Service Departments,268,109,109,0,109,12,0,251,251,0,48,9.45,12.262
2026-06-30,https://www.growregions.govt.nz/,"Ministry of Business, Innovation and Employment",Public Service Departments,268,643,114,529,643,36,0,85,85,0,424,10.674,13.028
2026-06-30,https://www.hcn.govt.nz/,Oranga Tamariki,Public Service Departments,6,0,0,0,0,0,0,6,6,0,6,8.276,11.541
2026-06-30,https://www.health.govt.nz/,Ministry of Health,Public Service Departments,300,0,0,0,0,0,0,0,0,0,486,8.395,11.555
2026-06-30,https://www.healthandsafety.govt.nz,Ministry for Primary Industries,Public Service Departments,222,2512,2484,28,2512,881,0,28,28,0,146,10.506,13.017
2026-06-30,https://www.healthnz.govt.nz/,Health New Zealand,Crown Entities - Crown Agents,300,1043,1022,21,1043,997,0,33,33,0,304,7.033,10.309
2026-06-30,https://www.heartlandservices.govt.nz/,Ministry of Social Development,Public Service Departments,47,4,4,0,4,2,0,0,0,0,8,8.143,11.012
2026-06-30,https://www.hud.govt.nz/,"Ministry of Cities, Environment, Regions and Transport",Public Service Departments,300,113,113,0,113,2,0,33,33,0,362,10.347,12.709
2026-06-30,https://www.iaa.govt.nz/,"Ministry of Business, Innovation and Employment",Public Service Departments,300,309,309,0,309,17,0,13,13,0,496,10.66,13.314
2026-06-30,https://www.immigration.govt.nz/,"Ministry of Business, Innovation and Employment",Public Service Departments,300,127,85,28,127,42,0,21,21,0,389,8.324,11.275
2026-06-30,https://www.immigration.govt.nz/opsmanual/,"Ministry of Business, Innovation and Employment",Public Service Departments,1,65,23,42,65,31,0,1,1,0,0,,
2026-06-30,https://www.insolvency.govt.nz/,"Ministry of Business, Innovation and Employment",Public Service Departments,128,0,0,0,0,0,0,128,128,0,170,8.556,11.622
2026-06-30,https://www.iponz.govt.nz/,"Ministry of Business, Innovation and Employment",Public Service Departments,300,1609,1607,2,1609,350,0,12,12,0,390,9.457,12.287
2026-06-30,https://www.ird.govt.nz/,Inland Revenue Department,Public Service Departments,300,41,31,10,41,39,0,53,53,0,194,7.297,10.672
2026-06-30,https://www.justice.govt.nz/,Ministry of Justice,Public Service Departments,300,77,65,12,77,43,0,300,300,0,370,8.724,11.796
2026-06-30,https://www.kauriprotection.co.nz/,Ministry for Primary Industries,Public Service Departments,300,32,32,0,32,6,0,0,0,0,130,8.856,11.828
2026-06-30,https://www.keepitrealonline.govt.nz/,Department of Internal Affairs,Public Service Departments,300,1966,1966,0,1966,511,0,38,38,0,380,7.291,10.487
2026-06-30,https://www.knowledgehub.transport.govt.nz/,"Ministry of Cities, Environment, Regions and Transport",Public Service Departments,7,0,0,0,0,0,0,1,1,0,6,10.864,13.465
2026-06-30,https://www.lbp.govt.nz/,"Ministry of Business, Innovation and Employment",Public Service Departments,300,27,27,0,27,9,0,8,8,0,448,8.742,11.614
2026-06-30,https://www.ldac.org.nz/,Parliamentary Counsel Office,Non-Public Service Departments,0,0,0,0,0,0,0,0,0,0,0,,
2026-06-30,https://www.ldc.govt.nz/,Public Service Commission,Public Service Departments,300,52,52,0,52,11,0,53,53,0,206,9.773,12.402
2026-06-30,https://www.legislation.govt.nz/,Parliamentary Counsel Office,Non-Public Service Departments,3,0,0,0,0,0,0,2,2,0,6,7.071,10.808
2026-06-30,https://www.lgc.govt.nz/,Department of Internal Affairs,Public Service Departments,243,229,124,105,229,25,0,18,18,0,248,11.211,13.732
2026-06-30,https://www.linz.govt.nz/,Land Information New Zealand,Public Service Departments,300,5,4,1,5,3,0,0,0,0,238,9.617,12.526
2026-06-30,https://www.lovebetter.org.nz/,Ministry of Social Development,Public Service Departments,169,30,30,0,30,10,0,0,0,0,158,9.157,10.804
2026-06-30,https://www.majorevents.govt.nz/,"Ministry of Business, Innovation and Employment",Public Service Departments,72,214,214,0,214,21,0,1,1,0,96,8.319,11.308
2026-06-30,https://www.maliat.govt.nz/,"Ministry of Cities, Environment, Regions and Transport",Public Service Departments,10,61,21,40,61,7,0,0,0,0,6,14.789,16.57
2026-06-30,https://www.marketplace.govt.nz/,Public Service Commission,Public Service Departments,108,162,59,103,162,12,0,106,106,0,66,10.085,13.008
2026-06-30,https://www.mbie.govt.nz/,"Ministry of Business, Innovation and Employment",Public Service Departments,300,312,312,0,312,129,0,13,13,0,412,10.349,13.038
2026-06-30,https://www.mbieinformationresources.com/,"Ministry of Business, Innovation and Employment",Public Service Departments,3,75,50,25,75,53,0,0,0,0,0,,
2026-06-30,https://www.mch.govt.nz/,Ministry for Culture and Heritage,Public Service Departments,300,21,21,0,21,12,0,1,1,0,350,8.916,11.91
2026-06-30,https://www.mch.govt.nz/our-work/memorials-and-commemorations/oi-manawa-canterbury-earthquake-national-memorial,Ministry for Culture and Heritage,Public Service Departments,2,0,0,0,0,0,0,0,0,0,4,8.555,11.441
2026-06-30,https://www.medsafe.govt.nz/,Ministry of Health,Public Service Departments,300,68,46,22,68,46,0,294,294,0,292,10.869,13.272
2026-06-30,https://www.mfat.govt.nz/,Ministry of Foreign Affairs and Trade,Public Service Departments,300,99,97,2,99,47,0,0,0,0,364,10.118,12.65
2026-06-30,https://www.moneymanagementsuppliers.workandincome.govt.nz/,Ministry of Social Development,Public Service Departments,1,0,0,0,0,0,0,0,0,0,2,3.275,7.934
2026-06-30,https://www.motortraders.govt.nz/,"Ministry of Business, Innovation and Employment",Public Service Departments,96,22,18,4,22,8,0,1,1,0,134,10.177,13.039
2026-06-30,https://www.mpi.govt.nz/,Ministry for Primary Industries,Public Service Departments,300,45,42,3,45,35,0,16,16,0,227,7.719,10.932
2026-06-30,https://www.mpp.govt.nz/,Ministry for Pacific Peoples,Public Service Departments,300,3514,2014,1500,3514,388,0,6,6,0,350,11.857,14.072
2026-06-30,https://www.msd.govt.nz/,Ministry of Social Development,Public Service Departments,300,247,244,3,247,5,0,2,2,0,310,10.396,12.974
2026-06-30,https://www.myd.govt.nz/,Ministry of Social Development,Public Service Departments,234,37,37,0,37,35,0,0,0,0,148,9.95,12.253
2026-06-30,https://www.myrtlerust.org.nz/,Ministry for Primary Industries,Public Service Departments,58,318,318,0,318,156,0,17,17,0,84,8.105,10.957
2026-06-30,https://www.naeac.org.nz/,Ministry for Primary Industries,Public Service Departments,15,8,8,0,8,2,0,0,0,0,18,10.332,13.298
2026-06-30,https://www.naturalhazards.govt.nz/,Natural Hazards Commission,Crown Entities - Crown Agents,300,51,51,0,51,48,0,2,2,0,222,10.476,12.813
2026-06-30,https://www.naturalhazardsportal.govt.nz/,Natural Hazards Commission,Crown Entities - Crown Agents,26,0,0,0,0,0,0,0,0,0,38,8.958,11.32
2026-06-30,https://www.nawac.org.nz/,Ministry for Primary Industries,Public Service Departments,21,13,13,0,13,1,0,0,0,0,22,10.95,13.074
2026-06-30,https://www.ncsc.govt.nz/,Government Communications Security Bureau,Public Service Departments,300,52,30,22,52,48,0,0,0,0,472,9.5,12.208
2026-06-30,https://www.newcops.govt.nz/,New Zealand Police,Non-Public Service Departments,74,22,0,22,22,1,0,16,16,0,68,8.041,11.097
2026-06-30,https://www.nokuteao.org.nz/,Health New Zealand,Crown Entities - Crown Agents,59,48,38,10,48,46,0,5,5,0,46,9.488,11.669
2026-06-30,https://www.nzbn.govt.nz/,"Ministry of Business, Innovation and Employment",Public Service Departments,46,2,2,0,2,2,0,0,0,0,51,7.623,10.881
2026-06-30,https://www.nzcrs.govt.nz/,"Ministry of Business, Innovation and Employment",Public Service Departments,95,0,0,0,0,0,0,2,2,0,144,9.872,12.795
2026-06-30,https://www.nzdf.mil.nz/force4families/,New Zealand Defence Force,Non-Public Service Departments,203,145,133,12,145,121,0,8,8,0,62,7.926,10.867
2026-06-30,https://www.nzdf.mil.nz/nzdf/,New Zealand Defence Force,Non-Public Service Departments,110,249,249,0,249,155,0,27,27,0,112,11.656,13.74
2026-06-30,https://www.nzic.govt.nz/,Government Communications Security Bureau,Public Service Departments,3,0,0,0,0,0,0,0,0,0,4,9.835,12.697
2026-06-30,https://www.nzpam.govt.nz/,"Ministry of Business, Innovation and Employment",Public Service Departments,299,207,207,0,207,140,0,299,299,0,368,9.832,12.833
2026-06-30,https://www.nzrelay.co.nz/,"Ministry of Business, Innovation and Employment",Public Service Departments,27,471,253,218,471,385,0,0,0,0,22,7.263,10.359
2026-06-30,https://www.nzsar.govt.nz/,"Ministry of Cities, Environment, Regions and Transport",Public Service Departments,289,1364,498,298,1364,229,0,284,284,0,244,9.77,12.171
2026-06-30,https://www.nzsis.govt.nz/,New Zealand Security Intelligence Service,Public Service Departments,187,0,0,0,0,0,0,28,28,0,212,12.274,14.228
2026-06-30,https://www.nzsl.govt.nz/,Whaikaha,Public Service Departments,275,28,28,0,28,28,0,0,0,0,340,10.18,12.702
2026-06-30,https://www.officeforseniors.govt.nz/,Ministry of Social Development,Public Service Departments,141,13,13,0,13,7,0,0,0,0,124,9.131,11.693
2026-06-30,https://www.orangatamariki.govt.nz/,Oranga Tamariki,Public Service Departments,300,168,104,64,168,139,0,300,300,0,428,8.237,11.01
2026-06-30,https://www.orangatamarikiactionplan.govt.nz/,Oranga Tamariki,Public Service Departments,26,0,0,0,0,0,0,26,26,0,34,9.603,12.282
2026-06-30,https://www.ownyouronline.govt.nz/,Government Communications Security Bureau,Public Service Departments,199,5,5,0,5,3,0,13,13,0,240,7.662,10.449
2026-06-30,https://www.paroleboard.govt.nz/,Department of Corrections,Public Service Departments,300,316,312,4,316,13,0,1,1,0,466,8.691,11.465
2026-06-30,https://www.pasefikaproud.co.nz/,Ministry of Social Development,Public Service Departments,162,2,2,0,2,2,0,0,0,0,136,11.551,14.14
2026-06-30,https://www.passports.govt.nz/,Department of Internal Affairs,Public Service Departments,31,47,43,4,47,12,0,8,8,0,14,6.791,9.81
2026-06-30,https://www.pco.govt.nz/,Parliamentary Counsel Office,Non-Public Service Departments,300,3747,328,3419,3747,329,0,13,13,0,384,10.674,13.394
2026-06-30,https://www.pds.govt.nz/,Ministry of Justice,Public Service Departments,9,1,1,0,1,1,0,9,9,0,10,7.427,10.062
2026-06-30,https://www.police.govt.nz/,New Zealand Police,Non-Public Service Departments,4,9,5,4,9,7,0,1,1,0,3,6.356,9.352
2026-06-30,https://www.procurement.govt.nz/,"Ministry of Business, Innovation and Employment",Public Service Departments,300,985,525,460,985,297,0,26,26,0,394,9.438,12.497
2026-06-30,https://www.productsafety.govt.nz/,"Ministry of Business, Innovation and Employment",Public Service Departments,300,2553,778,1775,2553,1795,0,7,7,0,172,7.673,10.59
2026-06-30,https://www.protectivesecurity.govt.nz/,New Zealand Security Intelligence Service,Public Service Departments,65,0,0,0,0,0,0,17,17,0,102,11.558,14.101
2026-06-30,https://www.publicservice.govt.nz/,Public Service Commission,Public Service Departments,300,13,13,0,13,10,0,0,0,0,464,10.963,13.441
2026-06-30,https://www.publicservicefale.govt.nz/,Public Service Commission,Public Service Departments,28,6,6,0,6,4,0,0,0,0,38,13.462,15.113
2026-06-30,https://www.qualityplanning.org.nz/,"Ministry of Cities, Environment, Regions and Transport",Public Service Departments,300,1016,1016,0,1016,400,0,0,0,0,410,12.79,14.903
2026-06-30,https://www.rdti.govt.nz/,"Ministry of Business, Innovation and Employment",Public Service Departments,49,0,0,0,0,0,0,0,0,0,66,9.461,12.494
2026-06-30,https://www.realme.govt.nz/,Department of Internal Affairs,Public Service Departments,48,56,56,0,56,10,0,0,0,0,22,9.576,12.352
2026-06-30,https://www.redress.govt.nz/,Public Service Commission,Public Service Departments,10,0,0,0,0,0,0,0,0,0,14,9.879,12.638
2026-06-30,https://www.regulation.govt.nz/,Ministry for Regulation,Public Service Departments,300,36,36,0,36,20,0,0,0,0,134,11.096,13.477
2026-06-30,https://www.remauthority.govt.nz/,"Ministry of Business, Innovation and Employment",Public Service Departments,43,3,3,0,3,1,0,1,1,0,50,12.337,14.503
2026-06-30,https://www.reportspam.co.nz/,Department of Internal Affairs,Public Service Departments,3,9,3,0,9,3,0,3,3,0,4,9.273,11.461
2026-06-30,https://www.rsm.govt.nz/,"Ministry of Business, Innovation and Employment",Public Service Departments,300,91,91,0,91,55,0,0,0,0,267,9.092,12.311
2026-06-30,https://www.safergambling.org.nz/,Health New Zealand,Crown Entities - Crown Agents,26,10,10,0,10,10,0,0,0,0,38,6.887,10.158
2026-06-30,https://www.safetotalk.nz/,Ministry of Social Development,Public Service Departments,22,515,385,130,515,25,0,0,0,0,24,7.158,10.334
2026-06-30,https://www.safetravel.govt.nz/,Ministry of Foreign Affairs and Trade,Public Service Departments,300,44,26,18,44,30,0,35,35,0,287,7.802,10.903
2026-06-30,https://www.sfo.govt.nz/,Serious Fraud Office,Public Service Departments,235,34,34,0,34,34,0,0,0,0,250,10.138,12.356
2026-06-30,https://www.sia.govt.nz/,Social Investment Agency,Public Service Departments,300,4,4,0,4,4,0,83,83,0,278,8.122,11.059
2026-06-30,https://www.smallsteps.org.nz/,Health New Zealand,Crown Entities - Crown Agents,29,446,432,14,446,96,0,2,2,0,42,5.345,9.253
2026-06-30,https://www.smokefree.org.nz/,Health New Zealand,Crown Entities - Crown Agents,97,91,35,56,91,73,0,0,0,0,94,6.216,9.744
2026-06-30,https://www.standards.govt.nz/,"Ministry of Business, Innovation and Employment",Public Service Departments,300,277,205,72,277,132,0,48,48,0,326,10.903,13.297
2026-06-30,https://www.stats.govt.nz,Statistics New Zealand,Public Service Departments,300,104,104,0,104,62,0,0,0,0,468,8.102,10.949
2026-06-30,https://www.strengtheningfamilies.govt.nz/,Oranga Tamariki,Public Service Departments,17,0,0,0,0,0,0,17,17,0,16,8.311,11.821
2026-06-30,https://www.studylink.govt.nz/,Ministry of Social Development,Public Service Departments,283,6,6,0,6,6,0,280,280,0,132,5.543,8.843
2026-06-30,https://www.stv.govt.nz/index.shtml,Department of Internal Affairs,Public Service Departments,13,34,32,2,34,6,0,0,0,0,14,7.161,10.977
2026-06-30,https://www.supergold.govt.nz/,Ministry of Social Development,Public Service Departments,300,2058,1400,60,2058,337,0,18,18,0,58,7.375,10.419
2026-06-30,https://www.supportmydecisions.nz/,Whaikaha,Public Service Departments,26,1,1,0,1,1,0,0,0,0,32,6.607,10.118
2026-06-30,https://www.survivorexperiences.govt.nz/,Department of Internal Affairs,Public Service Departments,38,260,156,104,260,258,0,38,38,0,64,8.511,10.792
2026-06-30,https://www.tariff-finder.govt.nz/,Ministry of Foreign Affairs and Trade,Public Service Departments,3,279,273,0,279,141,0,3,3,0,0,,
2026-06-30,https://www.tas.mbie.govt.nz/,"Ministry of Business, Innovation and Employment",Public Service Departments,16,4,4,0,4,4,0,3,3,0,26,9.839,12.578
2026-06-30,https://www.taxpolicy.ird.govt.nz/,Inland Revenue Department,Public Service Departments,236,18,18,0,18,11,0,0,0,0,204,10.853,13.455
2026-06-30,https://www.taxtechnical.ird.govt.nz/,Inland Revenue Department,Public Service Departments,126,12,12,0,12,8,0,0,0,0,86,11.11,13.401
2026-06-30,https://www.tehaorangahau.msd.govt.nz/,Ministry of Social Development,Public Service Departments,300,2,2,0,2,2,0,0,0,0,176,9.692,12.653
2026-06-30,https://www.tenancy.govt.nz/,"Ministry of Business, Innovation and Employment",Public Service Departments,300,16,16,0,16,13,0,0,0,0,272,7.741,10.896
2026-06-30,https://www.tki.org.nz/,Ministry of Education,Public Service Departments,300,330,330,0,330,164,0,144,144,0,90,8.879,11.836
2026-06-30,https://www.tkm.govt.nz/,Te Puni Kōkiri,Public Service Departments,1,0,0,0,0,0,0,0,0,0,0,,
2026-06-30,https://www.tools.business.govt.nz/boost/,"Ministry of Business, Innovation and Employment",Public Service Departments,2,6,2,4,6,4,0,0,0,0,0,,
2026-06-30,https://www.tools.business.govt.nz/cashflow-forecaster/,"Ministry of Business, Innovation and Employment",Public Service Departments,1,6,0,6,6,6,0,0,0,0,0,,
2026-06-30,https://www.tools.business.govt.nz/climate/,"Ministry of Business, Innovation and Employment",Public Service Departments,3,39,23,16,39,33,0,0,0,0,0,,
2026-06-30,https://www.tools.business.govt.nz/do-business-online/,"Ministry of Business, Innovation and Employment",Public Service Departments,2,1,1,0,1,1,0,0,0,0,0,,
2026-06-30,https://www.tools.business.govt.nz/funding-explorer/,"Ministry of Business, Innovation and Employment",Public Service Departments,2,1,1,0,1,1,0,0,0,0,0,,
2026-06-30,https://www.tools2.business.govt.nz/compliance-matters,"Ministry of Business, Innovation and Employment",Public Service Departments,1,2,2,0,2,2,0,1,1,0,0,,
2026-06-30,https://www.tools2.business.govt.nz/employeecostcalculator,"Ministry of Business, Innovation and Employment",Public Service Departments,1,5,3,2,5,5,0,0,0,0,0,,
2026-06-30,https://www.tpk.govt.nz/mi,Te Puni Kōkiri,Public Service Departments,1,0,0,0,0,0,0,0,0,0,0,,
2026-06-30,https://www.tradebarriers.govt.nz/,Ministry of Foreign Affairs and Trade,Public Service Departments,7,0,0,0,0,0,0,0,0,0,8,9.816,12.543
2026-06-30,https://www.tradingstandards.govt.nz/,"Ministry of Business, Innovation and Employment",Public Service Departments,9,0,0,0,0,0,0,0,0,0,12,9.881,12.665
2026-06-30,https://www.transport.govt.nz/,"Ministry of Cities, Environment, Regions and Transport",Public Service Departments,264,1373,1231,142,1373,471,0,28,28,0,280,9.497,12.255
2026-06-30,https://www.travellerdeclaration.govt.nz/,"Ministry of Business, Innovation and Employment",Public Service Departments,23,3,3,0,3,3,0,0,0,0,26,8.879,11.824
2026-06-30,https://www.treasury.govt.nz/,The Treasury,Public Service Departments,300,1207,1207,0,1207,452,0,26,26,0,244,11.299,13.98
2026-06-30,https://www.tsw.govt.nz/external/application/login/app.html,New Zealand Customs Service,Public Service Departments,1,0,0,0,0,0,0,0,0,0,0,,
2026-06-30,https://www.tuiatetaiao.nz/,Ministry for Primary Industries,Public Service Departments,29,93,93,0,93,35,0,29,29,0,12,8.998,12.116
2026-06-30,https://www.tupu.nz/,Te Puni Kōkiri,Public Service Departments,300,2,2,0,2,2,0,35,35,0,312,5.813,8.994
2026-06-30,https://www.unittitles.govt.nz/,"Ministry of Business, Innovation and Employment",Public Service Departments,111,18,18,0,18,6,0,0,0,0,82,9.809,12.515
2026-06-30,https://www.veteransaffairs.mil.nz/,New Zealand Defence Force,Non-Public Service Departments,300,280,243,37,280,114,0,0,0,0,194,8.58,11.517
2026-06-30,https://www.waitangitribunal.govt.nz/,Ministry of Justice,Public Service Departments,300,980,768,212,980,134,0,110,110,0,370,6.382,9.809
2026-06-30,https://www.whaikaha.govt.nz/,Whaikaha,Public Service Departments,300,8,8,0,8,6,0,16,16,0,367,11.389,13.847
2026-06-30,https://www.wildingpines.nz/,Ministry for Primary Industries,Public Service Departments,132,849,589,260,849,420,0,2,2,0,148,9.663,11.913
2026-06-30,https://www.women.govt.nz/,Ministry for Women,Public Service Departments,300,10,10,0,10,10,0,4,4,0,257,10.228,12.677
2026-06-30,https://www.workandincome.govt.nz/,Ministry of Social Development,Public Service Departments,300,10,6,4,10,10,0,0,0,0,190,6.216,9.47
2026-06-30,https://www.workandincome.govt.nz/map/index.html,Ministry of Social Development,Public Service Departments,300,36,36,0,36,8,0,6,6,0,212,9.38,12.237
2026-06-30,https://www.workforceinsights.govt.nz/,Ministry for Primary Industries,Public Service Departments,86,8,8,0,8,1,0,2,2,0,138,6.68,9.497
2026-06-30,https://www.xn--morilandcourt-wqb.govt.nz/,Ministry of Justice,Public Service Departments,261,4,4,0,4,2,0,4,4,0,114,8.646,11.47
2026-06-30,https://www.xn--tekhuikhu-7bbe.govt.nz/,Ministry of Social Development,Public Service Departments,26,9,9,0,9,9,0,0,0,0,32,8.077,11.136
2026-06-30,https://www.youthcourt.govt.nz/home-2/,Ministry of Justice,Public Service Departments,1,0,0,0,0,0,0,1,1,0,0,,
2026-06-30,https://www.youthservice.govt.nz/,Ministry of Social Development,Public Service Departments,38,0,0,0,0,0,0,38,38,0,58,6.009,9.15
2026-06-30,https://www2.justice.govt.nz/elibsonline/,Ministry of Justice,Public Service Departments,21,0,0,0,0,0,0,21,21,0,0,,
2026-06-30,https://youthguarantee.education.govt.nz,Ministry of Education,Public Service Departments,109,2669,2100,569,2669,317,0,21,21,0,40,9.775,12.471
2026-06-30,https://youthwork.orangatamariki.govt.nz/,Oranga Tamariki,Public Service Departments,1,0,0,0,0,0,0,0,0,0,2,5.971,7.169
2026-06-30,https://zero.education.govt.nz/,Ministry of Education,Public Service Departments,5,0,0,0,0,0,0,0,0,0,8,8.853,10.971
2026-06-30,https://zh-hans.getready.govt.nz/,National Emergency Management Agency,Public Service Departmental Agencies,67,0,0,0,0,0,0,1,1,0,0,,
2026-06-30,https://zh-hant.getready.govt.nz/,National Emergency Management Agency,Public Service Departmental Agencies,60,0,0,0,0,0,0,1,1,0,0,,
