base_url,parent_url,url,status_code
https://28maoribattalion.org.nz/,https://28maoribattalion.org.nz/contribute,https://28maoribattalion.org.nz/node/add/photo,403
https://28maoribattalion.org.nz/,https://28maoribattalion.org.nz/story-of-the-28th/life-in-the-battalion,https://28maoribattalion.org.nz/memory/m%25C4%2581ori-battalion-diary-july-1941,404
https://aca-auprod.accela.com/NZPAM/Welcome.aspx,https://aca-auprod.accela.com/NZPAM/Customize/RealMe/RedirectToRealMe.ashx?RealMeReturnUrl=https%3A%2F%2Faca-auprod.accela.com%2FNZPAM%2FDashboard.aspx%3FTabName%3DHome&RealMeLoginUrl=https%3A%2F%2Fapi.business.govt.nz%2Fapi.business.govt.nz%2FB2C_1A_signup_signin_saml_rapid_saas%2Fsamlp%2Fsso%2Flogin%3FSAMLRequest%3DjVJdb9owFH2ftP9g%252BT12PggMC6hS0FSk0kVA99AX5CQGLDl25muztr9%252BJisV0rZqT9c699yP43smN8%252BtQidhQRo9xQmJ8c3s86cJ8FZ1rPDuqNfihxfgUCBqYOfEFHurmeEggWneCmCuZptidc9SEjMOIKwL7TD6fukbcIyWAF4sNTiuXYDidBjFWZQl2zhl%252BZjFOcmzYToYDZ4wWoSJUnPXVx%252Bd64BRyjtJKg9SCwByMCdH9Ovfwdt0vkuKHciD9l0fpN6dV9%252FZwG%252FCkwPtNVIAQ5U5yLDucjHF%252ByTPqyrbD5o4G4xGyZdBnWTDfNyM46YScYZRcdE3Nxp8K%252BxG2JOsxeP6%252FmrVmkfcd9Y0hNe1UJzUpqUPT2WxonMPzrTyVdC14Gp1CY9WrY0Pqg93XDdKWMLh%252BIxRaY0ztVG3Ujch%252BfHnV79JwO622zIqv222%252BOpw3cfF3dskHByAUO8B1h%252FNzv5D14ReF7x36NhDGLRclEbJ%252BgUVSpmfcyu4E1PsrBcYfTW25e7fqyUk6RHZRPueykTLpSqaxoabY0TPhqV%252FOnb2Cw%253D%253D%26RelayState%3Dhttps%253A%252F%252Faca-auprod.accela.com%252FNZPAM%252FWelcome.aspx%26SigAlg%3Dhttp%253A%252F%252Fwww.w3.org%252F2001%252F04%252Fxmldsig-more%2523rsa-sha256%26Signature%3DjJrkjRbZfqBtUnDrOCJKZwbjnek5NDb8P4%252FNiZTGG5%252BEWebUkxbA%252FADb3i6N0XCb%252FNigkg13FgrtJ8NWmEoCMobcIewa7ZTA8oZ3VYFz7kWdAO4%252BVRvAls%252BA4U4HtP2arBXEg%252BqnZap3nPxQze4ue1AmFAcCpBmodIFgOXdz8e4YQTuflCTSfJdbEE2mPWZZut0tdGWVkD3ynwVhzK1ylSXq0S3bOUqUSPIMFNa2jIkemvasPUWUtXJY91DgYK%252FxoIm5I8u3CI4TeS2yEbTTn7vjR6VBKWwPsEs%252BRBvnbCL3WAU3NQJGPnpZgtTb6uHdbcSdb7LgJmP6fLsz09c3EQ%253D%253D,https://aca-auprod.accela.com/b2cdiaprdrmpubdir.onmicrosoft.com/B2C_1A_DIA_RealMe_LoginService/api/CombinedSigninAndSignup/unified?local=signup&csrf_token=OGJjZ1ZnR3BYY2tGNW90bk1pc3BCb0g0RHhFeTdzVFRPMkVoMkRZY29tcFBBTWF1cHFFQlo1YlovTVlNNk5DSkgxT1FlM1k0bXUvNzlPYzBOZ01mZEE9PTsyMDI2LTAzLTMxVDAyOjU5OjEzLjc0NjE1NThaO1JpM2ZGYW5USjBtSGd3eFVnQXo2b3c9PTt7Ik9yY2hlc3RyYXRpb25TdGVwIjoyfQ==&tx=StateProperties=eyJUSUQiOiJiMTFhOGY0ZS1mNjQ0LTQyZWMtOGY4Mi1lNGI3M2JmZTA5OWEifQ&p=B2C_1A_DIA_RealMe_LoginService,404
https://aca-auprod.accela.com/NZPAM/Welcome.aspx,https://aca-auprod.accela.com/NZPAM/Customize/RealMe/RedirectToRealMe.ashx?RealMeReturnUrl=https%3A%2F%2Faca-auprod.accela.com%2FNZPAM%2FDashboard.aspx%3FTabName%3DHome&RealMeLoginUrl=https%3A%2F%2Fapi.business.govt.nz%2Fapi.business.govt.nz%2FB2C_1A_signup_signin_saml_rapid_saas%2Fsamlp%2Fsso%2Flogin%3FSAMLRequest%3DjVJdb9owFH2ftP9g%252BT1xQhOgFlCloKlIpYuA7qEvyEkuYMmxM1%252Bbdf31M9mYkLZVe7rWued%252BHJ87uXttFTmBRWn0lKZxQu9mHz9MULSq44V3R72Grx7QkUDUyM%252BJKfVWcyNQIteiBeSu5pti9cgHccIFIlgX2lHy5dI34JQsET0sNTqhXYCSwTBKbqKbdJsMeD7mWR4Ps1EyeqFkEeZJLVxfe3SuQ86Y6GRceZQaEOODOblYv%252F0dvB%252FMd2mxQ3nQvuuD1Lvz4jsb%252BE14CmS9QoZomDIHGZZdLqb0FvbVUOxzAeNhlu3TcdVkUCVNnif17ageUlJc1M2NRt%252BC3YA9yRqe149Xq9YiEr6zpolFXYMScW1a9vRSFis29%252BhMK9%252BArUGo1SU8W7U2Pqg%252BPAjdKLCxwOMrJaU1ztRG3UvdhOT7X1%252F9JCF%252F2G7LqPy82dIr27r3i7tfk2jwn5D%252BAnhvmZ39h64Juy743aHjT2HQclEaJevvpFDKfJtbEA6m1FkPlHwythXu36ulcdojson2PZVDK6QqmsYGzylh53Nlf97r7Ac%253D%26RelayState%3Dhttps%253A%252F%252Faca-auprod.accela.com%252FNZPAM%252FWelcome.aspx%26SigAlg%3Dhttp%253A%252F%252Fwww.w3.org%252F2001%252F04%252Fxmldsig-more%2523rsa-sha256%26Signature%3DhQD5KWxSUlZb2KUeJtmWnzuuzNlDKoXlzi7voKtjwGRwsXboghX4xEJnkeoUgiYALpB7oKX8%252BRFp61tNGbUA8wJ5q62%252B0g%252BFsRGmsrDiF45W2JeYC0radFrwSIkYu83Vd%252FOFHBrkjIr8TqyNTSMcQ7ioWOOIbW%252FHsc3aryvrQyrdbuNeGPzmwqGmndq3RnWvL%252Fy9iDePO0IYRlAXSSo0O3OYrzM%252BsMCDHlo1RMgkG1938ynzIXidazR2JPzb1b%252BYyOGxUHdZoBXniS1KktHPoaNFnRhJTs9nKvggtHCbow9nkMC%252B8pbs0ConOZXxqymzLw1WW4MKwRiZWX8Bl3pAQA%253D%253D,https://aca-auprod.accela.com/b2cdiaprdrmpubdir.onmicrosoft.com/B2C_1A_DIA_RealMe_LoginService/api/CombinedSigninAndSignup/unified?local=signup&csrf_token=WUtPSXN6Zjl1RE1DblZKMEZ2WldabjFtenllengxMi9OKzBMMVBmNFdaK2d1L3VZQVMxTlVLVkF5Mkd4YnFuVXN5LzNxWi84dHlxdzIyQmdTdzR6aHc9PTsyMDI2LTAzLTMxVDAyOjU4OjU0LjU4Mjk3MTFaO2d6SVBCUW16RkUyeURzOWJVRzlKZkE9PTt7Ik9yY2hlc3RyYXRpb25TdGVwIjoyfQ==&tx=StateProperties=eyJUSUQiOiJiMTFhOGY0ZS1mNjQ0LTQyZWMtOGY4Mi1lNGI3M2JmZTA5OWEifQ&p=B2C_1A_DIA_RealMe_LoginService,404
https://aml.dia.govt.nz/,https://aml.dia.govt.nz/,https://aml.dia.govt.nz/SignIn?returnUrl=%2F&go=1,404
https://aml.dia.govt.nz/,https://aml.dia.govt.nz/AMLReportingEntities/,https://aml.dia.govt.nz/SignIn?returnUrl=%2FAMLReportingEntities%2F&go=1,404
https://aml.dia.govt.nz/,https://aml.dia.govt.nz/copyright/,https://aml.dia.govt.nz/SignIn?returnUrl=%2Fcopyright%2F&go=1,404
https://aml.dia.govt.nz/,https://aml.dia.govt.nz/knowledge-hub/,https://aml.dia.govt.nz/knowledge-article/KA-01012,404
https://aml.dia.govt.nz/,https://aml.dia.govt.nz/knowledge-hub/,https://aml.dia.govt.nz/knowledge-article/KA-01013,404
https://aml.dia.govt.nz/,https://aml.dia.govt.nz/knowledge-hub/,https://aml.dia.govt.nz/knowledge-article/KA-01017,404
https://aml.dia.govt.nz/,https://aml.dia.govt.nz/knowledge-hub/,https://aml.dia.govt.nz/knowledge-article/KA-01021,404
https://aml.dia.govt.nz/,https://aml.dia.govt.nz/knowledge-hub/,https://aml.dia.govt.nz/knowledge-article/KA-01024,404
https://aml.dia.govt.nz/,https://aml.dia.govt.nz/knowledge-hub/,https://aml.dia.govt.nz/knowledge-article/KA-01026,404
https://aml.dia.govt.nz/,https://aml.dia.govt.nz/knowledge-hub/,https://aml.dia.govt.nz/knowledge-article/KA-01042,404
https://aml.dia.govt.nz/,https://aml.dia.govt.nz/knowledge-hub/,https://aml.dia.govt.nz/knowledge-article/KA-01050,404
https://aml.dia.govt.nz/,https://aml.dia.govt.nz/knowledge-hub/,https://aml.dia.govt.nz/knowledge-article/KA-01052,404
https://aml.dia.govt.nz/,https://aml.dia.govt.nz/knowledge-hub/,https://aml.dia.govt.nz/knowledge-article/KA-01058,404
https://aml.dia.govt.nz/,https://aml.dia.govt.nz/knowledge-hub/,https://aml.dia.govt.nz/SignIn?returnUrl=%2Fknowledge-hub%2F&go=1,404
https://aml.dia.govt.nz/,https://aml.dia.govt.nz/privacy/,https://aml.dia.govt.nz/SignIn?returnUrl=%2Fprivacy%2F&go=1,404
https://aotearoahistories.education.govt.nz/,https://aotearoahistories.education.govt.nz/,https://aotearoahistories.education.govt.nz/contact-us,405
https://aotearoahistories.education.govt.nz/,https://aotearoahistories.education.govt.nz/,https://aotearoahistories.education.govt.nz/privacy,405
https://aotearoahistories.education.govt.nz/,https://aotearoahistories.education.govt.nz/,https://aotearoahistories.education.govt.nz/teaching-resource/struggle-land-and-sovereignty,405
https://aotearoahistories.education.govt.nz/,https://aotearoahistories.education.govt.nz/about/getting-started,https://aotearoahistories.education.govt.nz/custom-resource/anzh-action-years-7-8-examples,405
https://aotearoahistories.education.govt.nz/,https://aotearoahistories.education.govt.nz/about/getting-started,https://aotearoahistories.education.govt.nz/custom-resource/anzh-action-years-9-10-examples,405
https://aotearoahistories.education.govt.nz/,https://aotearoahistories.education.govt.nz/about/getting-started,https://aotearoahistories.education.govt.nz/custom-resource/leading-local-curriculum-guide-part-1,405
https://aotearoahistories.education.govt.nz/,https://aotearoahistories.education.govt.nz/about/getting-started,https://aotearoahistories.education.govt.nz/custom-resource/leading-local-curriculum-guide-part-2,405
https://aotearoahistories.education.govt.nz/,https://aotearoahistories.education.govt.nz/resources,https://aotearoahistories.education.govt.nz/custom-resource/anyquestions-many-answers,405
https://aotearoahistories.education.govt.nz/,https://aotearoahistories.education.govt.nz/resources,https://aotearoahistories.education.govt.nz/custom-resource/anzh-resources-online-collections,405
https://aotearoahistories.education.govt.nz/,https://aotearoahistories.education.govt.nz/resources,https://aotearoahistories.education.govt.nz/custom-resource/connected-and-he-korero-tatai-books-2022,405
https://aotearoahistories.education.govt.nz/,https://aotearoahistories.education.govt.nz/resources,https://aotearoahistories.education.govt.nz/custom-resource/national-library-he-meka-he-meka,405
https://aotearoahistories.education.govt.nz/,https://aotearoahistories.education.govt.nz/resources,https://aotearoahistories.education.govt.nz/custom-resource/nelly-aotearoa,405
https://aotearoahistories.education.govt.nz/,https://aotearoahistories.education.govt.nz/resources,https://aotearoahistories.education.govt.nz/custom-resource/new-new-zealanders-years-7-8,405
https://aotearoahistories.education.govt.nz/,https://aotearoahistories.education.govt.nz/resources,https://aotearoahistories.education.govt.nz/custom-resource/new-new-zealanders-years-9-10,405
https://aotearoahistories.education.govt.nz/,https://aotearoahistories.education.govt.nz/resources,https://aotearoahistories.education.govt.nz/custom-resource/radio-new-zealand-podcasts,405
https://aotearoahistories.education.govt.nz/,https://aotearoahistories.education.govt.nz/resources,https://aotearoahistories.education.govt.nz/custom-resource/school-journal-special-issues-rekohu-and-moriori,405
https://aotearoahistories.education.govt.nz/,https://aotearoahistories.education.govt.nz/resources,https://aotearoahistories.education.govt.nz/custom-resource/teaching-tips-engaging-glam-sector,405
https://aotearoahistories.education.govt.nz/,https://aotearoahistories.education.govt.nz/resources,https://aotearoahistories.education.govt.nz/custom-resource/tools-primary-source-analysis,405
https://aotearoahistories.education.govt.nz/,https://aotearoahistories.education.govt.nz/resources,https://aotearoahistories.education.govt.nz/custom-resource/tuia-matauranga,405
https://aotearoahistories.education.govt.nz/,https://aotearoahistories.education.govt.nz/resources,https://aotearoahistories.education.govt.nz/resources?f%5B0%5D=context%3A15,405
https://aotearoahistories.education.govt.nz/,https://aotearoahistories.education.govt.nz/resources,https://aotearoahistories.education.govt.nz/resources?f%5B0%5D=context%3A18,405
https://aotearoahistories.education.govt.nz/,https://aotearoahistories.education.govt.nz/resources,https://aotearoahistories.education.govt.nz/resources?f%5B0%5D=context%3A35,405
https://aotearoahistories.education.govt.nz/,https://aotearoahistories.education.govt.nz/resources,https://aotearoahistories.education.govt.nz/resources?f%5B0%5D=type%3A101,405
https://aotearoahistories.education.govt.nz/,https://aotearoahistories.education.govt.nz/resources,https://aotearoahistories.education.govt.nz/resources?f%5B0%5D=type%3A89,405
https://aotearoahistories.education.govt.nz/,https://aotearoahistories.education.govt.nz/resources,https://aotearoahistories.education.govt.nz/resources?f%5B0%5D=type%3A99,405
https://aotearoahistories.education.govt.nz/,https://aotearoahistories.education.govt.nz/resources,https://aotearoahistories.education.govt.nz/resources?f%5B0%5D=year_level%3A10,405
https://aotearoahistories.education.govt.nz/,https://aotearoahistories.education.govt.nz/resources,https://aotearoahistories.education.govt.nz/resources?f%5B0%5D=year_level%3A11,405
https://aotearoahistories.education.govt.nz/,https://aotearoahistories.education.govt.nz/resources,https://aotearoahistories.education.govt.nz/resources?f%5B0%5D=year_level%3A12,405
https://aotearoahistories.education.govt.nz/,https://aotearoahistories.education.govt.nz/resources,https://aotearoahistories.education.govt.nz/teaching-resource/connecting-current-events-past-dawn-raids,405
https://aotearoahistories.education.govt.nz/,https://aotearoahistories.education.govt.nz/resources,https://aotearoahistories.education.govt.nz/teaching-resource/connecting-current-events-past-ventnor-story,405
https://aotearoahistories.education.govt.nz/,https://aotearoahistories.education.govt.nz/resources,https://aotearoahistories.education.govt.nz/teaching-resource/our-stories-chinese-histories,405
https://aotearoahistories.education.govt.nz/,https://aotearoahistories.education.govt.nz/resources,https://aotearoahistories.education.govt.nz/teaching-resource/our-stories-disabled-new-zealanders,405
https://aotearoahistories.education.govt.nz/,https://aotearoahistories.education.govt.nz/resources,https://aotearoahistories.education.govt.nz/teaching-resource/our-stories-jewish-new-zealanders,405
https://aotearoahistories.education.govt.nz/,https://aotearoahistories.education.govt.nz/resources,https://aotearoahistories.education.govt.nz/teaching-resource/our-stories-new-zealand-indians,405
https://aotearoahistories.education.govt.nz/,https://aotearoahistories.education.govt.nz/resources,https://aotearoahistories.education.govt.nz/teaching-resource/our-stories-pacific-peoples,405
https://aotearoahistories.education.govt.nz/,https://aotearoahistories.education.govt.nz/resources,https://aotearoahistories.education.govt.nz/teaching-resource/our-stories-refugee-histories,405
https://aotearoahistories.education.govt.nz/,https://aotearoahistories.education.govt.nz/resources,https://aotearoahistories.education.govt.nz/teaching-resource/tangata-turi-i-konei-matou-hoki-deaf-people-we-were-here-too,405
https://aotearoahistories.education.govt.nz/,https://aotearoahistories.education.govt.nz/resources,https://aotearoahistories.education.govt.nz/teaching-resource/tuhura-contested-identities,405
https://aotearoahistories.education.govt.nz/,https://aotearoahistories.education.govt.nz/resources,https://aotearoahistories.education.govt.nz/teaching-resource/tuhura-migration-and-settlement-stories,405
https://aotearoahistories.education.govt.nz/,https://aotearoahistories.education.govt.nz/resources,https://aotearoahistories.education.govt.nz/teaching-resource/tuhura-our-changing-identities,405
https://aotearoahistories.education.govt.nz/,https://aotearoahistories.education.govt.nz/resources,https://aotearoahistories.education.govt.nz/teaching-resource/tuhura-where-we-came,405
https://aotearoahistories.education.govt.nz/,https://aotearoahistories.education.govt.nz/resources?f%5B0%5D=context%3A36,https://aotearoahistories.education.govt.nz/resources?f%5B0%5D=context%3A15&f%5B1%5D=context%3A36,405
https://aotearoahistories.education.govt.nz/,https://aotearoahistories.education.govt.nz/resources?f%5B0%5D=context%3A36,https://aotearoahistories.education.govt.nz/resources?f%5B0%5D=context%3A18&f%5B1%5D=context%3A36,405
https://aotearoahistories.education.govt.nz/,https://aotearoahistories.education.govt.nz/resources?f%5B0%5D=context%3A36,https://aotearoahistories.education.govt.nz/resources?f%5B0%5D=context%3A35&f%5B1%5D=context%3A36,405
https://aotearoahistories.education.govt.nz/,https://aotearoahistories.education.govt.nz/resources?f%5B0%5D=context%3A36,https://aotearoahistories.education.govt.nz/resources?f%5B0%5D=context%3A36&f%5B1%5D=type%3A101,405
https://aotearoahistories.education.govt.nz/,https://aotearoahistories.education.govt.nz/resources?f%5B0%5D=context%3A36,https://aotearoahistories.education.govt.nz/resources?f%5B0%5D=context%3A36&f%5B1%5D=year_level%3A10,405
https://aotearoahistories.education.govt.nz/,https://aotearoahistories.education.govt.nz/resources?f%5B0%5D=context%3A36,https://aotearoahistories.education.govt.nz/resources?f%5B0%5D=context%3A36&f%5B1%5D=year_level%3A11,405
https://aotearoahistories.education.govt.nz/,https://aotearoahistories.education.govt.nz/resources?f%5B0%5D=context%3A36,https://aotearoahistories.education.govt.nz/resources?f%5B0%5D=context%3A36&f%5B1%5D=year_level%3A12,405
https://aotearoahistories.education.govt.nz/,https://aotearoahistories.education.govt.nz/resources?f%5B0%5D=year_level%3A9,https://aotearoahistories.education.govt.nz/resources?f%5B0%5D=context%3A15&f%5B1%5D=year_level%3A9,405
https://aotearoahistories.education.govt.nz/,https://aotearoahistories.education.govt.nz/resources?f%5B0%5D=year_level%3A9,https://aotearoahistories.education.govt.nz/resources?f%5B0%5D=context%3A18&f%5B1%5D=year_level%3A9,405
https://aotearoahistories.education.govt.nz/,https://aotearoahistories.education.govt.nz/resources?f%5B0%5D=year_level%3A9,https://aotearoahistories.education.govt.nz/resources?f%5B0%5D=context%3A35&f%5B1%5D=year_level%3A9,405
https://aotearoahistories.education.govt.nz/,https://aotearoahistories.education.govt.nz/resources?f%5B0%5D=year_level%3A9,https://aotearoahistories.education.govt.nz/resources?f%5B0%5D=context%3A36&f%5B1%5D=year_level%3A9,405
https://aotearoahistories.education.govt.nz/,https://aotearoahistories.education.govt.nz/resources?f%5B0%5D=year_level%3A9,https://aotearoahistories.education.govt.nz/resources?f%5B0%5D=type%3A101&f%5B1%5D=year_level%3A9,405
https://aotearoahistories.education.govt.nz/,https://aotearoahistories.education.govt.nz/resources?f%5B0%5D=year_level%3A9,https://aotearoahistories.education.govt.nz/resources?f%5B0%5D=type%3A89&f%5B1%5D=year_level%3A9,405
https://aotearoahistories.education.govt.nz/,https://aotearoahistories.education.govt.nz/resources?f%5B0%5D=year_level%3A9,https://aotearoahistories.education.govt.nz/resources?f%5B0%5D=type%3A99&f%5B1%5D=year_level%3A9,405
https://aotearoahistories.education.govt.nz/,https://aotearoahistories.education.govt.nz/resources?f%5B0%5D=year_level%3A9,https://aotearoahistories.education.govt.nz/resources?f%5B0%5D=year_level%3A9&f%5B1%5D=year_level%3A10,405
https://aotearoahistories.education.govt.nz/,https://aotearoahistories.education.govt.nz/resources?f%5B0%5D=year_level%3A9,https://aotearoahistories.education.govt.nz/resources?f%5B0%5D=year_level%3A9&f%5B1%5D=year_level%3A11,405
https://aotearoahistories.education.govt.nz/,https://aotearoahistories.education.govt.nz/resources?f%5B0%5D=year_level%3A9,https://aotearoahistories.education.govt.nz/resources?f%5B0%5D=year_level%3A9&f%5B1%5D=year_level%3A12,405
https://aotearoahistories.education.govt.nz/,https://aotearoahistories.education.govt.nz/teaching-resource/sense-place,https://aotearoahistories.education.govt.nz/custom-resource/anzh-curriculum-content-cards,405
https://aotearoahistories.education.govt.nz/,https://aotearoahistories.education.govt.nz/years-1-3/understand,https://aotearoahistories.education.govt.nz/years-1-3/do,405
https://aotearoahistories.education.govt.nz/,https://aotearoahistories.education.govt.nz/years-1-3/understand,https://aotearoahistories.education.govt.nz/years-1-3/know,405
https://aotearoahistories.education.govt.nz/,https://aotearoahistories.education.govt.nz/years-4-6/understand,https://aotearoahistories.education.govt.nz/years-4-6/do,405
https://aotearoahistories.education.govt.nz/,https://aotearoahistories.education.govt.nz/years-4-6/understand,https://aotearoahistories.education.govt.nz/years-4-6/know,405
https://aotearoahistories.education.govt.nz/,https://aotearoahistories.education.govt.nz/years-7-8/understand,https://aotearoahistories.education.govt.nz/years-7-8/do,405
https://aotearoahistories.education.govt.nz/,https://aotearoahistories.education.govt.nz/years-7-8/understand,https://aotearoahistories.education.govt.nz/years-7-8/know,405
https://aotearoahistories.education.govt.nz/,https://aotearoahistories.education.govt.nz/years-9-10/understand,https://aotearoahistories.education.govt.nz/years-9-10/know,405
https://api.doc.govt.nz/,https://api.doc.govt.nz/,https://api.doc.govt.nz/getting-started,404
https://api.doc.govt.nz/,https://api.doc.govt.nz/,https://api.doc.govt.nz/news,404
https://api.doc.govt.nz/,https://api.doc.govt.nz/,https://api.doc.govt.nz/terms-of-use,404
https://api.msd.govt.nz/,https://api.msd.govt.nz/,https://api.msd.govt.nz/user/login,403
https://api.msd.govt.nz/,https://api.msd.govt.nz/product/450,https://api.msd.govt.nz/user,403
https://api.msd.govt.nz/,https://api.msd.govt.nz/product/450/api/278,https://api.msd.govt.nz/user,403
https://app.businessregisters.govt.nz/,https://app.businessregisters.govt.nz/,https://api.business.govt.nz/api.business.govt.nz/B2C_1A_signup_signin_saml_BRP/generic/login?EntityId=BRP_PRD&RelayState=1a73288c6c92480b8e84f6df180e50da55cbcf287e4cd76b0c1ef3b1daca1d8ba30cbcbd3d5cd602&fidp=Companies_RealMe,404
https://app.businessregisters.govt.nz/,https://app.businessregisters.govt.nz/,https://app.businessregisters.govt.nz/sber-businesses/viewInstance/cancel.html,404
https://app.businessregisters.govt.nz/,https://app.businessregisters.govt.nz/,https://app.businessregisters.govt.nz/sber-businesses/viewInstance/cancel.html,404
https://app.businessregisters.govt.nz/,https://app.businessregisters.govt.nz/,https://app.businessregisters.govt.nz/sber-master/viewInstance/view.html?id=36563aba031f0d659341bf2ca93b5b9924a06a6d96a2f17a&_timestamp=16821482741352345,404
https://app.businessregisters.govt.nz/,https://app.businessregisters.govt.nz/,https://app.businessregisters.govt.nz/sber-master/viewInstance/view.html?id=36563aba031f0d659341bf2ca93b5b993a42eba0436d874b&_timestamp=16821049603185940,404
https://app.businessregisters.govt.nz/,https://app.businessregisters.govt.nz/,https://app.businessregisters.govt.nz/sber-master/viewInstance/view.html?id=36563aba031f0d659341bf2ca93b5b994afbf014d59b130b&_timestamp=16821491764391197,404
https://app.businessregisters.govt.nz/,https://app.businessregisters.govt.nz/,https://app.businessregisters.govt.nz/sber-master/viewInstance/view.html?id=36563aba031f0d659341bf2ca93b5b994e118bb102afc764&_timestamp=16821050548815221,404
https://app.businessregisters.govt.nz/,https://app.businessregisters.govt.nz/,https://app.businessregisters.govt.nz/sber-master/viewInstance/view.html?id=36563aba031f0d659341bf2ca93b5b9952a48ea4b2289617&_timestamp=16821477626451432,404
https://app.businessregisters.govt.nz/,https://app.businessregisters.govt.nz/,https://app.businessregisters.govt.nz/sber-master/viewInstance/view.html?id=36563aba031f0d659341bf2ca93b5b996f729769a97a9773&_timestamp=16821046914190868,404
https://app.businessregisters.govt.nz/,https://app.businessregisters.govt.nz/,https://app.businessregisters.govt.nz/sber-master/viewInstance/view.html?id=36563aba031f0d659341bf2ca93b5b997b0e23af3e6acdc4&_timestamp=16821047811878553,404
https://app.businessregisters.govt.nz/,https://app.businessregisters.govt.nz/,https://app.businessregisters.govt.nz/sber-master/viewInstance/view.html?id=36563aba031f0d659341bf2ca93b5b997cd5508da6b47fba&_timestamp=16821044395054521,404
https://app.businessregisters.govt.nz/,https://app.businessregisters.govt.nz/,https://app.businessregisters.govt.nz/sber-master/viewInstance/view.html?id=36563aba031f0d659341bf2ca93b5b9988e9c49b33a92cc2&_timestamp=16821051410129008,404
https://app.businessregisters.govt.nz/,https://app.businessregisters.govt.nz/,https://app.businessregisters.govt.nz/sber-master/viewInstance/view.html?id=36563aba031f0d659341bf2ca93b5b999df678717e471a33&_timestamp=16821053305872298,404
https://app.businessregisters.govt.nz/,https://app.businessregisters.govt.nz/,https://app.businessregisters.govt.nz/sber-master/viewInstance/view.html?id=36563aba031f0d659341bf2ca93b5b99c582dc5b8c87c622&_timestamp=16821052214889753,404
https://app.insolvency.govt.nz/ui/public/search/dro-register,https://app.insolvency.govt.nz/ui/public/search/dro-register,https://api.business.govt.nz/b2cessmapprd.onmicrosoft.com/B2C_1A_signup_signin_saml_OASIS/samlp/sso/login?SAMLRequest=nVPLbtswEPwVgXeJetiBTVgOVBsBDKStayU59CJQFOUQoEiFS6pNv76UEjuJC%2BTQE8Vdzu7Mzmp1%2FbuTwcANCK1ylEQxCrhiuhHqmKP7u5twga7XK6CdTHtSOPuoDvzJcbCBByogL5kcOaOIpiCAKNpxIJaRsvh6S9IoJr3RVjMtUVAAcGN9q41W4DpuSm4Gwfj94TZHj9b2QDCmfR8JBVoOnslzdNSDjdQfTH1zzF5wKNh6CkJRO9F%2BQ4qodiAUBzjj6pT5a%2BermibSqhPMaNCtjZju8Jd0UyVFBeKoXD8dQlWjpup7Ue5KPH72GEBjqY9CoeBGG8anOeTIGueZ7LY5qpaLWbtg2TyseVuHs2VGQ5olPGxrNp%2BxLGZ1W%2FunsKcAYuA5aqmEEQzg%2BE6BpcrmKI3TqzDOwiy5ixOSZWQeR8ly8RMFDyeH%2FDzRqx9kApv3RnzuAz1NH60nddX%2BsF3h97XOTn%2Fz4N12r6Vgz0Ehpf61MZzaN%2BJ%2BDh21n%2FcbI6IJ2%2Bkp6UcJYLmyKCj3Y4MfjkrRCm5ydOaD8EmdX5FGjGzhvxS%2BVilcI%2Fwa8YPfFyPYmLtM%2FTuMc%2BYy8KEKvuR5Cn38UdZ%2FAQ%3D%3D&RelayState=rs_eyJpZCI6IjI2Mjc2Mzc4IiwiY29ycmVsYXRpb25JZCI6ImJjOWRlZTJlLTI5OGYtNGRiMC1iYjlj%0ALTBmZWFiNWQ3OTE4MiJ9&SigAlg=http%3A%2F%2Fwww.w3.org%2F2000%2F09%2Fxmldsig%23rsa-sha1&Signature=UOi3imRfhtxVbzXzPEY%2B5u1eBkbGxzzOOshLhozCClv8GleQVYyfkC2rsqV2lK5dAeiq6OWX6WW24FN5yu5ikNaXIvCGMKK5p0DZD5vs5Hqkf6upET0Kx256TSdzAFFP8e5UnfK4aNjnph5zGijrBLlCvafp4cs5XjzfyiMWl4gZ3xq7WUx%2FQazeWxgU6S8zM30AJyPI%2FDWGJvIQSnjkEULys19zh387RRhtsn5qkziJlZfbhXS%2BlQmh%2Bz1DemYoKoEGp7u2f6ZnS1EqhcBnVgG10D5Jztw8FNvqghoKIoAOf%2FkPh6h71VPKYlXRD1oG6kgG9m0%2FCASgzrt6CJJIlNc1RbbwXcSPRRGMLVtZPjAlVlOGhuk8cZAwGiQePNPMiNJG5VBvFfdV8OUALDiuZ4lWcWNDI4z5xYJ1M%2FRTt9U1jAl45JoAC%2BQL4VKLMuksiBKn%2B8sGH4Rgn6sGpxlMzY2fY12uSw6mZ1j5esSTAvckIitTyU9p50couTN%2Bu37ILmWcJ7M0AWnp3MDlUoG1fEsb9oY7nKSNzlj8xQctKsLBYr796xvh39MTPKPgj2%2B67%2BnBqNk3lmD4Pikj0F1Hzf3kzAHPbxtixHhD7NzRYjqg3MAZ%2BiM7NTPrRpW1PiRfOzHkGVcpuQJmfJjn%2BbT49HTVZdtivj5fgKbXki8cjz4%3D&fidp=Insolvency_Realme,404
https://app.insolvency.govt.nz/ui/public/search/insolvency-register,https://app.insolvency.govt.nz/ui/public/search/insolvency-register,https://api.business.govt.nz/b2cessmapprd.onmicrosoft.com/B2C_1A_signup_signin_saml_OASIS/samlp/sso/login?SAMLRequest=nVPLbtswEPwVgXeJehixTVgOFBsBDKStayU99CJQFOUQoEiFS6pNv76UEjuJC%2BTQE8Vdzu7Mzmp1%2FbuTwcANCK1ylEQxCrhiuhHqmKOH%2B9twga7XK6CdTHtSOPuoDvzJcbCBByogL5kcOaOIpiCAKNpxIJaRsvhyR9IoJr3RVjMtUVAAcGN9q41W4DpuSm4GwfjD4S5Hj9b2QDCmfR8JBVoOnslzdNSDjdQfTH1zzF5wKNh6CkJRO9F%2BQ4qodiAUBzjj6pT5a%2BermibSqhPMaNCtjZju8E26qZKiAnFUrp8OoapRU%2FWtKHclHj97DKCx1EehUHCrDePTHHJkjfNMdtscVfNZzJssTcIkm6fh7CpZhss2m4U1ncfZvF4ukrr1T2FPAcTAc9RSCSMYwPGdAkuVzVEap1dhnIVZch9nJFuQLI7S5fwnCn6cHPLzRK9%2BkAls3hvxuQ%2F0NH20ntRV%2B8N2hd%2FXOjv91YN3272Wgj0HhZT618Zwat%2BI%2Bzl01H7eb4yIJmynp6QfJYDlyqKg3I8NvjsqRSu4ydGZD8IndX5FGjGyhf9S%2BFqlcI3wa8QPfl%2BMYGPuMvXvMM6Zy8CHKviS5yn08UdZ%2FwU%3D&RelayState=rs_eyJpZCI6IjI2Mjc2NjcyIiwiY29ycmVsYXRpb25JZCI6IjA3NTBiMmJhLTM4ZTktNGNjMi1iODM1%0ALWYxYTAxYjNlYmZlMCJ9&SigAlg=http%3A%2F%2Fwww.w3.org%2F2000%2F09%2Fxmldsig%23rsa-sha1&Signature=iYAi9898g5pviUEzL4uRsvHkVaEDa33KvLlmNEIEqAuNXf9szgZ71VYQrg%2BkTD3E%2FK9bWXHMiP6aj0bZigukOIVnl5MNybVXn5UAgJrMZcGOq%2BmEk%2BFOog%2BrCL1%2BJfUpp8wxNSEUabjoCIaPnDJmrULn8uezriX9tDD87w86vXGvSUEx7gta6RBro%2BKgNBC%2BeyaqNhSiOm1%2B13tYDYTJdwtHCEIhbQtcZJOF9zwMQBD0h96S4C5LnYjnqhFauh9q9aUvyAXkaeEJ8WrAH7HzRhpPN1tOGUwNq4HkO%2Fokg3IEvFrcWkLp04yyBWbaAt2Lt6tCSabu4bXWdGEHECsSzwgNodOaYoL%2FFSpcWXk8Wy%2Fx3PgXXjKPB2uDCeRNglSf4ELg4f%2FOOu2QlZVMuIyZf%2BfTjtA1PTkyPKR6ozw4SpB3GeT4UeTJ61%2FXnYSaXoOAOS0mpK5Ytne8wsB%2FsTFbWnK8eVNxd3xuHIk9mbfp7%2BEjMVc1OAuJKPmZ%2BOI1Q%2F2azmp6OymDddbD2X2HLkoy99BQuG6W5U7imsCIRe1lREaqmwCUXFc9COEsjgcDWDJIIGeIRW4ihnVOrKAnMIergwKvkupSVXg%2Fv66kAeSNVnRsdUGORJGgkrSGKxdkNyPeqMjS7ybRbwdxmrD%2Bp8u1mtN4%2FiCc273WZwnd3lHinDA%3D&fidp=Insolvency_Realme,404
https://app.iponz.govt.nz/app/Extra/IP/TM/PublicSearch/PublicSearch.aspx?sid=639098611499880777&op=EXTRA_TM_PublicSearch&fcoOp=EXTRA_Default,https://app.iponz.govt.nz/app/Extra/IP/TM/PublicSearch/PublicSearch.aspx?sid=639105708848921042&op=EXTRA_TM_PublicSearch&fcoOp=EXTRA_Default,https://api.business.govt.nz/api.business.govt.nz/B2C_1A_signup_signin_saml_iponz/samlp/sso/login?SAMLRequest=fZLdjtowEIVfJfJ94vwUKBYgsbBVkdg2Wthe9CZyzCRrKRm7HoeyffomoStRqeXGlsYzc8434wXJtrFi3flXfIYfHZAPdtslKyZTkKWK07CE%2BTz8MMmqsCyr%2FoiVmqWTRCUzYME3cKQNLlkaxSzYEXWwQ%2FISfR%2BK02kYZ2GWHONMpInI5tFs%2BvE7C7a9ikbpx8pX7y0JzqXVUdmRRiCKanP2Ef76d%2FAh3RTJuiBdY2fHS2MxcBTamv59ROJEhjem1siCT8YpGBGXzLsOBqe5JNJnWLJKNtRHcme8UaZ50HjSWC9Z51AYSZoEyhZIeCUO66e96ElFeU0i8fl4zMP86%2BHIgjURuAFpY5C6FtwB3FkreHne30LaaDR5Q2j548U7yR%2FRa%2F%2FGX%2Fo2fD8Yf5Ioa3CRJHthwaVtkMTIdt%2Bc%2FUPCVoshW4xbcTf198vlOwdb3Xe94Dftr1pWfOn77ba5abR6G%2BbeSv9%2FuSRKxog%2BhdWYKjokC0pXGk79RJvG%2FNw4kB7e98ZXV9W%2Ff%2BzqNw%3D%3D&SigAlg=http%3A%2F%2Fwww.w3.org%2F2001%2F04%2Fxmldsig-more%23rsa-sha256&Signature=EoNzUNABlHvMFVLAbt5to5rmPi%2F%2Ba5K3pWPT%2FSJ0Eo52%2Fl8Is32lFGNMwf3BZimq3MSxK%2FbIr%2FFa9stB%2B1ka2KEQY%2B9zR5zjfKfNp571rfD8zGLDDssZHnwpMBN2YMquKPoSfu4c3v25FrRQkVHFn8dKRPxkcFQNAJBpQwe5WdW0MAr7tLtGzNJwBT3bhniKzY%2BV%2FNSbpeyi5a%2FJsOs2EHK9Q%2F9VS7DpfjMWDBYwNHbqR4ukIP3mz6AlE6sKwCftQNTh1ld%2FFb6bndS6rrPJxBygjbJC2XH3DL7MFM907NkvzIqOtfpSr8xxSchNU3g9X1DQGbtmOAR5jRzkYPwwsA%3D%3D,404
https://applications.education.govt.nz/,https://applications.education.govt.nz/,https://applications.education.govt.nz/early-learning-information-eli-reports,405
https://applications.education.govt.nz/,https://applications.education.govt.nz/,https://applications.education.govt.nz/privacy,405
https://applications.education.govt.nz/,https://applications.education.govt.nz/,https://applications.education.govt.nz/school-evaluation-physical-environment-sepe,405
https://applications.education.govt.nz/,https://applications.education.govt.nz/,https://applications.education.govt.nz/secure-data-portal-sdp,405
https://applications.education.govt.nz/,https://applications.education.govt.nz/,https://applications.education.govt.nz/unfunded-international-providers-uip-data-collection-portal,405
https://applications.education.govt.nz/,https://applications.education.govt.nz/10-year-property-planner-10ypp,https://applications.education.govt.nz/10-year-property-planner-10ypp/10ypp-application-privacy,405
https://applications.education.govt.nz/,https://applications.education.govt.nz/10-year-property-planner-10ypp,https://applications.education.govt.nz/10-year-property-planner-10ypp/10ypp-support,405
https://applications.education.govt.nz/,https://applications.education.govt.nz/10-year-property-planner-10ypp,https://applications.education.govt.nz/10-year-property-planner-10ypp/10ypp-training,405
https://applications.education.govt.nz/,https://applications.education.govt.nz/10-year-property-planner-10ypp,https://applications.education.govt.nz/10-year-property-planner-10ypp/how-get-access-10ypp,405
https://applications.education.govt.nz/,https://applications.education.govt.nz/10-year-property-planner-10ypp,https://applications.education.govt.nz/10-year-property-planner-10ypp/how-log-10ypp,405
https://applications.education.govt.nz/,https://applications.education.govt.nz/attendance-service,https://applications.education.govt.nz/attendance-service-schools/how-get-access,405
https://applications.education.govt.nz/,https://applications.education.govt.nz/attendance-service,https://applications.education.govt.nz/attendance-service-schools/how-login-attendance-service-cms,405
https://applications.education.govt.nz/,https://applications.education.govt.nz/attendance-service,https://applications.education.govt.nz/attendance-service-schools/how-use-attendance-service-cms,405
https://applications.education.govt.nz/,https://applications.education.govt.nz/attendance-service,https://applications.education.govt.nz/attendance-service/privacy,405
https://applications.education.govt.nz/,https://applications.education.govt.nz/attendance-service,https://applications.education.govt.nz/attendance-service/support,405
https://applications.education.govt.nz/,https://applications.education.govt.nz/attendance-service-service-providers,https://applications.education.govt.nz/attendance-service-service-providers/attendance-service-privacy-statement,405
https://applications.education.govt.nz/,https://applications.education.govt.nz/attendance-service-service-providers,https://applications.education.govt.nz/attendance-service-service-providers/how-get-access-attendance-service-service-providers,405
https://applications.education.govt.nz/,https://applications.education.govt.nz/attendance-service-service-providers,https://applications.education.govt.nz/attendance-service-service-providers/how-login-attendance-service-cms,405
https://applications.education.govt.nz/,https://applications.education.govt.nz/attendance-service-service-providers,https://applications.education.govt.nz/attendance-service-service-providers/how-use-attendance-service-cms,405
https://applications.education.govt.nz/,https://applications.education.govt.nz/attendance-service-service-providers,https://applications.education.govt.nz/attendance-service-service-providers/support,405
https://applications.education.govt.nz/,https://applications.education.govt.nz/early-learning-information-eli-web,https://applications.education.govt.nz/early-learning-information-eli-web/eli-web-common-terms,405
https://applications.education.govt.nz/,https://applications.education.govt.nz/early-learning-information-eli-web,https://applications.education.govt.nz/early-learning-information-eli-web/eli-web-training,405
https://applications.education.govt.nz/,https://applications.education.govt.nz/early-learning-information-eli-web,https://applications.education.govt.nz/early-learning-information-eli-web/how-get-access-eli-web,405
https://applications.education.govt.nz/,https://applications.education.govt.nz/early-learning-information-eli-web,https://applications.education.govt.nz/early-learning-information-eli-web/how-log-eli-web,405
https://applications.education.govt.nz/,https://applications.education.govt.nz/early-learning-information-eli-web,https://applications.education.govt.nz/early-learning-information-eli-web/how-use-eli-web/eli-principles-use,405
https://applications.education.govt.nz/,https://applications.education.govt.nz/early-learning-information-eli-web,https://applications.education.govt.nz/early-learning-information-eli-web/how-use-eli-web/user-guide-casual-education-and-care-and,405
https://applications.education.govt.nz/,https://applications.education.govt.nz/early-learning-information-eli-web,https://applications.education.govt.nz/early-learning-information-eli-web/how-use-eli-web/user-guides-centre-based-and-home-based-early,405
https://applications.education.govt.nz/,https://applications.education.govt.nz/early-learning-information-eli-web,https://applications.education.govt.nz/early-learning-information-eli-web/what-know-about-privacy,405
https://applications.education.govt.nz/,https://applications.education.govt.nz/early-learning-information-eli-web,https://applications.education.govt.nz/early-learning-information-eli-web/where-get-help,405
https://applications.education.govt.nz/,https://applications.education.govt.nz/education-resourcing-system-ers,https://applications.education.govt.nz/education-resourcing-system-ers/ers-support,405
https://applications.education.govt.nz/,https://applications.education.govt.nz/education-resourcing-system-ers,https://applications.education.govt.nz/education-resourcing-system-ers/how-use-ers/early-learning-resourcing,405
https://applications.education.govt.nz/,https://applications.education.govt.nz/education-resourcing-system-ers,https://applications.education.govt.nz/education-resourcing-system-ers/how-use-ers/schools-funding,405
https://applications.education.govt.nz/,https://applications.education.govt.nz/education-resourcing-system-ers,https://applications.education.govt.nz/education-sector-login-esl,405
https://applications.education.govt.nz/,https://applications.education.govt.nz/education-resourcing-system-ers/ers-application-privacy,https://applications.education.govt.nz/education-resourcing-system-ers/how-use-ers/how-use-ers-schools-resourcing,405
https://applications.education.govt.nz/,https://applications.education.govt.nz/education-sector-logon-esl,https://applications.education.govt.nz/education-sector-logon-esl/esl-application-privacy,405
https://applications.education.govt.nz/,https://applications.education.govt.nz/education-sector-logon-esl,https://applications.education.govt.nz/education-sector-logon-esl/how-get-education-sector-logon,405
https://applications.education.govt.nz/,https://applications.education.govt.nz/education-sector-logon-esl,https://applications.education.govt.nz/education-sector-logon-esl/how-use-esl/logon-support,405
https://applications.education.govt.nz/,https://applications.education.govt.nz/education-sector-logon-esl,https://applications.education.govt.nz/education-sector-logon-esl/how-use-esl/self-service,405
https://applications.education.govt.nz/,https://applications.education.govt.nz/education-sector-logon-esl,https://applications.education.govt.nz/education-sector-logon-esl/how-use-esl/support-machine-account-owners,405
https://applications.education.govt.nz/,https://applications.education.govt.nz/education-sector-logon-esl,https://applications.education.govt.nz/education-sector-logon-esl/how-use-esl/support-online-delegated-authorisers,405
https://applications.education.govt.nz/,https://applications.education.govt.nz/education-sector-logon-esl,https://applications.education.govt.nz/education-sector-logon-esl/how-use-esl/support-online-delegated-authorisers-1,403
https://applications.education.govt.nz/,https://applications.education.govt.nz/education-sector-logon-esl,https://applications.education.govt.nz/education-sector-logon-esl/how-use-esl/user-invitation-create-new-account,405
https://applications.education.govt.nz/,https://applications.education.govt.nz/education-sector-logon-esl,https://applications.education.govt.nz/education-sector-logon-esl/multifactor-authentication/about-multifactor-authentication,405
https://applications.education.govt.nz/,https://applications.education.govt.nz/education-sector-logon-esl,https://applications.education.govt.nz/education-sector-logon-esl/multifactor-authentication/common-troubleshooting,405
https://applications.education.govt.nz/,https://applications.education.govt.nz/education-sector-logon-esl,https://applications.education.govt.nz/education-sector-logon-esl/multifactor-authentication/other-authentication-options-0,405
https://applications.education.govt.nz/,https://applications.education.govt.nz/education-sector-logon-esl,https://applications.education.govt.nz/education-sector-logon-esl/multifactor-authentication/setting-multifactor-authentication,405
https://applications.education.govt.nz/,https://applications.education.govt.nz/education-sector-logon-esl,https://applications.education.govt.nz/education-sector-logon-esl/multifactor-authentication/using-google-authenticator-app,405
https://applications.education.govt.nz/,https://applications.education.govt.nz/education-sector-logon-esl/how-use-esl/setting-your-user-account,https://applications.education.govt.nz/education-sector-login-esl/how-use-esl/how-use-esl-user-invitation-create-new-account,405
https://applications.education.govt.nz/,https://applications.education.govt.nz/education-sector-logon-esl/how-use-esl/setting-your-user-account,https://applications.education.govt.nz/education-sector-login-esl/how-use-esl/how-use-esl-user-invitation-use-my-existing-esl-account,405
https://applications.education.govt.nz/,https://applications.education.govt.nz/enrol,https://applications.education.govt.nz/enrol/enrol-application-privacy,405
https://applications.education.govt.nz/,https://applications.education.govt.nz/enrol,https://applications.education.govt.nz/enrol/enrol-support,405
https://applications.education.govt.nz/,https://applications.education.govt.nz/enrol,https://applications.education.govt.nz/enrol/enrol-training,405
https://applications.education.govt.nz/,https://applications.education.govt.nz/enrol,https://applications.education.govt.nz/enrol/enrol/enrol-english-speakers-other-languages-esol,405
https://applications.education.govt.nz/,https://applications.education.govt.nz/enrol,https://applications.education.govt.nz/enrol/enrol/enrol-entering-results-hearing-and-vision-tests-school-users,405
https://applications.education.govt.nz/,https://applications.education.govt.nz/enrol,https://applications.education.govt.nz/enrol/enrol/enrol-guide-health-nz-users,405
https://applications.education.govt.nz/,https://applications.education.govt.nz/enrol,https://applications.education.govt.nz/enrol/enrol/enrol-guide-principals,405
https://applications.education.govt.nz/,https://applications.education.govt.nz/enrol,https://applications.education.govt.nz/enrol/enrol/enrol-guidelines,405
https://applications.education.govt.nz/,https://applications.education.govt.nz/enrol,https://applications.education.govt.nz/enrol/enrol/enrol-rules,405
https://applications.education.govt.nz/,https://applications.education.govt.nz/enrol,https://applications.education.govt.nz/enrol/enrol/enrolling-students,405
https://applications.education.govt.nz/,https://applications.education.govt.nz/enrol,https://applications.education.govt.nz/enrol/enrol/stand-downs-and-suspensions,405
https://applications.education.govt.nz/,https://applications.education.govt.nz/enrol,https://applications.education.govt.nz/enrol/enrol/withdrawing-students,405
https://applications.education.govt.nz/,https://applications.education.govt.nz/enrol,https://applications.education.govt.nz/enrol/how-get-access-enrol,405
https://applications.education.govt.nz/,https://applications.education.govt.nz/enrol,https://applications.education.govt.nz/enrol/how-log-enrol,405
https://applications.education.govt.nz/,https://applications.education.govt.nz/helios,https://applications.education.govt.nz/helios/helios-and-10ypp-training,405
https://applications.education.govt.nz/,https://applications.education.govt.nz/helios,https://applications.education.govt.nz/helios/helios-application-privacy,405
https://applications.education.govt.nz/,https://applications.education.govt.nz/helios,https://applications.education.govt.nz/helios/helios-support,405
https://applications.education.govt.nz/,https://applications.education.govt.nz/helios,https://applications.education.govt.nz/helios/how-get-access-helios-first-time,405
https://applications.education.govt.nz/,https://applications.education.govt.nz/helios,https://applications.education.govt.nz/helios/how-log-helios,405
https://applications.education.govt.nz/,https://applications.education.govt.nz/national-student-index-nsi-web-application,https://applications.education.govt.nz/national-student-index-nsi-web-application/how-get-access-nsi,405
https://applications.education.govt.nz/,https://applications.education.govt.nz/national-student-index-nsi-web-application,https://applications.education.govt.nz/national-student-index-nsi-web-application/how-log-nsi,405
https://applications.education.govt.nz/,https://applications.education.govt.nz/national-student-index-nsi-web-application,https://applications.education.govt.nz/national-student-index-nsi-web-application/how-use-nsi,405
https://applications.education.govt.nz/,https://applications.education.govt.nz/national-student-index-nsi-web-application,https://applications.education.govt.nz/national-student-index-nsi-web-application/nsi-support,405
https://applications.education.govt.nz/,https://applications.education.govt.nz/pourato-early-learning,https://applications.education.govt.nz/pourato-early-learning/how-get-access-pourato,405
https://applications.education.govt.nz/,https://applications.education.govt.nz/pourato-early-learning,https://applications.education.govt.nz/pourato-early-learning/how-log-pourato,405
https://applications.education.govt.nz/,https://applications.education.govt.nz/pourato-early-learning,https://applications.education.govt.nz/pourato-early-learning/how-use-pourato-early-learning/finding-information-pourato,405
https://applications.education.govt.nz/,https://applications.education.govt.nz/pourato-early-learning,https://applications.education.govt.nz/pourato-early-learning/how-use-pourato-early-learning/key-pourato-features,405
https://applications.education.govt.nz/,https://applications.education.govt.nz/pourato-early-learning,https://applications.education.govt.nz/pourato-early-learning/how-use-pourato-early-learning/tips-using-pourato,405
https://applications.education.govt.nz/,https://applications.education.govt.nz/pourato-early-learning,https://applications.education.govt.nz/pourato-early-learning/pourato-application-privacy,405
https://applications.education.govt.nz/,https://applications.education.govt.nz/pourato-early-learning,https://applications.education.govt.nz/pourato-early-learning/pourato-support,405
https://applications.education.govt.nz/,https://applications.education.govt.nz/pourato-early-learning,https://applications.education.govt.nz/pourato-early-learning/pourato-training-and-guides,405
https://applications.education.govt.nz/,https://applications.education.govt.nz/pourato-schools-kura,https://applications.education.govt.nz/pourato-schools-kura/how-get-access-pourato,405
https://applications.education.govt.nz/,https://applications.education.govt.nz/pourato-schools-kura,https://applications.education.govt.nz/pourato-schools-kura/how-log-pourato,405
https://applications.education.govt.nz/,https://applications.education.govt.nz/pourato-schools-kura,https://applications.education.govt.nz/pourato-schools-kura/how-use-pourato/finding-information-pourato,405
https://applications.education.govt.nz/,https://applications.education.govt.nz/pourato-schools-kura,https://applications.education.govt.nz/pourato-schools-kura/how-use-pourato/key-pourato-features,405
https://applications.education.govt.nz/,https://applications.education.govt.nz/pourato-schools-kura,https://applications.education.govt.nz/pourato-schools-kura/how-use-pourato/tips-using-pourato,405
https://applications.education.govt.nz/,https://applications.education.govt.nz/pourato-schools-kura,https://applications.education.govt.nz/pourato-schools-kura/pourato-application-privacy,405
https://applications.education.govt.nz/,https://applications.education.govt.nz/pourato-schools-kura,https://applications.education.govt.nz/pourato-schools-kura/pourato-support,405
https://applications.education.govt.nz/,https://applications.education.govt.nz/school-transport-hub-pokapu-waka-kura,https://applications.education.govt.nz/school-transport-hub-pokapu-waka-kura/how-log-pokapu-waka-kura-school-transport-hub,405
https://applications.education.govt.nz/,https://applications.education.govt.nz/school-transport-hub-pokapu-waka-kura,https://applications.education.govt.nz/school-transport-hub-pokapu-waka-kura/how-use-pokapu-waka-kura-school-transport-hub,405
https://applications.education.govt.nz/,https://applications.education.govt.nz/school-transport-hub-pokapu-waka-kura,https://applications.education.govt.nz/specialised-school-transport-assistance-application-sesta/sesta-support,405
https://applications.education.govt.nz/,https://applications.education.govt.nz/school-transport-supplier-portal-pokapu-waka-kura,https://applications.education.govt.nz/pokapu-waka-kura-school-transport-supplier-portal/pokapu-waka-kura-school-transport-hub,405
https://applications.education.govt.nz/,https://applications.education.govt.nz/school-transport-supplier-portal-pokapu-waka-kura,https://applications.education.govt.nz/school-transport-supplier-portal-pokapu-waka-kura/how-get-access-pokapu-waka-kura-school-transport,405
https://applications.education.govt.nz/,https://applications.education.govt.nz/staffing-resource-structured-literacy-support-year-0-2,https://applications.education.govt.nz/staffing-resource-structured-literacy-support-year-0-2/how-get-access-srsls,405
https://applications.education.govt.nz/,https://applications.education.govt.nz/staffing-resource-structured-literacy-support-year-0-2,https://applications.education.govt.nz/staffing-resource-structured-literacy-support-year-0-2/how-log-srsls,405
https://applications.education.govt.nz/,https://applications.education.govt.nz/staffing-resource-structured-literacy-support-year-0-2,https://applications.education.govt.nz/staffing-resource-structured-literacy-support-year-0-2/how-use-srsls,405
https://applications.education.govt.nz/,https://applications.education.govt.nz/staffing-resource-structured-literacy-support-year-0-2,https://applications.education.govt.nz/staffing-resource-structured-literacy-support-year-0-2/srsls-privacy,405
https://applications.education.govt.nz/,https://applications.education.govt.nz/staffing-resource-structured-literacy-support-year-0-2,https://applications.education.govt.nz/staffing-resource-structured-literacy-support-year-0-2/srsls-support,405
https://aroturuki.govt.nz/,https://aroturuki.govt.nz/about-us,https://aroturuki.govt.nz/glossary/showterm/%25c5%258ctautahi,404
https://aroturuki.govt.nz/,https://aroturuki.govt.nz/about-us,https://aroturuki.govt.nz/glossary/showterm/hap%25c5%25ab,404
https://aroturuki.govt.nz/,https://aroturuki.govt.nz/about-us,https://aroturuki.govt.nz/glossary/showterm/k%25c4%2581hui,404
https://aroturuki.govt.nz/,https://aroturuki.govt.nz/about-us,https://aroturuki.govt.nz/glossary/showterm/k%25c4%2581inga,404
https://aroturuki.govt.nz/,https://aroturuki.govt.nz/about-us,https://aroturuki.govt.nz/glossary/showterm/wh%25c4%2581nau,404
https://aroturuki.govt.nz/,https://aroturuki.govt.nz/about-us/news-and-updates,https://aroturuki.govt.nz/glossary/showterm/ncs%2Bregulations,404
https://aroturuki.govt.nz/,https://aroturuki.govt.nz/about-us/our-values-and-policies,https://aroturuki.govt.nz/glossary/showterm/te%2Bao%2Bm%25c4%2581ori,404
https://aroturuki.govt.nz/,https://aroturuki.govt.nz/about-us/our-values-and-policies/privacy-statement,https://aroturuki.govt.nz/contact-us,404
https://aroturuki.govt.nz/,https://aroturuki.govt.nz/about-us/our-values-and-policies/privacy-statement,https://aroturuki.govt.nz/glossary/showterm/k%25c5%258drero,404
https://aroturuki.govt.nz/,https://aroturuki.govt.nz/reports/experiences-of-care-in-aotearoa-2021-2022,https://aroturuki.govt.nz/glossary/showterm/t%25c4%2581maki%2Bmakaurau,404
https://aroturuki.govt.nz/,https://aroturuki.govt.nz/reports/experiences-of-care-in-aotearoa-2021-2022,https://aroturuki.govt.nz/reports/information-requests,404
https://bdmonline.dia.govt.nz/,https://bdmonline.dia.govt.nz/NonHistoricRecords,https://bdmonline.dia.govt.nz/Errors/General,500
https://bdmonline.dia.govt.nz/,https://bdmonline.dia.govt.nz/NonHistoricRecords,https://bdmonline.dia.govt.nz/Errors/General,500
https://bdmonline.dia.govt.nz/,https://bdmonline.dia.govt.nz/NonHistoricRecords,https://bdmonline.dia.govt.nz/Errors/General,500
https://bookings.doc.govt.nz/web/,https://bookings.doc.govt.nz/web/Customers/NewCustomer.aspx,https://bookings.doc.govt.nz/web/Customers/return%20false,404
https://bullyingfree.nz/,https://bullyingfree.nz/about-bullying-free-nz/,https://bullyingfree.nz/bpag-who-are-we/,405
https://bullyingfree.nz/,https://bullyingfree.nz/about-bullying/bullying-in-new-zealand-schools/,https://bullyingfree.nz/research-and-resources-a-z/resource/wellbeing-school-3,405
https://bullyingfree.nz/,https://bullyingfree.nz/about-bullying/what-is-bullying/,https://bullyingfree.nz/research-and-resources-a-z/resource/what-is-bullying,405
https://bullyingfree.nz/,https://bullyingfree.nz/bullying-free-new-zealand-week/bfnzw2017activity/,https://bullyingfree.nz/bullying-free-new-zealand-week/bfnzw2017activity/bullying-free-nz-awards-2017/,405
https://bullyingfree.nz/,https://bullyingfree.nz/bullying-free-new-zealand-week/bfnzw2017activity/bullying-free-nz-awards-2017/bullying-free-nz-week-2016-awards/te-poi-school-bullying-free/,https://bullyingfree.nz/bullying-free-new-zealand-week/bfnzw2017activity/bullying-free-nz-awards-2017/art-category/,405
https://bullyingfree.nz/,https://bullyingfree.nz/bullying-free-new-zealand-week/bfnzw2017activity/bullying-free-nz-awards-2017/bullying-free-nz-week-2016-awards/te-poi-school-bullying-free/,https://bullyingfree.nz/bullying-free-new-zealand-week/bfnzw2017activity/bullying-free-nz-awards-2017/bullying-free-nz-week-2016-awards/,405
https://bullyingfree.nz/,https://bullyingfree.nz/bullying-free-new-zealand-week/bfnzw2017activity/bullying-free-nz-awards-2017/bullying-free-nz-week-2016-awards/te-poi-school-bullying-free/,https://bullyingfree.nz/bullying-free-new-zealand-week/bfnzw2017activity/bullying-free-nz-awards-2017/creative-writing-category/,405
https://bullyingfree.nz/,https://bullyingfree.nz/bullying-free-new-zealand-week/bfnzw2017activity/bullying-free-nz-awards-2017/bullying-free-nz-week-2016-awards/te-poi-school-bullying-free/,https://bullyingfree.nz/bullying-free-new-zealand-week/bfnzw2017activity/bullying-free-nz-awards-2017/short-film-category/,405
https://bullyingfree.nz/,https://bullyingfree.nz/bullying-free-new-zealand-week/bullying-free-nz-week-2018/,https://bullyingfree.nz/bullying-free-new-zealand-week/bullying-free-nz-week-2018/bullying-free-nz-awards-2018/,405
https://bullyingfree.nz/,https://bullyingfree.nz/bullying-free-new-zealand-week/bullying-free-nz-week-2018/,https://bullyingfree.nz/bullying-free-new-zealand-week/bullying-free-nz-week-2018/competitions/,405
https://bullyingfree.nz/,https://bullyingfree.nz/bullying-free-new-zealand-week/bullying-free-nz-week-2018/,https://bullyingfree.nz/research-and-resources-a-z/resource/be-heard-a-media-guide-for-schools-2018,405
https://bullyingfree.nz/,https://bullyingfree.nz/bullying-free-new-zealand-week/bullying-free-nz-week-2018/,https://bullyingfree.nz/research-and-resources-a-z/resource/bullying-free-nz-week-2018-diy-school-poster,405
https://bullyingfree.nz/,https://bullyingfree.nz/bullying-free-new-zealand-week/bullying-free-nz-week-2018/,https://bullyingfree.nz/research-and-resources-a-z/resource/bullying-free-nz-week-2018-free-activity-pack,405
https://bullyingfree.nz/,https://bullyingfree.nz/bullying-free-new-zealand-week/bullying-free-nz-week-2019/,https://bullyingfree.nz/bullying-free-new-zealand-week/bullying-free-nz-week-2019/bullying-free-nz-awards-2019/,405
https://bullyingfree.nz/,https://bullyingfree.nz/bullying-free-new-zealand-week/bullying-free-nz-week-2019/,https://bullyingfree.nz/bullying-free-new-zealand-week/bullying-free-nz-week-2019/bullying-free-nz-week-2019-competitions/,405
https://bullyingfree.nz/,https://bullyingfree.nz/bullying-free-new-zealand-week/bullying-free-nz-week-2019/,https://bullyingfree.nz/research-and-resources-a-z/resource/diy-poster-bulling-free-nz-week-2019,405
https://bullyingfree.nz/,https://bullyingfree.nz/bullying-free-new-zealand-week/bullying-free-nz-week-2019/,https://bullyingfree.nz/research-and-resources-a-z/resource/promotional-flyer-bfnz-week-2019,405
https://bullyingfree.nz/,https://bullyingfree.nz/bullying-free-new-zealand-week/bullying-free-nz-week-2021/,https://bullyingfree.nz/research-and-resources-a-z/resource/competition-form-bullying-free-week,405
https://bullyingfree.nz/,https://bullyingfree.nz/bullying-free-new-zealand-week/bullying-free-nz-week-2021/,https://bullyingfree.nz/research-and-resources-a-z/resource/primary-school-action-pack,405
https://bullyingfree.nz/,https://bullyingfree.nz/bullying-free-new-zealand-week/bullying-free-nz-week-2021/,https://bullyingfree.nz/research-and-resources-a-z/resource/student-poster-bullying-free-nz-week,405
https://bullyingfree.nz/,https://bullyingfree.nz/bullying-free-new-zealand-week/bullying-free-nz-week-2022/,https://bullyingfree.nz/research-and-resources-a-z/resource/bfnz-akonga-flyer-te-reo-maori,405
https://bullyingfree.nz/,https://bullyingfree.nz/bullying-free-new-zealand-week/bullying-free-nz-week-2022/,https://bullyingfree.nz/research-and-resources-a-z/resource/bfnz-flyer-generic,405
https://bullyingfree.nz/,https://bullyingfree.nz/bullying-free-new-zealand-week/bullying-free-nz-week-2022/,https://bullyingfree.nz/research-and-resources-a-z/resource/bfnz-generic-flyer-te-reo-maori,405
https://bullyingfree.nz/,https://bullyingfree.nz/bullying-free-new-zealand-week/bullying-free-nz-week-2022/,https://bullyingfree.nz/research-and-resources-a-z/resource/bfnz-kaiako-flyer-te-reo-maori,405
https://bullyingfree.nz/,https://bullyingfree.nz/bullying-free-new-zealand-week/bullying-free-nz-week-2022/,https://bullyingfree.nz/research-and-resources-a-z/resource/fingerprint-poster-2,405
https://bullyingfree.nz/,https://bullyingfree.nz/bullying-free-new-zealand-week/bullying-free-nz-week-2022/,https://bullyingfree.nz/research-and-resources-a-z/resource/media-guide,405
https://bullyingfree.nz/,https://bullyingfree.nz/bullying-free-new-zealand-week/bullying-free-nz-week-2022/,https://bullyingfree.nz/research-and-resources-a-z/resource/student-flyer-english,405
https://bullyingfree.nz/,https://bullyingfree.nz/parents-and-whanau/oat-the-goat/,https://bullyingfree.nz/parents-and-whanau/oat-the-goat/faqs/,405
https://bullyingfree.nz/,https://bullyingfree.nz/parents-and-whanau/oat-the-goat/,https://bullyingfree.nz/parents-and-whanau/oat-the-goat/glossary/,405
https://bullyingfree.nz/,https://bullyingfree.nz/parents-and-whanau/parents-and-whanau-reporting-and-making-a-complaint/,https://bullyingfree.nz/parents-and-whanau/tackling-bullying-a-guide-for-parents-and-whanau/what-can-the-school-do/,405
https://bullyingfree.nz/,https://bullyingfree.nz/parents-and-whanau/tackling-bullying-a-guide-for-parents-and-whanau/,https://bullyingfree.nz/parents-and-whanau/tackling-bullying-a-guide-for-parents-and-whanau/starting-early/,405
https://bullyingfree.nz/,https://bullyingfree.nz/parents-and-whanau/tackling-bullying-a-guide-for-parents-and-whanau/,https://bullyingfree.nz/parents-and-whanau/tackling-bullying-a-guide-for-parents-and-whanau/what-is-bullying/,405
https://bullyingfree.nz/,https://bullyingfree.nz/parents-and-whanau/tackling-bullying-a-guide-for-parents-and-whanau/,https://bullyingfree.nz/parents-and-whanau/tackling-bullying-a-guide-for-parents-and-whanau/where-can-i-get-more-information-and-help/,405
https://bullyingfree.nz/,https://bullyingfree.nz/preventing-bullying/a-whole-school-approach-to-bullying-prevention/,https://www.nzcer.org.nz/system/files/wellbeing-at-school-booklet.pdf,404
https://bullyingfree.nz/,https://bullyingfree.nz/preventing-bullying/planning-to-prevent-bullying-within-a-whole-school-approach/,https://bullyingfree.nz/research-and-resources-a-z/resource/steps-to-tackle-bullying-a-roadmap-for-schools,405
https://bullyingfree.nz/,https://bullyingfree.nz/preventing-bullying/planning-to-prevent-bullying-within-a-whole-school-approach/step-2-gather-evidence/,https://bullyingfree.nz/research-and-resources-a-z/resource/nzsta-wellbeingschool-self-review-tool-kit,405
https://bullyingfree.nz/,https://bullyingfree.nz/preventing-bullying/planning-to-prevent-bullying-within-a-whole-school-approach/step-4-take-action/,https://bullyingfree.nz/step-4-take-action/gathering-and-analysing-data/,405
https://bullyingfree.nz/,https://bullyingfree.nz/preventing-bullying/planning-to-prevent-bullying-within-a-whole-school-approach/step-4-take-action/effective-and-supportive-policies/,https://bullyingfree.nz/research-and-resources-a-z/resource/sample-bullying-prevention-and-response-policy,405
https://bullyingfree.nz/,https://bullyingfree.nz/preventing-bullying/planning-to-prevent-bullying-within-a-whole-school-approach/step-4-take-action/strong-leadership-support/,https://bullyingfree.nz/staff-activities/,405
https://bullyingfree.nz/,https://bullyingfree.nz/preventing-bullying/planning-to-prevent-bullying-within-a-whole-school-approach/step-4-take-action/targeted-approach-early-response-and-targeted-support/,https://bullyingfree.nz/research-and-resources-a-z/resource/pb4l-restorative-practice-support-material,405
https://bullyingfree.nz/,https://bullyingfree.nz/preventing-bullying/the-nine-elements-of-an-effective-whole-school-approach-to-preventing-and-responding-to-bullying/,https://bullyingfree.nz/preventing-bullying/planning-to-prevent-bullying-within-a-whole-school-approach/step-1-planning-and-preparation/,405
https://bullyingfree.nz/,https://bullyingfree.nz/preventing-bullying/the-nine-elements-of-an-effective-whole-school-approach-to-preventing-and-responding-to-bullying/,https://bullyingfree.nz/preventing-bullying/planning-to-prevent-bullying-within-a-whole-school-approach/step-3-plan-action/,405
https://bullyingfree.nz/,https://bullyingfree.nz/preventing-bullying/the-nine-elements-of-an-effective-whole-school-approach-to-preventing-and-responding-to-bullying/,https://bullyingfree.nz/preventing-bullying/planning-to-prevent-bullying-within-a-whole-school-approach/step-4-take-action/a-supportive-school-and-classroom-climate-and-ethos/,405
https://bullyingfree.nz/,https://bullyingfree.nz/preventing-bullying/where-does-a-schools-responsibility-end/,https://bullyingfree.nz/when-bullying-happens/,405
https://bullyingfree.nz/,https://bullyingfree.nz/research-and-resources-a-z/,https://bullyingfree.nz/research-and-resources-a-z/resource/bullying-free-nz-week-2019-free-activity-pack,405
https://bullyingfree.nz/,https://bullyingfree.nz/research-and-resources-a-z/,https://bullyingfree.nz/research-and-resources-a-z/resource/wellbeing-at-school-toolkits,405
https://bullyingfree.nz/,https://bullyingfree.nz/research-and-resources-a-z/,https://bullyingfree.nz/research-and-resources-a-z/ResourceIndexFilterForm?Audience=&amp;Search=&amp;Topic=12&amp;action_doFilter=Find&start=280,405
https://bullyingfree.nz/,https://bullyingfree.nz/research-and-resources-a-z/resource/help-i-see-someone-being-bullied/,https://bullyingfree.nz/research-and-resources-a-z/resource/help-i-see-someone-being-bullied/,405
https://bullyingfree.nz/,https://bullyingfree.nz/research-and-resources-a-z/resource/help-im-bullying-others/,https://bullyingfree.nz/research-and-resources-a-z/resource/help-im-bullying-others/,405
https://bullyingfree.nz/,https://bullyingfree.nz/schools/a-guide-for-board-of-trustees/,https://bullyingfree.nz/schools/a-guide-for-board-of-trustees/a-whole-school-approach-the-bullying-free-nz-school-framework/,405
https://bullyingfree.nz/,https://bullyingfree.nz/schools/a-guide-for-board-of-trustees/,https://bullyingfree.nz/schools/a-guide-for-board-of-trustees/what-do-we-need/,405
https://bullyingfree.nz/,https://bullyingfree.nz/schools/activities-and-events/,https://bullyingfree.nz/research-and-resources-a-z/resource/mental-health-and-resilience-teaching-and-learning-activities-for-nzc-levels-6-8,405
https://bullyingfree.nz/,https://bullyingfree.nz/schools/activities-and-events/,https://bullyingfree.nz/research-and-resources-a-z/resource/rights-now-engaging-with-children-on-matters-that-affect-them,405
https://bullyingfree.nz/,https://bullyingfree.nz/schools/activities-and-events/,https://bullyingfree.nz/schools/activities-and-events/primary-and-intermediate-students/,405
https://bullyingfree.nz/,https://bullyingfree.nz/schools/activities-and-events/,https://bullyingfree.nz/schools/activities-and-events/schoolevents/,405
https://bullyingfree.nz/,https://bullyingfree.nz/schools/activities-and-events/intermediate-and-senior-students/,https://bullyingfree.nz/research-and-resources-a-z/resource/agree-or-disagree,405
https://bullyingfree.nz/,https://bullyingfree.nz/schools/activities-and-events/intermediate-and-senior-students/,https://bullyingfree.nz/research-and-resources-a-z/resource/bystanders-count,405
https://bullyingfree.nz/,https://bullyingfree.nz/schools/activities-and-events/intermediate-and-senior-students/,https://bullyingfree.nz/research-and-resources-a-z/resource/expose-the-myths,405
https://bullyingfree.nz/,https://bullyingfree.nz/schools/activities-and-events/intermediate-and-senior-students/,https://bullyingfree.nz/research-and-resources-a-z/resource/how-do-you-feel,405
https://bullyingfree.nz/,https://bullyingfree.nz/schools/activities-and-events/intermediate-and-senior-students/,https://bullyingfree.nz/research-and-resources-a-z/resource/kindness-matters,405
https://bullyingfree.nz/,https://bullyingfree.nz/schools/activities-and-events/intermediate-and-senior-students/,https://bullyingfree.nz/research-and-resources-a-z/resource/map-of-help,405
https://bullyingfree.nz/,https://bullyingfree.nz/schools/activities-and-events/intermediate-and-senior-students/,https://bullyingfree.nz/research-and-resources-a-z/resource/match-the-bullying-behaviour,405
https://bullyingfree.nz/,https://bullyingfree.nz/schools/activities-and-events/intermediate-and-senior-students/,https://bullyingfree.nz/research-and-resources-a-z/resource/sticks-and-stones,405
https://bullyingfree.nz/,https://bullyingfree.nz/schools/activities-and-events/intermediate-and-senior-students/,https://bullyingfree.nz/research-and-resources-a-z/resource/what-does-it-feel-like,405
https://bullyingfree.nz/,https://bullyingfree.nz/schools/activities-and-events/intermediate-and-senior-students/,https://bullyingfree.nz/research-and-resources-a-z/resource/whats-the-impact,405
https://bullyingfree.nz/,https://bullyingfree.nz/schools/activities-and-events/intermediate-and-senior-students/,https://bullyingfree.nz/research-and-resources-a-z/resource/who-are-you,405
https://bullyingfree.nz/,https://bullyingfree.nz/schools/activities-and-events/oat-the-goat/,https://bullyingfree.nz/research-and-resources-a-z/resource/oat-the-goat-a3-poster,405
https://bullyingfree.nz/,https://bullyingfree.nz/schools/activities-and-events/oat-the-goat/,https://bullyingfree.nz/research-and-resources-a-z/resource/oat-the-goat-classroom-guide,405
https://bullyingfree.nz/,https://bullyingfree.nz/schools/activities-and-events/oat-the-goat/,https://bullyingfree.nz/research-and-resources-a-z/resource/oat-the-goat-set-of-colouring-sheets,405
https://bullyingfree.nz/,https://bullyingfree.nz/schools/activities-and-events/oat-the-goat/,https://bullyingfree.nz/research-and-resources-a-z/resource/oti-te-nanekoti,405
https://bullyingfree.nz/,https://bullyingfree.nz/schools/activities-and-events/oat-the-goat/,https://bullyingfree.nz/research-and-resources-a-z/resource/oti-te-nanekoti-classroom-guide,405
https://bullyingfree.nz/,https://bullyingfree.nz/schools/professional-learning-and-development/,https://bullyingfree.nz/research-and-resources-a-z/resource/bullying-prevention-workshop-10-gathering-data-handout,405
https://bullyingfree.nz/,https://bullyingfree.nz/schools/professional-learning-and-development/,https://bullyingfree.nz/research-and-resources-a-z/resource/bullying-prevention-workshop-10-trainer-notes,405
https://bullyingfree.nz/,https://bullyingfree.nz/schools/professional-learning-and-development/,https://bullyingfree.nz/research-and-resources-a-z/resource/bullying-prevention-workshop-2-handout,405
https://bullyingfree.nz/,https://bullyingfree.nz/schools/professional-learning-and-development/,https://bullyingfree.nz/research-and-resources-a-z/resource/bullying-prevention-workshop-3-developing-a-bullying-prevention-policy,405
https://bullyingfree.nz/,https://bullyingfree.nz/schools/professional-learning-and-development/,https://bullyingfree.nz/research-and-resources-a-z/resource/bullying-prevention-workshop-3-nag5-handout,405
https://bullyingfree.nz/,https://bullyingfree.nz/schools/professional-learning-and-development/,https://bullyingfree.nz/research-and-resources-a-z/resource/bullying-prevention-workshop-3-tools-for-schools-handout,405
https://bullyingfree.nz/,https://bullyingfree.nz/schools/professional-learning-and-development/,https://bullyingfree.nz/research-and-resources-a-z/resource/bullying-prevention-workshop-4-the-role-of-bystanders,405
https://bullyingfree.nz/,https://bullyingfree.nz/schools/professional-learning-and-development/,https://bullyingfree.nz/research-and-resources-a-z/resource/bullying-prevention-workshop-4-the-role-of-bystanders-handout,405
https://bullyingfree.nz/,https://bullyingfree.nz/schools/professional-learning-and-development/,https://bullyingfree.nz/research-and-resources-a-z/resource/bullying-prevention-workshop-5-preventing-bullying-handout,405
https://bullyingfree.nz/,https://bullyingfree.nz/schools/professional-learning-and-development/,https://bullyingfree.nz/research-and-resources-a-z/resource/bullying-prevention-workshop-6-bullying-scenarios-handout,405
https://bullyingfree.nz/,https://bullyingfree.nz/schools/professional-learning-and-development/,https://bullyingfree.nz/research-and-resources-a-z/resource/bullying-prevention-workshop-6-responding-to-bullying,405
https://bullyingfree.nz/,https://bullyingfree.nz/schools/professional-learning-and-development/,https://bullyingfree.nz/research-and-resources-a-z/resource/bullying-prevention-workshop-6-restorative-practice-kete-book-1,405
https://bullyingfree.nz/,https://bullyingfree.nz/schools/professional-learning-and-development/,https://bullyingfree.nz/research-and-resources-a-z/resource/bullying-prevention-workshop-6-restorative-practice-kete-book-2,405
https://bullyingfree.nz/,https://bullyingfree.nz/schools/professional-learning-and-development/,https://bullyingfree.nz/research-and-resources-a-z/resource/bullying-prevention-workshop-7-bullying-prevention-and-the-nz-curriculum,405
https://bullyingfree.nz/,https://bullyingfree.nz/schools/professional-learning-and-development/,https://bullyingfree.nz/research-and-resources-a-z/resource/bullying-prevention-workshop-7-science-activity-handout,405
https://bullyingfree.nz/,https://bullyingfree.nz/schools/professional-learning-and-development/,https://bullyingfree.nz/research-and-resources-a-z/resource/bullying-prevention-workshop-7-trainer-notes,405
https://bullyingfree.nz/,https://bullyingfree.nz/schools/professional-learning-and-development/,https://bullyingfree.nz/research-and-resources-a-z/resource/bullying-prevention-workshop-9-trainer-notes,405
https://bullyingfree.nz/,https://bullyingfree.nz/schools/professional-learning-and-development/,https://bullyingfree.nz/research-and-resources-a-z/resource/bullying-prevention-workshops-implementing-the-bullying-prevention-guidance,405
https://bullyingfree.nz/,https://bullyingfree.nz/schools/student-voice/student-voice-a-guide-for-schools/,https://bullyingfree.nz/research-and-resources-a-z/resource/student-voice-a-guide,405
https://bullyingfree.nz/,https://bullyingfree.nz/schools/student-voice/student-voice-in-practice/,https://bullyingfree.nz/schools/student-voice/student-voice-a-guide-for-schools/commitment-to-student-participation/,405
https://bullyingfree.nz/,https://bullyingfree.nz/schools/student-voice/student-voice-in-practice/,https://bullyingfree.nz/schools/student-voice/student-voice-a-guide-for-schools/what-are-you-doing-at-your-school/,405
https://bullyingfree.nz/,https://bullyingfree.nz/schools/student-voice/student-voice-in-practice/,https://bullyingfree.nz/schools/student-voice/student-voice-a-guide-for-schools/what-is-student-voice/,405
https://bullyingfree.nz/,https://bullyingfree.nz/schools/student-voice/student-voice-in-practice/,https://bullyingfree.nz/schools/student-voice/student-voice-a-guide-for-schools/why-is-student-voice-important/,405
https://bullyingfree.nz/,https://bullyingfree.nz/search/results/,https://bullyingfree.nz/search/results/,405
https://bullyingfree.nz/,https://bullyingfree.nz/students/information-for-students/,https://bullyingfree.nz/research-and-resources-a-z/resource/advice-for-young-people,405
https://bullyingfree.nz/,https://bullyingfree.nz/students/resources-for-children-and-young-people/,https://bullyingfree.nz/research-and-resources-a-z/resource/letz-lead-rap-lyrics,405
https://bullyingfree.nz/,https://bullyingfree.nz/students/videos/,https://bullyingfree.nz/research-and-resources-a-z/resource/bullying-free-video-resources,405
https://bullyingfree.nz/,https://bullyingfree.nz/students/videos/,https://bullyingfree.nz/research-and-resources-a-z/resource/fake-wentworth-college-choir-lyrics,405
https://businessonlineservices.msd.govt.nz/bos/MSDProviderLogon.jsp,https://businessonlineservices.msd.govt.nz/bos/MSDProviderLogon.jsp,https://login.realme.govt.nz/32179062-92f6-4eb0-89bc-df400a9e0367/B2C_1A_DIA_RealMe_LoginService/samlp/sso/login?SAMLRequest=nVPNjtowEH6VyPckTrILZUSQUmgrVKhaaPfQC%2FImA1h17GBPWHafvk6AFqntHnqzxjPf39hjJ2rVQNHSXq%2Fw0KKj4AGtk0bnLI04C%2BaznP0wVbN%2FKpYZFu8%2BHtRU28w8SDp8W33xDc61ONeOhCY%2Fw9NByLMwS77yFNIMkvtoyO%2B%2Fs%2BC9sSX2RDkj2yILCufQkqeaGu3aGu0a7VGWHqzCU84SFsy8HqkF9XL2RI2DOFZmJ3VkUagao505UqRf4ixNhiM%2BSMNRuh2Ed%2FjIwzejxzKstnecixHybDCM36bTTVJsZvNis%2FLjS9wsOqwLbdxnETtnzhQsONVKO%2BjLOWutBiOcdKBFjQ6ohHWxXIBPCRpryJRGscm464Y%2BE3sz%2F%2Fq4uAbBJleTtat%2BefPoR1n5rfw%2BjeMbnjNpA5888Hz22ShZPgeFUuZp6lMivObtN1ALel1KV5FVuO1boemegiPUxOIry%2BWZYNXv0q%2BO8EQX37elqfK2Vrj9nxS6Nv2ioEsAZEngqHIgOnSosFHmufaa4MNifTNeQtlRetSlqdZkUe9ofwnqb8Im57t%2FOor%2F%2FBuTnw%3D%3D&RelayState=nIVqfzruwdC6F6G18yUbvNdUpALtTO&SigAlg=http%3A%2F%2Fwww.w3.org%2F2001%2F04%2Fxmldsig-more%23rsa-sha256&Signature=Iaf%2BUWBvMEZ3GF5Oyl3gUyZ9%2BSUCGVQdtqpVIAD3cHtplGAdM%2B6IlwZOGfwXWyIs9SBdNv15GWOyPlMdJ5Fvi7mTB9NXPtaoswrQEZ3onW4IHQu88M9lp98ldyjyDat8oE%2B53vR99BLzbmKQixTus7FbtyHCaETXcvF%2FgZUjjdpxhX9AM9uM5X22sXhF4EPtaeDFwFUePsTz%2FiOxXcA932bc4nNL%2FY46O6Tx6eRWtSKYQW4L6bKFW4xMU%2F4oWYNhj04YpYcm8owkPFvbjdDVA%2FvWRqDq4Q5zx873IxVtaMIr%2Bdsyc8Q7qPpvAFsyQbEbL7TyRzRbX9cnM9iXI%2BHjOA%3D%3D,404
https://canterbury.royalcommission.govt.nz/,https://canterbury.royalcommission.govt.nz/,https://canterbury.royalcommission.govt.nz/document-library-categories%253FOpenView%2526RestrictToCategory%253DSubmission%2526Count%253D20%2526Start%253D1,400
https://canterbury.royalcommission.govt.nz/,https://canterbury.royalcommission.govt.nz/,https://canterbury.royalcommission.govt.nz/document-library-categories%253FOpenView%2526RestrictToCategory%253DTechnical%2BReport%2526Count%253D20%2526Start%253D1,400
https://canterbury.royalcommission.govt.nz/,https://canterbury.royalcommission.govt.nz/,https://canterbury.royalcommission.govt.nz/document-library%253FOpenView%2526Count%253D20%2526Start%253D1,400
https://canterbury.royalcommission.govt.nz/,https://canterbury.royalcommission.govt.nz/,https://canterbury.royalcommission.govt.nz/Supplying-Documents-to-the-Commission,404
https://canterbury.royalcommission.govt.nz/,https://canterbury.royalcommission.govt.nz/Hearing-Beginning-7-November-2011,https://canterbury.royalcommission.govt.nz/document-library-categories%2520%253FOpenView%2526RestrictToCategory%253DSubmission%2526Count%253D20%2526Start%253D1,400
https://canterbury.royalcommission.govt.nz/,https://canterbury.royalcommission.govt.nz/Hearing-Beginning-7-November-2011,https://canterbury.royalcommission.govt.nz/Technical-Report---Peer-Review---The-Performance-of-Unreinforced-Masonry-Buildings-in-the-2010-2011-Canterbury-Earthquake-Swarm---Lizundia,404
https://canterbury.royalcommission.govt.nz/,https://canterbury.royalcommission.govt.nz/Hearing-Beginning-7-November-2011,https://canterbury.royalcommission.govt.nz/Technical-Report---The-Performance-of-Unreinforced-Masonry-Buildings-in-the-2010-2011-Canterbury-Earthquake-Swarm,404
https://canterbury.royalcommission.govt.nz/,https://canterbury.royalcommission.govt.nz/Hearing-Beginning-7-November-2011,https://canterbury.royalcommission.govt.nz/Technical-Reports-System-of-Building-Controls,404
https://canterbury.royalcommission.govt.nz/,https://canterbury.royalcommission.govt.nz/Hearing-Transcripts,https://canterbury.royalcommission.govt.nz/document-library-categories%2520%253FOpenView%2526RestrictToCategory%253DTranscript%2526Count%253D20%2526Start%253D1,400
https://canterbury.royalcommission.govt.nz/,https://canterbury.royalcommission.govt.nz/Submissions-,https://canterbury.royalcommission.govt.nz/Technical-Reports---Foundations-on-Deep-Alluvial-Soils,404
https://careers.corrections.govt.nz/,https://careers.corrections.govt.nz/news-and-events/corrections-officer-information-evening-rimutaka-prison,https://careers.corrections.govt.nz/category/events,404
https://careers.customs.govt.nz/home,https://careers.customs.govt.nz/saml2/authenticate/agency,"https://careers.customs.govt.nz/resetPassword?tenant=nzcs&principalType=agency&entityId=nzcs-email-agency-idp&state=8e49473d-5459-43f1-a4f8-8cf667a965fd,email&callback=https://is.talentappstore.com:443/commonauth",404
https://careers.customs.govt.nz/home,https://careers.customs.govt.nz/saml2/authenticate/candidate,"https://careers.customs.govt.nz/resetPassword?tenant=nzcs&principalType=candidate&entityId=nzcs-email-candidate-idp&state=c1436252-29fd-4729-ba44-00bc58af83fc,email&callback=https://is.talentappstore.com:443/commonauth",404
https://careers.dpmc.govt.nz/search,https://careers.dpmc.govt.nz/search,https://careers.dpmc.govt.nz/search,403
https://centralagenciesjobs.cass.govt.nz/home,https://centralagenciesjobs.cass.govt.nz/dpmc/jobdetails/ajid/xTXw8/Analyst%2C44321.html,https://centralagenciesjobs.cass.govt.nz/dpmc/jobdetails/ajid/xTXw8/Analyst%2525252C44321.html?isSignedIn=candidate&tracker=604329974,500
https://centralagenciesjobs.cass.govt.nz/home,https://centralagenciesjobs.cass.govt.nz/dpmc/jobdetails/ajid/xTXw8/Analyst%2C44321.html,https://centralagenciesjobs.cass.govt.nz/dpmc/jobdetails/ajid/xTXw8/Analyst%252C44321.html,500
https://centralagenciesjobs.cass.govt.nz/home,https://centralagenciesjobs.cass.govt.nz/dpmc/jobs?wicket:interface=:59:brix-tile-7:wrapper:loginlink::ILinkListener::,https://centralagenciesjobs.cass.govt.nz/dpmc/jobs?wicket:interface=:61:brix-tile-7:wrapper:loginlink::ILinkListener::,500
https://centralagenciesjobs.cass.govt.nz/home,https://centralagenciesjobs.cass.govt.nz/jobdetails/ajid/xTXw8/Analyst%2C44321.html,https://centralagenciesjobs.cass.govt.nz/jobdetails/ajid/xTXw8/Analyst%2525252C44321.html?isSignedIn=candidate&tracker=604329974,500
https://centralagenciesjobs.cass.govt.nz/home,https://centralagenciesjobs.cass.govt.nz/jobdetails/ajid/xTXw8/Analyst%2C44321.html,https://centralagenciesjobs.cass.govt.nz/jobdetails/ajid/xTXw8/Analyst%252C44321.html,500
https://centralagenciesjobs.cass.govt.nz/home,https://centralagenciesjobs.cass.govt.nz/nema/jobdetails/ajid/xTXw8/Analyst%2C44321.html,https://centralagenciesjobs.cass.govt.nz/nema/jobdetails/ajid/xTXw8/Analyst%2525252C44321.html?isSignedIn=candidate&tracker=604329974,500
https://centralagenciesjobs.cass.govt.nz/home,https://centralagenciesjobs.cass.govt.nz/nema/jobdetails/ajid/xTXw8/Analyst%2C44321.html,https://centralagenciesjobs.cass.govt.nz/nema/jobdetails/ajid/xTXw8/Analyst%252C44321.html,500
https://centralagenciesjobs.cass.govt.nz/home,https://centralagenciesjobs.cass.govt.nz/saml2/authenticate/agency,"https://centralagenciesjobs.cass.govt.nz/resetPassword?tenant=cass&principalType=agency&entityId=cass-email-agency-idp&state=f5f2731f-8e43-435d-8308-3d2a98172c19,email&callback=https://is.talentappstore.com:443/commonauth",404
https://centralagenciesjobs.cass.govt.nz/home,https://centralagenciesjobs.cass.govt.nz/saml2/authenticate/candidate,"https://centralagenciesjobs.cass.govt.nz/resetPassword?tenant=cass&principalType=candidate&entityId=cass-email-candidate-idp&state=bcfdc73f-b1fe-4350-913f-bfabf3f3d37f,email&callback=https://is.talentappstore.com:443/commonauth",404
https://centralagenciesjobs.cass.govt.nz/home,https://centralagenciesjobs.cass.govt.nz/the-treasury/jobdetails/ajid/xTXw8/Analyst%2C44321.html,https://centralagenciesjobs.cass.govt.nz/the-treasury/jobdetails/ajid/xTXw8/Analyst%2525252C44321.html?isSignedIn=candidate&tracker=604329974,500
https://centralagenciesjobs.cass.govt.nz/home,https://centralagenciesjobs.cass.govt.nz/the-treasury/jobdetails/ajid/xTXw8/Analyst%2C44321.html,https://centralagenciesjobs.cass.govt.nz/the-treasury/jobdetails/ajid/xTXw8/Analyst%252C44321.html,500
https://chiefvictimsadvisor.justice.govt.nz/,https://chiefvictimsadvisor.justice.govt.nz/,https://chiefvictimsadvisor.justice.govt.nz/about/,404
https://chiefvictimsadvisor.justice.govt.nz/,https://chiefvictimsadvisor.justice.govt.nz/,https://chiefvictimsadvisor.justice.govt.nz/about/news-and-media/,404
https://chiefvictimsadvisor.justice.govt.nz/,https://chiefvictimsadvisor.justice.govt.nz/,https://chiefvictimsadvisor.justice.govt.nz/about/news-and-media/news/text-reminders-about-fines-due/,404
https://chiefvictimsadvisor.justice.govt.nz/,https://chiefvictimsadvisor.justice.govt.nz/,https://chiefvictimsadvisor.justice.govt.nz/contact-us/,404
https://chiefvictimsadvisor.justice.govt.nz/,https://chiefvictimsadvisor.justice.govt.nz/,https://chiefvictimsadvisor.justice.govt.nz/criminal-records/,404
https://chiefvictimsadvisor.justice.govt.nz/,https://chiefvictimsadvisor.justice.govt.nz/,https://chiefvictimsadvisor.justice.govt.nz/fines/,404
https://chiefvictimsadvisor.justice.govt.nz/,https://chiefvictimsadvisor.justice.govt.nz/,https://chiefvictimsadvisor.justice.govt.nz/licences-certificates/,404
https://collections.archives.govt.nz/,https://collections.archives.govt.nz/,https://collections.archives.govt.nz/protected/my-account/profile?p_p_id=arenaAccount_WAR_arenaportlet&p_p_lifecycle=0&_arenaAccount_WAR_arenaportlet_arena_profile_mode=pin-reset,404
https://connect.procurement.govt.nz/,https://connect.procurement.govt.nz/,https://connect.procurement.govt.nz/,403
https://consultation.dpmc.govt.nz/,https://consultation.dpmc.govt.nz/,https://consultation.dpmc.govt.nz/un-cybercrime-convention/principlesandobjectives/mailto:consultation@dpmc.govt.nz/,404
https://coronerscourt.govt.nz/,https://coronerscourt.govt.nz/,https://coronerscourt.govt.nz/about/news-and-media/,404
https://coronerscourt.govt.nz/,https://coronerscourt.govt.nz/,https://coronerscourt.govt.nz/about/news-and-media/news/text-reminders-about-fines-due/,404
https://coronerscourt.govt.nz/,https://coronerscourt.govt.nz/,https://coronerscourt.govt.nz/criminal-records/,404
https://coronerscourt.govt.nz/,https://coronerscourt.govt.nz/,https://coronerscourt.govt.nz/fines/,404
https://coronerscourt.govt.nz/,https://coronerscourt.govt.nz/,https://coronerscourt.govt.nz/licences-certificates/,404
https://ct-register.companiesoffice.govt.nz/,https://ct-register.companiesoffice.govt.nz/about/terms-and-conditions/,https://ct-register.companiesoffice.govt.nz/about/the-role-of-the-registrar/,429
https://ct-register.companiesoffice.govt.nz/,https://ct-register.companiesoffice.govt.nz/help-centre/,https://ct-register.companiesoffice.govt.nz/help-centre/starting-a-charitable-trust-board/your-responsibilities/,429
https://ct-register.companiesoffice.govt.nz/,https://ct-register.companiesoffice.govt.nz/help-centre/starting-a-charitable-trust-board/applying-to-incorporate/,https://ct-register.companiesoffice.govt.nz/help-centre/restoring-a-charitable-trust-board-to-the-register/,429
https://ct-register.companiesoffice.govt.nz/,https://ct-register.companiesoffice.govt.nz/help-centre/starting-a-charitable-trust-board/applying-to-incorporate/,https://ct-register.companiesoffice.govt.nz/help-centre/your-online-account/,429
https://data.linz.govt.nz/,https://data.linz.govt.nz/layer/123113-nz-addresses/,https://kx-dandelion-live2-private.s3.amazonaws.com/documents/25898/28287/NZ_Addresses_Data_Dictionary.pdf?response-content-disposition=attachment%3B%20filename%2A%3DUTF-8%27%27nz-addresses-data-dictionary.pdf&response-content-type=application%2Fpdf&AWSAccessKeyId=ASIAUAYMOMIPEAG2NYOL&Signature=A8Vz%2B3iGCUdOmo3SzYoOYYX3cI8%3D&x-amz-security-token=IQoJb3JpZ2luX2VjEG0aDmFwLXNvdXRoZWFzdC0yIkYwRAIgVuM8fPrrznqldPkEMTrSueSr%2FfUltbIXJJfmWREOFkYCIGWXenG6%2BpzAC9eN8IWyrsLpMeU4lUPBGC8eaz4qH3ZZKqgECDYQABoMMjc2NTE0NjI4MTI2Igy%2Fj%2BjMWUGFS3xJxIwqhQRiWEBP63EPKiVXIzm5GfsTdoo6kbZokhWfewbQRQ5RgqJeP51PkM%2BVLN9w6yo3Ve9gyQN1VSMG%2FCgzN7kQgFICVpjLkIMVVPWO%2FZ%2Fnnz5ATPPVClDWLGDyIoXcuZpPbWjHyq91%2B9bXXHje9qzK%2BhmRHft843AX3VlkZs5kXv8VRbowISGYO1Jk4CmIW0WhgXjUAhT%2BZaeCPd5sjFVBFr0rD%2Bicb%2BR6MS7xZXmLVl502ZmY2SuYRwPUMPRY6xdZP2sCbcyiWMOFW2rwsabrMIFaAMA9B1DH3KIT2DNQhvmrHCC7JKTYq4osGZTngAZiKBebWzVxCefsVQ2DyUIuWKtTK%2FyUILAdoxjKZ584otj5mDt%2BMP7mL8aYNpZHuTM4HR82fZ34YVCPDfLcc9BXpm4bnAHNT735eD4YxOTfCumdYZ8yaoEA%2BUfM8TUYnmdGc5%2BAlRkAUEOl8YqV9Gdy2xT1R4ONEHP%2FNpYK9JtAjMC8dnfXhf1nhljSM50u%2FnnzIhqTYsI7I9Sp8eTBbU0AalsT6JPb47Sz%2B1%2FufooE%2BD05282IQH%2BagnAHNZsGBtsLgKP92JJTsGuuw3VgSBsp1wr8krV1bxTrBpUhF3NDLaf3L80zGwv1CZsSEs9dbHG0k%2FXl8o3BIQdkCS2Iw4s4EQ3V5IAU0Q2oD7V%2Fpt%2FKL0B%2ByJdE9N7QMMShrc4GOpMBoakzQnbFg%2FY%2FWoS1L6iEnPNQ1IjP%2F14R7%2FEltYjOq5WT5K%2FQmhM4O3wmcAPvyMlCdlQpyQJNKd9aqvXuFlfbGWsHgWTPJ3EEYAqD91aqDaoSUM%2BCVWV9QuRUaata0TjAgBCkb2F%2FOb0SmA7yjbEz3DA%2BRIUNBYndTWfAUL%2BETceRVp4Qaem4ZcLpmNnV6KTuSJB3&Expires=1774935764,403
https://data.linz.govt.nz/,https://data.linz.govt.nz/layer/50804-nz-property-titles/,https://kx-dandelion-live2-private.s3.amazonaws.com/documents/11012/27007/Property_and_Ownership_Simple_Tables_v1-11.pdf?response-content-disposition=attachment%3B%20filename%2A%3DUTF-8%27%27property-and-ownership-simplified-tables-data-dictionary.pdf&response-content-type=application%2Fpdf&AWSAccessKeyId=ASIAUAYMOMIPNX6PUHM4&Signature=8ATQpmtVB3RQCYktZXnC8QZd5Ls%3D&x-amz-security-token=IQoJb3JpZ2luX2VjEG0aDmFwLXNvdXRoZWFzdC0yIkcwRQIhAKoVO0fVp6QhK%2BWtswRWFurXfJh0hnfKiBNKWRRpj3v2AiAb7ts%2Fhck%2FY5mvAQ68F0DHChfSEhrXVF2Kja3TFI%2B2tyqoBAg2EAAaDDI3NjUxNDYyODEyNiIMIu73eBjx2irdmnJOKoUEFes2RCNYvPaunozwIQhBiSHAIegMWeSmMVwsjz7nXZuOhHknm45KmLr6ZUwF609z5WPq3imhTHbEo6ipKM%2BVtfAlI%2FCBzOyj16u04vLpfpTcLWLHH5US3JZJdc5aToftiUhq7dLDE10s%2BZ7USPUymXjHrf1Agyd7ht1%2F7hNeV9pS5PflvSn5ums3NOKp958%2Be8ToJk0Q6Bux16DovNnLVLdQAPNL%2FRUz0aZQguia7Wf1CBkpSDK3G8XxOkPwA5zNZQb1QPRw7bNlCRhi%2BCM4VJvA7Hg5%2FGo%2BhB%2Fr%2FbdharsFYKBTi0ueTwtJsn1RiMcQeETLMSBLkKQ4VurNEnCMWtwpvmfxIWCeRhKpKroiTKcQ4SNyeiAX8RNmc7XRXkoo4ioxVV%2FBWTXeGPX8RWHoYTrDA12dOz4KLpx0noxspgxRgMr9iIHo4qZ86RZpM9zAz2XsR2YG4uQm9H6shN%2B4kK3Jic9ZX0rbUcweghyXUbLGduYTnwlSjpxUfiL3rvD5wiWgxn3N%2BHGZ5R8%2BIurfvQy6YHyuClvX%2FuEi4yitUWULxim7pz9vMyw8ITjsVY8e8Elsm%2BWhwbikrBaByC8vd4U9KX218siycbjnb9oUUYrzRab2%2BJFVJKTmNRHLwVZ41hzBJxVOaJv36fgbpalJEynJLMGO5bm9QDqiNbQh1IJfKpbvIDDpnK3OBjqSAbwYwX5T0Wr2wpm%2FgFLkjabJcqqh4nOxY8fTgVuGVNDnLCSGswfvn4spDL%2FpvUEJu9VB0e8ep%2BarAyh5821A%2FucqcmMVSpo%2BvM6mwCXX42cJmhw78XhH8QOijF7e%2FvUHxnTgdN1ccpfn7HmVzfLfgXVdXKQfXBMxscV1xJK7nBuCjJepkmjdRx1R1%2FwPzbptuo9r&Expires=1774935161,403
https://data.mfe.govt.nz,https://data.mfe.govt.nz/data/?page=2&sort=updated_at,https://kx-dandelion-live2-private.s3.amazonaws.com/documents/25518/27298/Freshwater_Ecosystems_of_New_Zealand_FENZ_Lakes_November_2024_metadata.pdf?response-content-disposition=attachment%3B%20filename%2A%3DUTF-8%27%27freshwater-ecosystems-of-new-zealand-fenz-lakes-november-2024-metadatapdf.pdf&response-content-type=application%2Fpdf&AWSAccessKeyId=ASIAUAYMOMIPLZW4SM4J&Signature=QgSnMKKyFTlUSnoQqhXmn2x3vT4%3D&x-amz-security-token=IQoJb3JpZ2luX2VjEGsaDmFwLXNvdXRoZWFzdC0yIkYwRAIgWmU4kFF%2B9buszhFqh55InP1L%2B5GKkJL%2BjWn%2FWqSoGPoCIFh5%2Fj9yFstyjWuXtT4iZ0KYSOBgbX2KCaoRgOQpz92NKqgECDQQABoMMjc2NTE0NjI4MTI2IgwugapOD4ZGPngwTZwqhQRSYZQehFQL8bvF0eeKe%2BatZMX7UFK7nFtArWnkriHoj5RolAJ9j%2FP0uClndPRdsu0Iic2poJ0vg6ZKAAaN0wDgIl0fJEnCcK7qDIfOuBZhgyIeCIh42T6OkVzfXFcExFyzE%2F%2B3gVV4HwEaM7pfn5YC0wR9%2F8On%2FYgg9J1Fd3RFSZSIK3tsiMVUvsZBcNsmn7BDOXoVbeVl39NVosZsLpOfWopOzSyIzQUDEtvw0NxyRnCs15RPR0XcIdWtbPN8Cp%2Fo8ntf0OflpAWGTGiM3BtpW8acUfWcFyVjb6rHDCzwQr6eAOtT9bWHDbHyeg%2BZzjla%2F9AvE%2BEu03CEOaaOGEZ7HtttzsgNduBQb6NSPpRkHipP%2BBPxqgQlvKQgOqzsNXdlQ%2B55QeLM4RMELTHyvmC1sMYBCjd5vgK7YXpBoZEzoxhjAOim8qleM2fwht7qBSizVjSZLYxc%2Bl6U7hz3YQZzZHtceBAuRIK4XGUk0%2B%2B%2BSzMt7F9F0BDezmVUNp4bgzuYl8h590iRDQonVyAKPBXsAnZMVGNDPPiMB%2B1%2FIw9SWxkVgGFyXmu%2BTVenfoIlI7ZznGuPu036yvh38F8mpAVvhdNXhdkdkF6CfkTKwmDonbLAm%2FQmxING5ckd1zkW0fHFh09yvGXFBDoQQKNh38tF%2BQhXiHp7VTpdrsbrG%2FFA1r2Im2lYMJforM4GOpMBTST37wEeUf4NLdRXL3IFF%2F%2Fkq2JB5%2Fm%2FlHKiqDaMD7TuhY5HSIZtAvxjBeY1m62KlRIZ8xelpiEmcDbWoKk1YZYnZajYqKw7Ihj%2FD8BZxd80NW20ycc3ldAgwS29AgwXqEXR2v85T9244tbqmeZ5JZC3tzNqrpAcFz%2FaW%2BDftHpxzZYLyhtMgWnLjPXpteq3fe%2FT&Expires=1774928423,403
https://data.mfe.govt.nz,https://data.mfe.govt.nz/data/?page=2&sort=updated_at,https://kx-dandelion-live2-private.s3.amazonaws.com/documents/25519/27299/Freshwater_Ecosystems_of_New_Zealand_FENZ_Lakes_November_2024_metadata.xml?response-content-disposition=attachment%3B%20filename%2A%3DUTF-8%27%27freshwater-ecosystems-of-new-zealand-fenz-lakes-november-2024-metadataxml.xml&response-content-type=application%2Fxml&AWSAccessKeyId=ASIAUAYMOMIPCQYDAE7G&Signature=M2UVqtbi90R0%2BXrl4RBl6Lbv7P4%3D&x-amz-security-token=IQoJb3JpZ2luX2VjEGsaDmFwLXNvdXRoZWFzdC0yIkYwRAIhAOIAeAqQ1v921DfBTDgakYX8Q0s91OOdKOhEV8YNyLPnAh8g%2BtRnCmnfwXgUTgKlHEw33DdLvejlU3ReFU8Df7K%2BKqgECDQQABoMMjc2NTE0NjI4MTI2Igz2zv7urOc1Z6YIM%2B4qhQTMVIjcuk2XzNAyLI%2Fa75PPzxEUvFOR%2FEZx%2FHaT5EAtQJgLU1%2Bm%2BjgHg63ZFgyUkFDyJxSVuu%2BbE2255sfYfSKspioWD6To2WODa9mm8bpjm6bwnudf%2FazCOApUpMUBP7jHDvcH%2FADQPPawLWfoEd2NVL6b4WVPfxoV8vTQKcTLYYyGAty6JWOMkIniRQWpcj2saWbwp%2BZwYFgXVHiHu70k0ElSPfvaA0QgZGe3u6GqE%2BMhOm0ftzWPaQfNmKojQAcj7zTtVAlKw2d1jfI%2F42F1VEJ0xTrXs2VR1mD%2Fy3udILu2pbTmY2VepyATuEyAsRQEdW0l8VjMbjdyp0PuY4lYvX3cpAfBsNTdUawsSK70fzhcMe9K%2FmLawlkzxkOtkBEZeUC8tAzO0eRvzjtON1spSm176lqrg7SRUBcEqilRzvqMIziFj57KLp5e%2F29EYwtOdrv0FVCjJTjKjde%2FW7iSidi9lyjHPaxQoTy%2FFSU4w6hUSy3OfZRu5BS36NdVac3Wm2D8gQCnI6xzazfPGkqEyw0R2%2BhaGGcdOe0GNULglieOI%2BW6S2zpNTEmM5%2B7eogciDMcvMcTqfDFvfRXgWE0ZMr68JbBZxXVNpEkiUEOGhd%2FzgGb4CvtcTgtHWn15jwesgMhKTZJbsDcUf9BmbAZVNmeRauJaqqfVrbBJjSRXb9M%2Bhz6MOzorM4GOpMBvVPTm3k5%2BtFkH%2BKA%2F9%2FS4PtTRY4n3%2Fu8ffkUUolPLRpHjepMHdvpRZ9Is0bMcAvKsT%2FjIWq0v5V0TTJyiGqHML3b8VqT%2FWsXwhuESQsmqzAg8sJau7IBlhMTRaR6xDQJvaswetNW%2FfOg0cpgA3nFyt7goRo4egQhcMwJWR%2F3C4sUawVOCbYPN7K71hu12AcXQz5F&Expires=1774928508,403
https://data.mfe.govt.nz,https://data.mfe.govt.nz/data/?sort=updated_at,https://kx-dandelion-live2-private.s3.amazonaws.com/documents/25718/27653/ANZLIC_RMA_NMS_Consents2025.pdf?response-content-disposition=attachment%3B%20filename%2A%3DUTF-8%27%27anzlic_rma_nms_consents2025pdf.pdf&response-content-type=application%2Fpdf&AWSAccessKeyId=ASIAUAYMOMIPA55LW2ZD&Signature=XkLVMSiq4XTAVnE%2BVPBTnE44bcg%3D&x-amz-security-token=IQoJb3JpZ2luX2VjEGsaDmFwLXNvdXRoZWFzdC0yIkcwRQIgCIbrD45hSrhD4W%2Ft%2FuW%2B59SdkrtwcDC5AFRBk%2Bg2e8QCIQC2Fmz%2B5HkeeI%2BIODlPFDzFOX87Npz%2BVNJ8xH6Cjmf7vyqoBAg0EAAaDDI3NjUxNDYyODEyNiIMg0Xo%2BrUbQNLSrL%2BmKoUE%2BPQk04Wex%2FSEE37Prok7kw39PlCv%2BZICB9Hb13TNgzHt2UB4anBVO0%2F2v2plMBMSXHNGZ6DrHiExwC7JPLLDW5WNjzSw1jtFLNKlZ01TmTdMDXLczZ6YIA043T2VcYR9uvgcwHAdnAIhZDC4nxLvi0p7XJwZjgc4fOXox%2BaeZNRpZNBVfxtieRQE%2FiHndXWScUP7%2BWej93CD6Dd5DlCHdmMmCedRbQ4YnfejzETde4QKc4YJ5nI6ET0QT2adyhqII7c5xT2Pxmf7z%2F0O9h4MdMqtgeVL2wGT%2BrJcgLeovHzGPhFvCc4NdqGIoQl4RmmJFsm2ECI9pFeExb0VUOhOoAhdKYmV1hfKl7L0VQV5L3w%2F%2F5vH5Rxxk%2B7pP992%2BkCg5fWM1M%2BICm%2FAroVxRccy7idis%2Fjqf%2FOEn82CaB%2FMaKJ0wUUSOaOuVzJLx4u1NamMop1DeR3O0KUrBY7zHvevPceBcf90IHSgS9TpXFNf4bRM9%2FtSu5ZMAigU9JNBYZprGiBm%2Fam3CUA6KR3bo4AbeYNT8A%2Fiv6IgGfrgOXO47fr5k3Mr%2B4ifFbwJ76DQaN5GQIzjjBOWIZge2pnhlarbSxJNJqRVwfPYnGJmavy8sJaW%2BjZZmKlMLuPk4BonMaC5oNUzWOZzAWjVGJsmlynZQUr4SSm%2BPe30XX%2BlOWMPlLMl1J97HjCK6azOBjqSASuwUTw6Zbe0MXqjnBdR0LUvniyXM%2B0sG%2B8eHezeWWW5VXmzi8sor7vYCm%2BX7Q37TXWT6S0i1OD03Lbtu5M%2BvN7MvmlkK%2BjVkGovut5O%2BU9o7XmviocX5PTTVWmFYcG27BVIvlMOlFREyzCZ7tycIB5aJ4AquSq2aB3R5rZJ9XIoYOMYyWpWpIpUxCgZ8GMjSbdJ&Expires=1774928538,403
https://data.mfe.govt.nz,https://data.mfe.govt.nz/data/?sort=updated_at,https://kx-dandelion-live2-private.s3.amazonaws.com/documents/25725/27660/NMS-2023-24-template.xlsx?response-content-disposition=attachment%3B%20filename%2A%3DUTF-8%27%27nms-2023-24-templatexlsx.xlsx&response-content-type=application%2Fvnd.openxmlformats-officedocument.spreadsheetml.sheet&AWSAccessKeyId=ASIAUAYMOMIPP5Y6GYGZ&Signature=zDVMTwli3Y92bm6jZvOkWmLmuxY%3D&x-amz-security-token=IQoJb3JpZ2luX2VjEGsaDmFwLXNvdXRoZWFzdC0yIkcwRQIgeZRJFm0UxSBWwfC4UylkiPgn1sd%2BNly3RIpNUBMyW5MCIQC%2FArSP7zsbdZxwW%2BPl5%2FDq7heTU5T8lj1lAZoFWd3amyqoBAg0EAAaDDI3NjUxNDYyODEyNiIMrGeu9N8MKSJYbQMHKoUE7c1IJlKftqSVu9rocLkiIRlb%2Bs1M6fVu38sU2Ck2r%2FyVGK6lB6O2YSIzLAxVDdFctICxDv0SmCujFo4Dfe4KJIRYVwQ1k4XWAETqLsGxgNlz5tPWVQHPeRdsG1mocrSZ2FuaUoPvhyp1Z0NLh7x83HsQ3EbVT9xG3AdbL4WiNdeJF6IChvnoWaKBt8odWG4YXSgXsyYHqD8iQQv2Q282F5CD8%2BrsWF%2FfG0f%2F3E%2B0KKMVmLv9icwQQnGYJn0lY5XuOEn%2B%2BW0CuChUsroEAaQJ0vKHR7Z39DtZoSN29vF%2FyegU2NwCV9jBScPPbuI3oHNUr%2FAH1lCuVRJOu6kmGncn7sMv5XcTIqiWAO9WIcvcu2uoiIxMQa5rMhjKrVpeYfWyE%2FB8nx5o50lKMdxl5akxN5124j9WC7k7PX%2B8k6qZWpdZUZjOxoOQbnauAw69JUjwoe2sEu5Oyr4XPMKfKehaubKO3UwuzEI8GYT7WWW2%2Fp49VD90Ha%2FKauXWCobTZzJmScUHuR8OtiDBqw2KCHsXTyZo7CIUh1wxdQxuUM1v4Q0rOlLWW9ppdvjxd9Ouy71iPd%2B1qOOlAaiFcUrdBXltV7naRlGLZd4XNCSi34l8fZG3FdtkNcoeh0wafSQkduJ3DVa%2FmQeGVMP7d0TD28amMHzOXkcugKwDZR1LKwDPlR%2FyFT0HhzCZ7azOBjqSAXFsmre1ReKak8XIdrBObLS%2FuzEwB%2F7sicoW%2B%2B0guRgTNC4L2%2BJ%2BeiYu2lZzsOAuCqxobZqde4eowwmVA9oViH4si2RNjI7p8eLQX2wxAUVsGNFSsmse9eP60UT11bK6q0YwH7lObibbiuAcEgBOfsBedcZBD027HEltX%2FRKwGja7seCyJOO5IsWECR1qxvf%2Fl23&Expires=1774929244,403
https://data.mfe.govt.nz,https://data.mfe.govt.nz/data/?sort=updated_at,https://kx-dandelion-live2-private.s3.amazonaws.com/documents/25754/27725/ANZLIC_LUM_2020_v005_NZ.xml?response-content-disposition=attachment%3B%20filename%2A%3DUTF-8%27%27anzlic-lum-2020-v005-nzxml.xml&response-content-type=application%2Fxml&AWSAccessKeyId=ASIAUAYMOMIPHOTKQLZC&Signature=zX5nbuWF59Bv%2BrZlLDogekLpIeo%3D&x-amz-security-token=IQoJb3JpZ2luX2VjEGsaDmFwLXNvdXRoZWFzdC0yIkYwRAIgas40wva95mocMkIdqZNESf2kv6tmHXD0mf1hCsIQ3GoCIGA9ld%2F80sa9Wf7y1JXaOrRkcX9i8Pz3a9yJ1q9yhuDlKqgECDQQABoMMjc2NTE0NjI4MTI2Igy0sqycYMUQzupT2%2BUqhQQvrr4CkxWQIWFn6U9RmCgm17Jn82ClODynJ5J6ZM%2BuesKMeI%2Fa3uYRxAzjr6xd%2FH9azSG8hoE7xixsqdFJ1MFDUOWBr%2BdfRPURvuxZxKUDcfT0yn04zRNHm%2BXsss%2Byce0bJFxfiMyrqH%2BvIGlsZkpZ2HyV2ehV3f3wMKRjlHP3DVj%2F1ISSG%2FuZ%2FJA83QV2gMbYLzQeEk0ag9WdUV48MaUdOGHV%2BWEJSSDeCptRfRH26N676ClJtFoF1j96wSpBiu1TTHsj4Ajab44ItQzYGZZEqjSHuzw%2Bt%2FXtFsDndbLK44iLAQzZ2vF1imGE2VvruY8YHucXDG6pG9vkFgkK2H%2FFVoMd%2FNd1S8bkEmxsR1Gn3%2F%2B0tb3g1c4X5mG78rghPpt1XMQxFGSZTkGYwy6lJZI8B1djvA5IlFxpQ0RB3tJOBmDKRJIhDEL8pNTEXqQnXrnqAKMe4rZUblywcvbz6Fe3NIy6ZW7u6yj7ByLp1B5fdI85Th4E6vURMcS1RKxSQ1WiS5tO2E%2FzN5ve4IzOEE%2BC95o4hx%2B3fYKXJYYhVeANnrdLa%2B3pIjBT5ZKMS3wcjCJs%2Bp0kx4l%2BygLXp8wXppmd1BIXOma85ROzepxsWtyVcEQrcxyOs4giTPm4ke5Ig25JKzEvHjAxAXGySDoXl3KyVV91tDDbK7kYXQ4yLuHP0wr8np6pMJzlrM4GOpMBNZCO50qKRkyuztJJIFtCLMP0Fv84%2BLNbtL2OSOfFKlvugXVLy0%2Btwxa2KBJa9T%2BE4svLfsJ6KoWpvvXK3Z9TT72aQn80s%2FuN2xceErYbEGfeV%2FQu2%2B038%2B4Z%2FjhYImDb%2B52bFH7rLTOux1aXfft%2FIQpoc4iMrBqRmGblvv9r8YNG5%2F%2FkqT4QzU2T7UHsdcVJxT1I&Expires=1774928044,403
https://data.mfe.govt.nz,https://data.mfe.govt.nz/data/?sort=updated_at,https://kx-dandelion-live2-private.s3.amazonaws.com/documents/25759/27739/Sentinel2_2025_Chatham_Islands_thumb.jpg?response-content-disposition=attachment%3B%20filename%2A%3DUTF-8%27%27sentinel2_2025_chatham_islands_thumbjpg.jpg&response-content-type=image%2Fjpeg&AWSAccessKeyId=ASIAUAYMOMIPDDUW3QEG&Signature=DdoCGa2ORB1rQNRKexSN9X6p9U4%3D&x-amz-security-token=IQoJb3JpZ2luX2VjEGsaDmFwLXNvdXRoZWFzdC0yIkcwRQIhAN4NI1Xd2d2dUVEsrdHok%2FUFwWs3HfnyeZLG%2FxQG%2B9rmAiBwteJsBn3LVhvk2NYR3ZkNLaxzziPF7XzFi3%2BBneyiSSqoBAg0EAAaDDI3NjUxNDYyODEyNiIMvpTfVloRo29NhHPpKoUEnFTucx0PAMc3%2Fp8YhqbtevikY914JqiAi7O%2Bc75It9Z3d06%2F2YpSV8wTGncNUsT1z1ccrnnE1hI51ZvAm78fEgxV92FfAwkfVV%2BFmEBr5lhFvJQkhuWfqfzivlwnWVRwWOK%2Fp7PRi2gWUcBcVkuDIkWogF7QmB8J6myTRFNo1xhMU9r8nn%2FMbdvQz79fSTa%2BjsbVV28OTzjSWDSraKTA3cNzz%2FvrMKhkRAlWX6df6cwqcuFndPKLkDydQhb7aorPs17ZHlP3QG99daUN6lrzmHZQ%2B9T6DndUsLGxFt6cXwznMIun%2FcQew4vda08kb2CrqZ2y1qKp8iuxykNNwmx1%2FV7kCitIAzZPfSMjJVHgJAddO4mXRlQpsRoq56RYt2p%2BhYAp3cVsPYOZ2j04aQodYJgQo5RstAFPfXfLj6tzXUV%2FUMVikCuq7xG4qv1R%2F0aBeyajZQI2vvcBnKzmXwEslTswQgibBYiveTZxjtFjhvOF7ML38BnuXJkuLQ7iaBgHnfHcjC78NaQsPZD7b62qNVVhpB1ShplS71fMpAcmZimBpM0k4OYlTsZCi0G05XG8VOjgFCNaV2QbPiNfnApHTKMkEpeVVCFO5nOqxn%2Fil3B6x5QcNjrHUtiMaFoWTrVTepxeCzlbfIxwZG32XXhS1kuVXGKnnvHaCwc39PF8D90%2Ba6XHWzC646zOBjqSAZ%2Bkw9phbwgpXhapWJZ4JPOmHmKG%2BvUASwfTCnUu6%2BbZCslf4sQvR1%2F7lt4JPvv06mycycEXqDp2dwtaOkDSw%2BU9NbLywCiNF%2BGR%2Bbk8SvjKcnx%2FHPRl64JnpHXjzNBbAWAan7Hv%2Bu1%2FegUT30A2nzm40GbiKEKbRIOrRQ%2FKJDdA41ZHy1hp6ZJ6vjUFCue7mPpw&Expires=1774927818,403
https://data.mfe.govt.nz,https://data.mfe.govt.nz/layer/111150-stock-exclusion-low-slope-land-2022-deprecated/,https://kx-dandelion-live2-private.s3.amazonaws.com/documents/24740/25891/Stock_Exclusion_Low_Slope_Land_2022_Metadata.xml?response-content-disposition=attachment%3B%20filename%2A%3DUTF-8%27%27stock-exclusion-low-slope-land-2022-metadataxml.xml&response-content-type=application%2Fxml&AWSAccessKeyId=ASIAUAYMOMIPG3ZUKSS3&Signature=eujEoofTeBRo%2FkvnVclbSrgq%2BfM%3D&x-amz-security-token=IQoJb3JpZ2luX2VjEGsaDmFwLXNvdXRoZWFzdC0yIkYwRAIgGZY9uSpIRhtxBbkrHPzkSmPEzgZEbHcQgdVSL5AKqoYCIDWx0aIaK%2FkYG20BUn4EE1VnOAEGbaWjj2KCTumJL1j3KqgECDQQABoMMjc2NTE0NjI4MTI2Igy95nLFwen0217B%2B%2FwqhQSA7s6tNQ38jlW5zDhixAHSGBRqArmy45Lweg2xU8JzK5qhpfZXeNiaxaun3rvWYabbnAD36PaKmgNcvffCDwzQOkeomGzN3L8ahn%2Bui4129TTliXekAeBeXGLfKs4TTECpCjJwSUu3yzwP50LQagIoOChXxRGqpc2yPl3O6F7u0wHyus3Bsy3e3bzrzFzt%2FXoaSQ6%2FLsGAELQtlBAZSUk8z35w79fJSU12O74I5dMME3pe3Zgj3qTR8E83YqeswlrCfcixT1j4TRilTATovZGh4MLDa60m8cMjfbOPIbMKNmirWGiZ0jinsbso%2FemCQiaWgtrdbM%2FbKFtcJva6%2FUg%2Fgu0EwjK5Z8vSpirjvPZFvKY70OwEgLmDupSuOjRqaOgzYQmxYrmoeX205sHj0YGHsV185BnOEbbnMYzqO01vIFGSU%2FVVD0GcV4N4Jn3w9mZ77jsZZNllzPf4IEpB8Sf6Cr2ys7%2Fd%2FQk3CEBsk%2FqLrRldQuSBQh8G0YC67Zm9k2QvDZcpvCDbvZUUo5NuvNsbsucPu%2FXM2waxSxKRdk9gZKgPJO6Pc%2FcDXsd6nRgQhNNZng0TeUxw5Iav7gmXeZMD7MhqcO68SHjaF9Z1ZuRTeT7wqALspG%2B00STD%2FDax08h4WC%2FWDHVQ0FQHgnDHYSD37ljWC2rDgqbufZ%2FtxRcqNU4idcV9MJDqrM4GOpMByftShzM%2B%2BT%2BXJ3l8mzOE2JXs8WiS%2Blq88tv%2BHDedlZF00WgsyVxXMmP5PEZKY7CR8bdFjMLzKV%2BlniNMLc2se7xie%2FHXG4ONaoltj8ap289xqoLDhzWUMyMrxkKndMyfur7dIdbesr5h2WyI%2FkKjBCO18nNiH8ODnsaiGTeIJOjWHsyEQRa2QSZNlqupN02AePU2&Expires=1774928910,403
https://data.mfe.govt.nz,https://data.mfe.govt.nz/layer/115364-annual-and-seasonal-rainfall-at-30-sites-state-1960-2022/,https://kx-dandelion-live2-private.s3.amazonaws.com/documents/25024/26399/rainfall_ssnlannl_st_Project_metadata.pdf?response-content-disposition=attachment%3B%20filename%2A%3DUTF-8%27%27rainfall_ssnlannl_st_project_metadatapdf.pdf&response-content-type=application%2Fpdf&AWSAccessKeyId=ASIAUAYMOMIPKLLMP5VV&Signature=gyufn5G5LCLeDljeaJDzxJzhDeg%3D&x-amz-security-token=IQoJb3JpZ2luX2VjEGsaDmFwLXNvdXRoZWFzdC0yIkcwRQIgfWGf3xryDuVEq9%2BSXwSxWhdaH4vY%2BVj8n5b6SlrQNRMCIQD7koz8KGVzGEQKvhqGLPnlOzpXR1Tn9jTuNLEEnUpwkSqoBAg0EAAaDDI3NjUxNDYyODEyNiIMh1xTjDXQeDC5%2FbhcKoUEOyGcALwZdeoykfi9jwaecTpRkrMsrBnh8VGSNBk6aL%2BlGsI3006RBU77ZMasALbapx7Sl4tauFoMOeyAIzIVIdO3%2Bdx9sNKEyydXVinvLiKGfOI5LLlCoOTMTs%2F%2FnnyTL20ne6W22g0HZkmhZssHO83aX8xpGbPE%2BmAMtRlntwoAUqK5rbZqVjoHSXe3r0KTvIVq%2ByyUl76iC%2Bvvzk5ocosg9YkgMFclaUXQjN2kYn6bjIb25JPWafx8Ly%2BJsU2gnww%2B9nhX4RhpB%2FPr68KsUVqSf%2FJMIWd1PEqfCeR0zhUcb1OldVRz2CKvb%2FyU2CCXZaGP%2FQjxmNq0SQ5lcMYbT73JE0zXzfVL5gsrdVd03FSTw6CYp%2BQJirorYL33erbBNJKvvBzOaGaXOPIzSdQGvJFvonggr%2B3gClS0zd0KaXrsexLeX0xVYw%2FaZ2%2BR9h3anG5M3kqWig28XLwmvYOocG7ihVvCzJE5z%2FAGH%2BMkgbbhfre1%2FNyB76OMwkWFCuXm1G%2FtcQfSr7nHdwP9%2B%2FghVEO2Nz%2FAgvriXvic12CfFOKsvWr6Pboay%2B4Zk4gOHuR6efkO2xsZTih%2BJmHLi652paR3SRSV4O0YhKuYaCR9SwOh7eOb1IvOp9KgJWKEP2hQ4FO09z0XpvFm2Er2h1hTr7TyVP9rN6axcwfCC4QMtRyi7Nk84DDC7qzOBjqSAV7%2FT4WMDaKEYdgfKkeWX8RVpQMHoAPdVBVidzNug8%2Becy1bax%2F8DvVUFwS88h8hD%2FXuwHo3tbk3NRT1T6%2FgXQ64zaMPl2ceDQnEqdDM0DO%2BRMA6YPHKiqGOmHLk3iZkNYAjpA1ximqkqfOIN9uTMU3pEVOR91S7PDRFZRapYe9iU4Ndl%2FWYBXs%2FZtLF51%2FLYd0m&Expires=1774929234,403
https://data.mfe.govt.nz,https://data.mfe.govt.nz/layer/117733-lucas-nz-land-use-map-2020-v005/,https://kx-dandelion-live2-private.s3.amazonaws.com/documents/25754/27725/ANZLIC_LUM_2020_v005_NZ.xml?response-content-disposition=attachment%3B%20filename%2A%3DUTF-8%27%27anzlic-lum-2020-v005-nzxml.xml&response-content-type=application%2Fxml&AWSAccessKeyId=ASIAUAYMOMIPGFUXP4HG&Signature=q1rDzCF%2BG3bg6Rrw%2BWMg%2BjpmLVc%3D&x-amz-security-token=IQoJb3JpZ2luX2VjEGsaDmFwLXNvdXRoZWFzdC0yIkYwRAIgVW%2Bvwren83YlgOTnFRcFaYEeMvZTHhR0WLm6n5ltCpgCIBCKntCe9MYEDMaCChl%2BqZxi1YwRic7ZUqaWEoI%2B8dklKqgECDQQABoMMjc2NTE0NjI4MTI2IgytTbfeez%2BldX0l6QEqhQRtbDqrH02L7iXPRIbuwfX5lSxbvlPy9BZJVi60FTazSeXThO4DRYrZsCvDxJwNwvvlK9LxUsEhvejTq2081hiepdUzi7S8re%2Fbch4078zDEXBst6PJ70UuLicO16GBABdnB4c79saYyzNOA%2BxB8%2BPamfK%2FJGCWMgY4Ign7jYQB9eEa%2BPE%2FQ14s2L3M%2BLHkAngX0pnreF8KINlvtBaAfdrp65nUMVTf9ltBto00Fv8kXZLO7k0sKhpY%2BRLZEcWRmgTr%2B96l1btCwOWWJtBi6DJB%2FY7iv8%2F9iFi%2BM72DyM%2BMB2BOVDOZd0uFY%2F3Lu3YdgIbdU17ahLCtUv56A97vwIyVt0UZv0Wbf7mjRv7ZAqfoalGvHkUKf%2FD3HlGDNeojlLXua857xSxOBDpfXm3ZSlBHs%2Bl1mygSjOoS3hEpFbuBsvRsKnOnBkZHjW20o2LTB1i7NFbNlK7XOvTnpq0b6pe99VntcRjssCxAiey5MYDtPAskUpc37uGacCDjcrOwNduu1PHq9C7VCiM1mpYbWeTBv08WHfWfB0L%2FlRsncc4NvkhbsR%2BU1ZsBlnhYAJlRc%2FiCeRlFQcVvzONfNv6WOrluFfPc9UFgDj1G3eLByRzX3QdctViuF7f5LfFLFiFmIK8EJ6kO%2BPiG6nfapXmSa7y7m%2FgPbFM883PYOKq1mD9HL5NYLxtzMLPqrM4GOpMBOlEIc98wr8K768SGd%2BJg4NE%2Bx1WVDKh4jmVTUwXsHjZNYmUhQe2vMVzVSkSKpI4Pc4JbcH4qdG4nAVz8R9VTWtA7GJb7w6s%2BP0PQO0jUnhRCFkFGn9kkacT%2F0Zi5I0%2BdASugTqjMvMfMiyQP5W2k1f5IG07fQqD1%2FNvGOYorKF2Qx3lJb9dv1NGRxPvcRBQobT7x&Expires=1774928707,403
https://data.mfe.govt.nz,https://data.mfe.govt.nz/layer/118263-lucas-chatham-islands-land-use-map-2020-v001/,https://kx-dandelion-live2-private.s3.amazonaws.com/documents/25277/26897/LUM_2020_Symbology.lyrx?response-content-disposition=attachment%3B%20filename%2A%3DUTF-8%27%27lum-2020-symbologylyrx.lyrx&response-content-type=application%2Foctet-stream&AWSAccessKeyId=ASIAUAYMOMIPO263Q775&Signature=APAWjy19tIjKptegxjYlp48rFLs%3D&x-amz-security-token=IQoJb3JpZ2luX2VjEGsaDmFwLXNvdXRoZWFzdC0yIkgwRgIhAK7jt8gn0rF2w5vqL1eUSQne4LWgQuYPZr4u5VVKu%2BNnAiEAtmKD8txsPCO%2FfLEoeVRt0l8DHi0SXi%2BcrNKvcs7JERQqqAQINBAAGgwyNzY1MTQ2MjgxMjYiDDflXaSbxVua90ZnYSqFBObM8wRmA2K0D%2F8AFsuASkPGcSGS3VJLyuIZZhdVa14pk7ZUzzJF6BvN%2Bth5AWC6upZhMILt%2BYtF1It7KTP846zFwcKe1xvG7BI%2BEIegV7U0N8I1FBHRyrFT5WNarD%2B88pXkAly9064O5Co%2B%2Bj3KuVxINKyp0TMSWUVJ9ajz%2FMw8xFXWAlornZta0e6fkjGSIIZWt1BSMDEa5m1ZAFbHcjZ8ujSdsFavtOS88RjY0XCSxoToGdDej1Fup84N013UrTVol63pfqmVikzygGBSeMtYwCYthW%2FVCmw22orIgjWXMv3fVd23RIV6uTRTs7ofP4C6MrnvOGA0NswAPiKtse1eUN0MP7pbLkNHklbvsKMyVAxB9r6qp6H%2FyRi2o0GOPYaKFqLNDhej06DK8gDvmkkQ3XetnxkQ4NJ5nRIb2RcMe%2FZTL86X07nZtgs5xFr4JWW91M31vLMc3FYFrpz6xLVrzhhmSqOQDWMBozvXdFARSQCXGuJVtD2Gr6samU2sC%2BoUQy027NWK7jIaQw4ltwWlni0ZNFHwV6z4PRBtXI7JuGRSl7gY%2BAd%2BfBclVW9inoIZuiw6tVSTmXXdAKuSpm%2BTNeJVBw5nUKkC5DRuTDsdhwi9WhJg8iKQszgU6eklpN%2F1NyPV%2FsXDNppz7tuda%2FuTTqPgHfF4qO5GWkd9fVoNRWdVoNMwleuszgY6kQG460ZMWY%2Fdk7bfVS0P8%2BbloUMBZJMvmpS%2FiDweTo5%2FWfS8AuTHMYakqhSwqnPfIxa%2BJpLt%2FPezfiZCNIw6R1JnnuQb46u6bC4FnGKaQdgCgBNsRRIJdLhFiXmFPUcjQF6Y8mIuaq6OR1Nga1gBhoU457hxc2RVnPdjZIstK1OvTFG4TBlQblJB23g02ZtM0Rxa&Expires=1774928805,403
https://data.mfe.govt.nz,https://data.mfe.govt.nz/layer/52364-river-environment-classification-catchment-order-4-2010/,https://kx-dandelion-live2-private.s3.amazonaws.com/documents/11121/11123/rec-catchment-metadataparent.xml?response-content-disposition=attachment%3B%20filename%2A%3DUTF-8%27%27river-environment-classification-catchment-metadataparent.xml&response-content-type=application%2Fxml&AWSAccessKeyId=ASIAUAYMOMIPFBBPWD2L&Signature=KfXFG32ThcippwBnvUuIPzTdpHs%3D&x-amz-security-token=IQoJb3JpZ2luX2VjEGoaDmFwLXNvdXRoZWFzdC0yIkYwRAIgEE4%2F%2F%2FLeJLStD9p4BrEegykxA1WlqqGjp1IO%2F%2FaRsgUCICBsvcCRSBSVQ2kPX0UzPLoEQcXoE2DglrwiKNm28GU8KqgECDMQABoMMjc2NTE0NjI4MTI2IgwTjGahPbQVtj461YMqhQRN0kswMTbloXIqnWJZ6IGLKRIGCuIUyGVRj1ru4RtlgdVvmfv0B8iScl6UWFfrwQgPXt%2B2abDYYQTmFDlNZw7pRD%2BPVcGIq1mt5gi%2Fr5i3rGn%2FG4t9oQLZlaPtkAJuoHY1%2F3oQSodRXr7YaGUhO2LoZsCO%2BddUHjjU7QvHGgHabfjl6tCkZzw5Vr8aAoJQyfcLtLQjoqH0fXw0nMQlDC%2FF31RzGXqM7s%2B26rEgr%2B8ztqEgw1fV0Xo46jfmQJCYM53Dnqf%2FMUBFAUNYqziZSYZ%2FexSSvfI21%2Fd6zZEDyskHRJYClCp5EVYfs2zfKDz%2BAvYW762fXJrxojrBHKv%2FkVbJTaEOFtkMvxK5TsYqegyVz1z99qkcRE0Pwxvtpbrsu9G7xym0F8yYonohhf5Nz1xwkViV65J4xIVo8dHiBlFO7lJJQlzB0%2BPVy1pJVJAYE9fE8lCNHfHgNsIjjuEqlWZ1mJhXEW8kqzHFf9u9DqDucT70WAeZDPaYk7bKKpExfPocjs8DGcEynyZoKEz%2FgPduico%2BmkVfJdocf0aNiqLdw4QNtmijCJpaRUKitiZr6ToleW8JMl2nBAoYfCSN%2Bp3tW%2Bro34zGeLEQQc2Xo7u1UreEtvEv9k05yfZpXUBhueYWr2pA2ytVltKIx6vohj1SWZzz13ulf3kSKrjemDm3kmi7Z9NMMPbWrM4GOpMBPWsvskLY4WTzwbbMQ8YoESe2OYJpOetolOjfpbSnuoA8flNnmaajE%2FgHcdqlw%2Bnvwd5f2DE0ohK9XEE2u04ptoVN3frUm%2BsUwX2yS%2BmusWiFNGTgSeZfPJnvfgUc%2BWJ8xvti4AiryynfTcXROOfFrv2W2LY%2FCMmC%2F14HJSLADLmarZucXux%2BYLbCiNtxqc1S7wiW&Expires=1774928825,403
https://data.mfe.govt.nz,https://data.mfe.govt.nz/layer/99776-sea-draining-catchments/,https://kx-dandelion-live2-private.s3.amazonaws.com/documents/22287/22391/FENZ_User_Guide.pdf?response-content-disposition=attachment%3B%20filename%2A%3DUTF-8%27%27fenz-user-guide.pdf&response-content-type=application%2Fpdf&AWSAccessKeyId=ASIAUAYMOMIPP5Y6GYGZ&Signature=yGxIj4wzTyQjtldVSZ%2FeOWOfRs0%3D&x-amz-security-token=IQoJb3JpZ2luX2VjEGsaDmFwLXNvdXRoZWFzdC0yIkcwRQIgeZRJFm0UxSBWwfC4UylkiPgn1sd%2BNly3RIpNUBMyW5MCIQC%2FArSP7zsbdZxwW%2BPl5%2FDq7heTU5T8lj1lAZoFWd3amyqoBAg0EAAaDDI3NjUxNDYyODEyNiIMrGeu9N8MKSJYbQMHKoUE7c1IJlKftqSVu9rocLkiIRlb%2Bs1M6fVu38sU2Ck2r%2FyVGK6lB6O2YSIzLAxVDdFctICxDv0SmCujFo4Dfe4KJIRYVwQ1k4XWAETqLsGxgNlz5tPWVQHPeRdsG1mocrSZ2FuaUoPvhyp1Z0NLh7x83HsQ3EbVT9xG3AdbL4WiNdeJF6IChvnoWaKBt8odWG4YXSgXsyYHqD8iQQv2Q282F5CD8%2BrsWF%2FfG0f%2F3E%2B0KKMVmLv9icwQQnGYJn0lY5XuOEn%2B%2BW0CuChUsroEAaQJ0vKHR7Z39DtZoSN29vF%2FyegU2NwCV9jBScPPbuI3oHNUr%2FAH1lCuVRJOu6kmGncn7sMv5XcTIqiWAO9WIcvcu2uoiIxMQa5rMhjKrVpeYfWyE%2FB8nx5o50lKMdxl5akxN5124j9WC7k7PX%2B8k6qZWpdZUZjOxoOQbnauAw69JUjwoe2sEu5Oyr4XPMKfKehaubKO3UwuzEI8GYT7WWW2%2Fp49VD90Ha%2FKauXWCobTZzJmScUHuR8OtiDBqw2KCHsXTyZo7CIUh1wxdQxuUM1v4Q0rOlLWW9ppdvjxd9Ouy71iPd%2B1qOOlAaiFcUrdBXltV7naRlGLZd4XNCSi34l8fZG3FdtkNcoeh0wafSQkduJ3DVa%2FmQeGVMP7d0TD28amMHzOXkcugKwDZR1LKwDPlR%2FyFT0HhzCZ7azOBjqSAXFsmre1ReKak8XIdrBObLS%2FuzEwB%2F7sicoW%2B%2B0guRgTNC4L2%2BJ%2BeiYu2lZzsOAuCqxobZqde4eowwmVA9oViH4si2RNjI7p8eLQX2wxAUVsGNFSsmse9eP60UT11bK6q0YwH7lObibbiuAcEgBOfsBedcZBD027HEltX%2FRKwGja7seCyJOO5IsWECR1qxvf%2Fl23&Expires=1774929065,403
https://data.mfe.govt.nz,https://data.mfe.govt.nz/layer/99909-lucas-nz-forest-clearing-2008-2022-v022/,https://kx-dandelion-live2-private.s3.amazonaws.com/documents/25241/26855/ANZLIC_LUCAS_NZ_Forest_Clearing_2008_2022_v022.xml?response-content-disposition=attachment%3B%20filename%2A%3DUTF-8%27%27anzlic-lucas-nz-forest-clearing-2008-2022-v022xml.xml&response-content-type=application%2Fxml&AWSAccessKeyId=ASIAUAYMOMIPA7DWZ7IA&Signature=As4NXjQSerTGwhf4%2BuOveuwus3A%3D&x-amz-security-token=IQoJb3JpZ2luX2VjEGsaDmFwLXNvdXRoZWFzdC0yIkgwRgIhAPyKVMYIaDdHDrzKX1HbN3xkR8V%2Fum88i1Z9%2BEzEUSbxAiEA6lA3WR2O0KyZy83HrjRALGU%2BGUs2QAvRHvS9%2FUXfnlgqqAQINBAAGgwyNzY1MTQ2MjgxMjYiDL6Rb3A%2BLj6xU5bo5SqFBIztujVOs7KDhOg6jsecHmypCVLdx0oNBWBZ0JAFUbtpynZD5IHkoL1XeuCXH1qEiwRXKaGSNHbBznvklx%2F7No4gUPyiFEJGDddpfZYMD5M2l%2Bwmr%2BktXG3x8FrvCMn2gM4qP0dWFowUKCBHGTEmbKaMjuDXfkNPgkdq%2BGQSINnIr%2FpnswnuwMpxQJ6dtHfvtw4VN2LUpMmwAoPWVcNA3CpQWfwrBeZbHy0FCLQIIljBa%2BDLiy4gyzEGfqMC2zK1v4P9yVd6SNoDmsmGIsc1ubfbw0GfaXVDvqA9LmkifmCel2J3TNDawgW0zJhcm93umn9IVgAukl23TxVjNZua7UugL424e3x1hGx9Zs1cMzs7xv5TUpgjmtu0XqFyUk0onWGQQAE2bCseLefpPmDzbZkSZxvoPycMnXkMXEk%2FuxFQO6ea8mq6gXE4KetbK3BA5EoUGQGnwnwU2A1vvWurDS5MO980PTopHersnOwJdXiQhYveevLP1O7WK0QEEaGoNDn6IQYdqxdYEZFWuPChNoUUDEXXzdReYVjLo%2B5PN7EW6Uu0OJXYhfga0ItLUhsJm0TOouB9JZ1rrFpNn2AFkraIfFH1aVlyjyAi2wTNL8qK0m9seYlBtgstdnFQlSH2HY7fnFRBPIQAPIXomlTI5EzB%2FLmAiXpTrxFrmKgD%2F9C4wKA13A4woeyszgY6kQHUy0KkciXjYjfNHvKOvZn4zamAUt3CdCCbShGKYP5lT3aszyVySONBcMmjn9PeQUYGhekUZxEGO%2BQvJRqOJzWX1Bt6HuhCIVWLiCe97ZCNG6%2F7JYOfi%2BS%2F88Ir5Bj%2Fk%2F%2FOZ6Np6DqDam0k7FYRRxF5nuJ5dC8kikvyA4uPPaxMxcetprTuw%2FjG%2BolFdgqof5HZ&Expires=1774928945,403
https://data.mfe.govt.nz,https://data.mfe.govt.nz/table/104834-resource-consent-applications-2014-15-to-2023-24/,https://kx-dandelion-live2-private.s3.amazonaws.com/documents/25718/27653/ANZLIC_RMA_NMS_Consents2025.pdf?response-content-disposition=attachment%3B%20filename%2A%3DUTF-8%27%27anzlic_rma_nms_consents2025pdf.pdf&response-content-type=application%2Fpdf&AWSAccessKeyId=ASIAUAYMOMIPOXI6QCQU&Signature=349zFj3iLlhrViDH4Brojzt6DRU%3D&x-amz-security-token=IQoJb3JpZ2luX2VjEGsaDmFwLXNvdXRoZWFzdC0yIkcwRQIhAPBgBFHkJW5IWm7EcOO6%2B4FMbY1d8FaBbnY5FLKRjCerAiBwDQPIdH%2FgCc8uCCTxHpKRAzS5ws%2BqtXdrkyvajgM7GSqoBAg0EAAaDDI3NjUxNDYyODEyNiIMXqr%2FmShliBnSLxWfKoUE3IpZlRwyNw%2FTp6kXI04yVjy4zwjMjeEZv1%2Fx897XEFHe0S8OJL3JSEDQCYE8OPnsxbWLjA%2FWQXvS7X%2F%2BddScwz8%2BSYjqmHiuqkjb6JdH7uMV5wwAsiT%2FWzUqj%2BO1mwSDPhj9lBKediMeq8F0i3GQmjCndM1RyCrqOfNuFCOqCzSvQY2yXx%2BykLeyq46JzhCcg6lSPvk9meAkwhRTLLYZloGK8y4%2F7%2FOJ12DnMnQznnPlP5k%2FMDTzlwJNbyJQt7MdCsF6RKZeNYNyfZaoTlZ4FrxNwfRMwkM%2BGEpVMu5kWoHKjqsyhrd4oktqdKTn%2BcDyyS1kRgHvHO6JG4%2FD%2FnkJ5zYy20WKeCZyoiSoZi%2BJhrK%2FwxiHShvzgGnPyNXcQubNuDUsw4Zq7IE5s4d39TpNQKWU9T2PWEU0FklcU6nJS8c0mm6mK6QxUk1Q0%2BEkjKFL87XkyIlXpxVJJV7pmzUXBPHs9n%2F2AoQruTuaeEaPP6hXi%2FgS7woAKSv0I1aDcUCd4xzDZ%2FxAg9wf%2Fq%2FmVXm9YaMi79%2Bvw8j%2FkOU%2FTjewk8j29KTRCtCbJdsf6QAe5JcFvxDa9tjjAxO6g8960V3uBkQJSnUz0Hs3idjflq1Y43xdWU50pdLVUuxH42mdhBuVjc88i7ML06tqlSn5SvFsUe3UK9XQt3FD0aXl5ah0xKQMAHiiczCy6qzOBjqSAfAXHH0KHJNEIM7j10nHIS0DBsB4VgbY8awCcPA3H7um9KSC9u7ce1PGC4qgSZVKuK7fZo%2B8v4%2Bk%2BCJprffZfHEP9Iwqr2hNLjDIltJbN9r279iCV%2FSpvyDCCJxTqRPiiAFpWcblD9KvhYkhWn2%2BC38f%2B0HRuisSB1fexT7sU%2F4vnSRHg3kuUFKeYR66vRdeS3jS&Expires=1774928706,403
https://data.mfe.govt.nz,https://data.mfe.govt.nz/table/104834-resource-consent-applications-2014-15-to-2023-24/,https://kx-dandelion-live2-private.s3.amazonaws.com/documents/25719/27654/ANZLIC_RMA_NMS_Consents2025.xml?response-content-disposition=attachment%3B%20filename%2A%3DUTF-8%27%27anzlic_rma_nms_consents2025xml.xml&response-content-type=application%2Fxml&AWSAccessKeyId=ASIAUAYMOMIPDBS7TYZF&Signature=X0r8uQFjdfLxm5i%2B%2BOlTa4bGxT4%3D&x-amz-security-token=IQoJb3JpZ2luX2VjEGsaDmFwLXNvdXRoZWFzdC0yIkYwRAIgNc7nPKLv6sY6%2B4Tu5cZaQWjXX72Eezls84G7PBhAV7kCIGGtT1UdcPmb8KemQ2hcKUJbibeKECKodqII3YtEuVdcKqgECDQQABoMMjc2NTE0NjI4MTI2IgytMaVafHyAn%2B4cXxEqhQR%2B4JRiH7twpQvWZFPNvcRLgof%2FrHnShc1u5DsGTFLocee%2FydjnvEqRt7Br5SDX%2BaCOsuWgp5C9wENX8mWKIE5Wgk4%2BxGCYfBEJvdwe1JaJV6q%2FoJfgDe5n9ZaqvMFlp1W6bfDdvuHqOdVvKtC3%2FbGz1qM6jOV7AyjlzmiPBkw0rQbLB%2FVTrh%2BetujGt9awIQIJXslBdCUfAMwQAOxqUQlHmZofpYWgpou44%2BujxkDSuAXetHU3VswxQQYxkmob4LW7vmRvw4oW03bmgv9Z8P9B4RSVTUWrm8RxGPNKXigh0bCr%2Fvb8rRMj%2Brbu%2Fuv62%2FyjQ7Rtw%2FFFDIQ2O7FQDVgNHXjlTyA9rHDkYo1SnXWeESH7SzqJ2pPP2Ot%2BZvtIGUNxPI3C4ddBx4r0YGwPOWpxqg4hE9CffWqMKKzAYryYEemlpJyUFQ%2FcfTJtTplgFqO9r9acXasHnWU4%2BvJG3WWdZJ5q1YEpICAPktBCsctV7ufvBU4x%2Bx5Bm7L%2FKEN46OJ4T%2FP%2BdQRyw51zsHA1arsfsjpg9P4goiVxidvh5FGwx%2F1zQZuqwpf3IHRzo42I1Ikd%2BFNK%2Fi%2BIUOrkrb24o6Z9r04WtkwHW0pBycPPnId73mobMj9NJE05Ae6rMAP0MFTCjjSD1EjCvouoMRKdECZ49qZmswdfMgRDR%2BVwdpDgf6HNDqUAMJrtrM4GOpMBkE7LI9unt9ow6Icritf%2BH%2BeYlAfxMXISE%2BsKEX28SBmG1JKl%2BGQkYBnp1Nbr1AysymHzBKNqpPJ4kr4v%2BHdzW0YsYsPiZZC5Qv%2FJ0rFPyC0tF81pgViaGaKmFJq%2FbOMQiPH3nwg%2Fkmy1JYU45m%2B9CzaR86%2BfieAlz3cUlhrUfFO7SoxK7FcvfJWjIUhUAJCu%2BAbQ&Expires=1774929066,403
https://datainfoplus.stats.govt.nz/,https://datainfoplus.stats.govt.nz/item/nz.govt.stats/cd858d81-b969-4cbd-b3d2-fc3b07644cd0/232,https://datainfoplus.stats.govt.nz/item/nz.govt.stats/cd858d81-b969-4cbd-b3d2-fc3b07644cd0/232/pdf,500
https://deathdocs.services.govt.nz/,https://deathdocs.services.govt.nz/,https://login.realme.govt.nz/b2cdiaprdrmpubdir.onmicrosoft.com/B2C_1A_DIA_RealMe_LoginService/samlp/sso/login?SAMLRequest=nVNdj9owEPwrkd%2FzQQgpZxFOOdC1SFyPAteHviDjLGDJsVOvQ%2B%2Fu19chhPJwRVVfvTO7szPr0f1rKb0jGBRaZaQXRMQDxXUh1D4jL%2BtHf0juxyNkpYwrmtf2oJbwswa0niMqpG0lI7VRVDMUSBUrAanldJU%2FzWkcRLQy2mquJfFyRDDWjZpohXUJZgXmKDi8LOcZOVhbIQ3DApg9FJpjgG0Vg70%2B2kC9hwaYLCFkHEPiTZ0KoZg9Ke%2FIUu%2BFClrchbaNeSFYZQpTVvW2ECbQqhTcaNQ7G3Bdhg%2FxZNPLN9NZvlk67hNs5k2js7yw2bIKEXXbn3iP2nA42ZERa2og3myakXz5rRiy5NNg6Cf9NPWTFLa%2BewD%2Frp%2FwdACDNL3rOSwuGKI4QkZ2TGLDRqxhptAyZTMSR3HqR32%2F31tHfRoNaW8Q9JPkB%2FEWZysfhGojuuX7tgUh%2FbJeL%2FzF82pNvO9d1A5AzsHS03RznejtxqyLkYz%2FITSs%2FlRH4fXEy2F9dSNm04WWgr95uZT618RFaKEz19ldMntbVPMiCn93gtKq2RMtKEvCy5jz6UJxSs7doIVX25lw%2FTaRbsUl7P7Lkgam3iVt9qeCW4q2QMqa9rSASuq30smin%2BerKzqnvJnpuj7pYmUNqL09dG59JG18Lv51q%2FCDTzv%2BDQ%3D%3D&RelayState=%2Fdashboard&SigAlg=http%3A%2F%2Fwww.w3.org%2F2001%2F04%2Fxmldsig-more%23rsa-sha256&Signature=aGXMiJa8evatGw2y7YOOpopELqXuEbwpjGj3%2F2lf47GUPqKJs5WLxxFF8qryHvoMxHX9Qp6T7yUMPW%2FSnLr74Kijd13yBJW50m%2BKgMJN%2FL%2F4hJf37l0W1XnpO9h3Ob8814eec3A8bjOLo3eB%2BBdl0T%2FQ1RSsWISv1Xta5zaDxXccDRDsAhxlVLClMhsm2ddeau9JEoEZjue5YCdvbJ64EhnEbtV673cyTK8lBiIRPC2O5pGradX5XY6%2BkaB3ZBHurywriyLLPLu0tCUjbQth6Oml%2F6WLqbYAnrbk9PafdEKZeJawGlKrsmPk8rh9UnpiFh%2Bb6ImCENKA8KCyH3XCgw%3D%3D,404
https://devdata.mfat.govt.nz/,https://devdata.mfat.govt.nz/,https://devdata.mfat.govt.nz/en/countries-and-regions,429
https://devdata.mfat.govt.nz/,https://devdata.mfat.govt.nz/,https://devdata.mfat.govt.nz/en/key-topics,429
https://developers.realme.govt.nz/,https://developers.realme.govt.nz/,https://login.realme.govt.nz/32179062-92f6-4eb0-89bc-df400a9e0367/B2C_1A_DIA_RealMe_LoginService/samlp/sso/login?SAMLRequest=hZNbj9owEIXf%2BRUo78G50EAsiMRCu0ViAQHtQ1%2BQcQawlNipx%2BGyv75Owha0qqgf7TlnznwaD5DlWUFHpTnKFfwuAU2rbc8lzyTS%2BnHolFpSxVAglSwHpIbT9ehtRoOORwutjOIqcz7JnqsYImgjlGxk08nQWcy%2Fzhav0%2FnWZx6L%2FG7o93p8twPe7cX9uO%2F1%2FX3vC0DEgzTYR9z3GulP0Gh9ho61dVqNG2IJU4mGSWPvvSByvdAN%2FY3n0zCkgf%2BrkU7ssEIyU8uPxhRICcnUQciOBpbl0Dmok%2BnIdxIGfi%2F2osCNbWu3CzvP7cc77qb7ruexGLww6pGXYLz1R9vJdLRdWfkbbGeV1xr0SXAgNUuCqJoWTYTljd6LkKmQh%2BfQdk0R0u%2BbzdJdLtabxmT0AXOsJJY56FvLH6vZfa4UTpCpwtL6PNwaeKmFuTa5SJOdMI5OUtsPquS0hqqT%2F9spfWBSYI0VCTvj1q5IOiCPLnffgs7tnNPJUmWCX%2Bv76nxTOmfmOY7qRqTuvi6lVRSBBqRx%2FrqMskydxzafgaFjdAlOmyQPrW8LD2m9%2FpaegYtpj1VeMC2w2gq4MG5uHO4sHsvHmd3lFeyTKqp8z2jFgQpuKJoUKatKaQpFpq65DUdfZ%2BuHb8Apr%2FR2spk6r40GeTDHG6t%2FdmnIkSf5k9bH8%2BOnTv4A&RelayState=https%3A%2F%2Fdevelopers.realme.govt.nz%2Fhome&SigAlg=http%3A%2F%2Fwww.w3.org%2F2000%2F09%2Fxmldsig%23rsa-sha1&Signature=HMlHUSzuUCUgAAsI9p%2Bj1dFxRMkxmvraV3OxHzImGSctMjoK3J5oq3VeD%2FnZ%2FRnLVPc271NXM6JdK8VK8p49P%2FAZ39E2mdZzhXK64Xc%2FS%2Bty%2FelzlgSsGrDdYyrBg8TSGgmS9nroKlvvLOfYc5WgUc6jVPo5ezLpeszbZNoMvwBjxjz8n%2Fb9Ut6yQKqjhhyEDBrWyfr6%2FL5kzhaqiUSBpQ%2BLPtyb6AimjWgmmbT6YxUdjy6fpsG4CiyPtXmkKIq%2BUlgyznBxpYz3bkiB5XXAX%2BQ%2B5TQshj1yuOWmB0Hc9Y12N6nkUmPyZjSN0Qwi2HulWVSwWybL2pe0jc3UfyvJjQ%3D%3D,404
https://developers.realme.govt.nz/,https://developers.realme.govt.nz/,https://login.realme.govt.nz/32179062-92f6-4eb0-89bc-df400a9e0367/B2C_1A_DIA_RealMe_LoginService/samlp/sso/login?SAMLRequest=hZNNj9owEIbv%2FAqUe8gXBLAgUhbaLRILiNAeeolMMgFLiZ16HD7216%2BTsAWtKupDDva877zzaDJBWuQlCSt15Fv4UwGqTlefS5FzJM3j1KgkJ4IiQ8JpAUhUQqLwbUncnk1KKZRIRG58kT1XUUSQigneyhbzqbFefVuuXxerOPEHo707AMfvD2gGWd%2FL0myQ6e9%2BZKce0Czz%2FaHvttJfIFH7TA1ta3RaN8QKFhwV5Urf265v2p7pOTvbIZ5PXOd3K53rYRmnqpEflSqRWFYuDoz3JNC8gN5BnFSPv1ue6wzHtu%2BaYzfzzT7sbXM03idmmvVtm47B9vyh9eLOYieM54sw3mr5G8TL2isCeWIJWA1LC1G0LdoImxu9F8ZTxg%2FPoe3bIiQ%2FdruNuVlHu9Yk%2FIQ5ExyrAuSt5c%2Ft8j5XCifIRalpfR0ugqSSTF3bXFab3aIJGkFjP6mTkwaqDP5vJ%2BSBcoYNVrToGWO9IunEenS5%2B5ZkpedczDciZ8m1ua%2FPdyELqp7jqG9YamZNKamjMFTAlfHXJcxzcZ7pfAqmhpIVGF0reGh9W3hIm%2FXX9BRcVHcmipJKhvVWwIUm6sbhzuKxfJbrXd5CFtRR%2BXtOag6EJYqgSpHQupSkUObiWuhw5HUZPfwGCUlqvZ5sKc6RksAP6nhj9c8uLTnrSf6g8%2Fn8%2BFMHHw%3D%3D&RelayState=https%3A%2F%2Fdevelopers.realme.govt.nz%2Fprojects&SigAlg=http%3A%2F%2Fwww.w3.org%2F2000%2F09%2Fxmldsig%23rsa-sha1&Signature=Zh%2BNxZfjBlu7VTjWd3GEnKxEcwvcy3W69AenddogSaTqUiVHo3wy3EwBhGxgryaGsvNVYq3xyhRooIgOYTE3HUCmaD1LuJdHBWw%2BA8Q4Db1mhgGRcKPpvLo1C3WjndOOeOsHQuPM7B1uJU%2BvC%2F8p999Rmgn4PT7cxB7VkhWNzqID2tj37GvTy6IErZOwhlX3GZ6ObjDVenM9USXc27F0xRdGnt78rcz1nxwBxCrF17%2FtWFNuI3xmY6TgGkeTdGTpwP9pANZwQQhqFrCY%2FC2tfv0uoktjr7gmn4mmKRujd6sGgwBxgIGszS71zchdZ6ybD6rERwi9dC7bVHlFyMxFhw%3D%3D,404
https://developers.realme.govt.nz/,https://developers.realme.govt.nz/about/contact-us,https://login.realme.govt.nz/32179062-92f6-4eb0-89bc-df400a9e0367/B2C_1A_DIA_RealMe_LoginService/samlp/sso/login?SAMLRequest=hZNbj9owEIXf%2BRUo7yE3CGABUhbaLVIWENA%2B9CVykglYSuzU43DZX79Owha0qqgf7TlnznwaT5AWeUmCSh35Fv5UgKrT1edS5BxJ8zg1KsmJoMiQcFoAEpWQXfAWErdnk1IKJRKRG19kz1UUEaRigrey5WJqrFffwvXrchWNsoHj%2B%2F0hpL7rD2Lq%2BNSjAGkMnpPBAGIv9iEZp630F0jUPlND2xqd1g2xgiVHRbnS97brm7Znes7edog3IgP%2Fdytd6GEZp6qRH5UqkVhWLg6M9yTQvIDeQZxUj79bnusMx7bvmmM3880%2BxLY5GseJmWZ926ZjsD1%2FaL2488gJosUyiLZa%2FgZRWHvtQJ5YAlbD0kIUbYs2wuZG74XxlPHDc2hxW4Tkx36%2FMTfr3b41CT5hzgXHqgB5a%2FlzG97nSuEEuSg1ra%2FD7SCpJFPXNpfVZrdogsassZ%2FUyUkDVc7%2BbyfkgXKGDVa06BkjvSLpxHp0ufuWZKXnXC42ImfJtbmvz3chC6qe46hvWGpmTSmpozBUwJXx1yXIc3Ge63wKpoaSFRhda%2FbQ%2BrbwkDbrr%2BkpuKjuXBQllQzrrYALTdSNw53FY%2Fk817u8hWxWR%2BXvOak5EJYogipFQutSkkKZi2uhw5HXcPfwDRKS1Ho9WSjOOyWBH9TxxuqfXVpy1pP8s87n8%2BOnnn0A&RelayState=https%3A%2F%2Fdevelopers.realme.govt.nz%2Fabout%2Fcontact-us&SigAlg=http%3A%2F%2Fwww.w3.org%2F2000%2F09%2Fxmldsig%23rsa-sha1&Signature=WpPrUlfpadCW1jFLBkKn0OsWXD2hpd3ntMHy2ESESKZ5SPrpsCUlnLZF26sDu%2FVsnjjy%2FNOIEsNSD3ODzKoEal5WkbrIrghC8HmJhkqE1qe%2BN8I6c0774XM0C9OrRrdmV7TjJFjdowbbkkYTMcZcJKx4ZK%2BPOKwzl%2FPIGYg%2BVm1QRzHiAT5mGrXglIL%2B6%2BZzIT0jNESH1XmhlJkpUmfgfAxfCupGx1gSO9YTWTubNnCBqWCdb%2FYtjGGYTyptyJsmLipojLnEwvcilJFWGA70fepEG7M93JwwWshS4cRfVSUbDOLlVWjggLd5yeo%2Bqr%2BaQr9FHnZtjQa3X4faWGnB7g%3D%3D,404
https://developers.realme.govt.nz/,https://developers.realme.govt.nz/about/glossary,https://login.realme.govt.nz/32179062-92f6-4eb0-89bc-df400a9e0367/B2C_1A_DIA_RealMe_LoginService/samlp/sso/login?SAMLRequest=hZNbj9owEIXf%2BRUo7yEXaEgsiMRCu0XKAgLah75ExhnAUmKnHofL%2Fvo6CVvQqqLOmz3nzJlPkxHSIi%2FJpNJHsYbfFaDudM25FLlA0jyOrUoJIilyJIIWgEQzspm8JcTvuaRUUksmc%2BuT7LmKIoLSXIpWNp%2BNreXia7J8nS%2FSyHdhNwwo2w8i84UuePuQDf1o4NFgx76wXTgMAYJW%2BhMUGp%2BxZWytTuuGWMFcoKZCm3vXD2y3b%2Fe9reuRfkjc6FcrnZlhuaC6kR%2B1LpE4Ti4PXPQU0LyA3kGedE%2B8O33fG0Zu4NuRvw%2FsAexcO4x2zM72A9elEbj9YOi8%2BNPUm6Sz%2BSRdG%2FkbpEnttQF14gychqWDKNsWbYTVjd4LFxkXh%2BfQdm0Rku%2Fb7cpeLTfb1mTyAXMqBVYFqFvLH%2BvkPlcGJ8hlaWh9Hm4DrFJcX9tcTpvdoQytuLEf1clJA1XF%2F7eT6kAFxwYrOvSMqVmRbOQ8utx9S7Iwc85nK5lzdm3u6%2FNNqoLq5zjqG57Z%2B6aU1FE4ahDa%2BusyyXN5npp8GsaWVhVYXSd%2BaH1beMia9Tf0NFx0dyqLkiqO9VbAhTJ943Bn8Vg%2Bzc0ur2Ef11HFe05qDoQzTVBnSGhdSjIoc3ktTDjymmwefgNGWK03kyXyvNEKxEEfb6z%2B2aUl5zzJH3c%2Bnh9%2F6vgP&RelayState=https%3A%2F%2Fdevelopers.realme.govt.nz%2Fabout%2Fglossary&SigAlg=http%3A%2F%2Fwww.w3.org%2F2000%2F09%2Fxmldsig%23rsa-sha1&Signature=AtZbIh8ATwUoXKaSVpLhWKcWPuC9JuTvG%2BimzprcJfkR%2BKAO98UyXkDLetwrmKGqppRZMIpfby0050Cq9xLwtiglK%2FAZK6jLvT3ek647ZcrMhI8FRfWh3NWNYtcKTw1XM%2Fw6QalaT1PMcJBMJ2bMiN%2B5C1ks1KdA0b7XbJERzwHn7RU4CYwmlM%2FZ%2B20jI5u5oK%2BN9wfR5BHbcrq6zPjM6wDmkbkE62KJwylTu9kB2i81O6qmf6iIaZ8G%2FwwFiiSBoMIjR%2FxGKsiPievDLcv9iBYWZDNWjH8ayMgoxfG02RMf8B3P2H8MNW0GizogCD0gOHiQL7v2Iu%2FO2YhV0JdPUA%3D%3D,404
https://developers.realme.govt.nz/,https://developers.realme.govt.nz/about/new-content-page-2,https://login.realme.govt.nz/32179062-92f6-4eb0-89bc-df400a9e0367/B2C_1A_DIA_RealMe_LoginService/samlp/sso/login?SAMLRequest=hZNPj9owEMXvfAqUe4hJUAALkFhot0hZQIT20AsyzgQsJXbqcfizn36dhC1oVVEf7Xlv3vw0HiHLs4JOS3OUG%2FhTAppW255Lnkmk9ePYKbWkiqFAKlkOSA2n8fQton6H0EIro7jKnC%2By5yqGCNoIJRvZYj52Vstv0ep1sdylQUpS1vf3gwSCJPAZSaHX5wPW7zKfDPZkH6S9AJJG%2Bgs0Wp%2BxY22dVuOGWMJComHS2Hvihy4J3KC7JV0ahLQX%2Fm6kczuskMzU8qMxBVLPy9RByI4GluXQOaiT6ch3L%2FC7%2FSEJfXfop6Hbgz1xB8M9d5O0RwgbAgnCvvfiz3bd6W6%2BmO42Vv4Gu6jyikGfBAevZukhqqZFE2F9o%2FciZCLk4Tm0fVOE9Md2u3bXq3jbmEw%2FYc6UxDIHfWv5cxPd50rgBJkqLK2vw8XASy3MtcnlNdk9xtGZ1PajKjmtoerJ%2F%2B2UPjApsMaKHjvjzq5IMvIeXe6%2BBV3aORfztcoEv9b31fmudM7McxzVjUjctC6lVRSBBqRx%2FrpMs0ydZzafgbFjdAlO25s8tL4tPCT1%2Blt6Bi6mPVN5wbTAaivgwri5cbizeCyfZXaXN5BOqqjyPaMVByq4oWgSpKwqpQkUmbrmNhx9jeKHb8Apr%2FR2skidY6NBHszxxuqfXRpy3pP8k9bn8%2BOnnnwA&RelayState=https%3A%2F%2Fdevelopers.realme.govt.nz%2Fabout%2Fnew-content-page-2&SigAlg=http%3A%2F%2Fwww.w3.org%2F2000%2F09%2Fxmldsig%23rsa-sha1&Signature=TTqQ8gWsma%2BCnB8QQjoyWiNRHUsTg0pufibmQpemvvl0AUvbl%2BkEH4HKBKUcpWZj6XkmT0Y3NguISy2y2F1N4ZmIQKUrXqYctP1c3cl70Pjxmpm1vf5%2FZj6ppTzy8o2xqbvil3dpwJo1crCaQRR5txVBWOv6e6J0xn2oAdp7%2F00K147uYgm4vH6QiRK7QB4QZ1CJXJtANl5LNxcZJCEZ%2F7Lu8Lzu0%2BiUM1Hz2AiWM8nhY%2BcKFEjJMjrpFAKqgXAj1L%2BxRA7DJducrX5eGi0SqrKCKyD2FOOIKWbZMokI2nsizZ%2BspcgE7czy1O%2BaxVzJkckZ6whkVM%2FBFnwRxbfyXw%3D%3D,404
https://developers.realme.govt.nz/,https://developers.realme.govt.nz/about/sitemap-page,https://login.realme.govt.nz/32179062-92f6-4eb0-89bc-df400a9e0367/B2C_1A_DIA_RealMe_LoginService/samlp/sso/login?SAMLRequest=hZNbj9owEIXf%2BRUo7yFXLrEgEgvtFokFRGgf%2BhKZZAKWEjv1OFz216%2BTsAWtKupHe86ZM5%2FGY6RFXpJppY58C38qQNXp6nMpco6keZwYleREUGRIOC0AiUpINH1bErdnk1IKJRKRG19kz1UUEaRigreyxXxirFffluvXxSrOnGGQDX0f7H6WjbyhO%2Bw7%2FcDxgz310r6fpmk2cvr7QSv9BRK1z8TQtkandUOsYMFRUa70ve0OTNszPWdnO8QLiG%2F%2FbqVzPSzjVDXyo1IlEsvKxYHxngSaF9A7iJPq8XfLc3Ume%2BCagZsNTB%2F2tjkK9omZZr5t0wBsbzC0XtxZ7Ezj%2BWIab7X8DeJl7RWBPLEErIalhSjaFm2EzY3eC%2BMp44fn0PZtEZIfu93G3KyjXWsy%2FYQ5ExyrAuSt5c%2Ft8j5XCifIRalpfR0ugqSSTF3bXFab3aIJGmFjP66TkwaqDP9vJ%2BSBcoYNVrToGWO9IunYenS5%2B5ZkpedczDciZ8m1ua%2FPdyELqp7jqG9YamZNKamjMFTAlfHXZZrn4jzT%2BRRMDCUrMLpW%2BND6tvCQNuuv6Sm4qO5MFCWVDOutgAtN1I3DncVj%2BSzXu7yFLKyj8vec1BwISxRBlSKhdSlJoczFtdDhyOsyevgGCUlqvZ5sKc6RksAP6nhj9c8uLTnrSf6w8%2Fn8%2BKnDDw%3D%3D&RelayState=https%3A%2F%2Fdevelopers.realme.govt.nz%2Fabout%2Fsitemap-page&SigAlg=http%3A%2F%2Fwww.w3.org%2F2000%2F09%2Fxmldsig%23rsa-sha1&Signature=eAZDpbSR29MR5V90Mlv1ekpolzmMFcyhKk1qv974IB61wy%2FUYftJJKiyt4E8Oiru7OTxRsw%2Fjy65WU16CNtm9mDkK5tUnRoP48EXrDUJx3LtReiBBoasCO4ozkzg%2FZRr6okJhgCjC1VXtzJ1%2BFx42SM3Hdc6kyHpPl5l5uFl9qhqquz2dkPgEiHfq4Mov3lK%2BYbWV99ftlia%2B3%2BHtX%2BMjjcRRmz%2ByVJ5p2JiZ8xDsV5b%2FEMAkOeOM9yfTFVwNC9HMvf56oZUAFsM%2FOyCd74ebrZJv2rwR65bdRImxLaVq4F13ce2R8QAn75yAzDvZ9gCTCVhTabEwPsF6slR4qrFRQ%3D%3D,404
https://developers.realme.govt.nz/,https://developers.realme.govt.nz/about/sitemap-page/page/12,https://login.realme.govt.nz/32179062-92f6-4eb0-89bc-df400a9e0367/B2C_1A_DIA_RealMe_LoginService/samlp/sso/login?SAMLRequest=hZNPj9owEMXvfAqUe0gIaQALkLLQbpFYQIT20Asy9gQsJXbqcfizn75Owha0qqiP9rw3b34aj5DmWUHi0hzlBn6XgKbVtueSZxJJ%2FTh2Si2JoiiQSJoDEsNIEr8tSNDxSaGVUUxlzifZcxVFBG2Eko1sPhs7q%2BXXxep1vtzxfhr53YiHrEcHwIdsuGdRGgW0G0DKeTTohzxM%2B9BIf4JG6zN2rK3TatwQS5hLNFQae%2B8Hkev33F5363dJ6JPgy69GOrPDCklNLT8aUyDxvEwdhOxooFkOnYM6mY5893pBtz%2F0o8AdBmnkhrD33YFN5fI09H06BL8X9b2XYLrrxrvZPN5trPwNdovKKwF9Egy8mqWHqJoWTYT1jd6LkFzIw3No%2B6YIyfftdu2uV8m2MYk%2FYE6VxDIHfWv5Y7O4z8XhBJkqLK3PwyXASi3MtcnlNdk9ytCZ1PajKjmpoerJ%2F%2B2UPlApsMaKHj3jzq4IH3mPLnffgiztnPPZWmWCXev76nxTOqfmOY7qRnA3rUtJFUWgAWmcvy5xlqnz1OYzMHaMLsFpe5OH1reFB16vv6Vn4GLaU5UXVAustgIulJkbhzuLx%2FJpZnd5A%2BmkiirfM1JxIIIZgoYjoVUp4VBk6prbcOR1kTx8A0ZYpbeTLdQ5MRrkwRxvrP7ZpSHnPck%2FaX08P37qyR8%3D&RelayState=https%3A%2F%2Fdevelopers.realme.govt.nz%2Fabout%2Fsitemap-page%2Fpage%2F12&SigAlg=http%3A%2F%2Fwww.w3.org%2F2000%2F09%2Fxmldsig%23rsa-sha1&Signature=lN7v6eiEYsUB5THXkTaFvl94xPNu%2B49Bp1ushTKdHaBqNFZM04Cu6%2BeOzicmkk0LOuYG%2FqENpSe88K892Bkq0x1hhfvMhtZfglUJU83fC9o3g4%2FX9tvCcZ%2BsvWHdDACNGJ6y8yEM2Dl2kZBd8yUl8Jm%2B%2FpnTp51V163ttGVNUXEXb8nI%2B%2B%2BoiPD5aFREdVJHHiwPC8UaB54Tq9Kc3kDmweKETuCXrzIL8bTSzOHGdiCjmQF%2FmxxCW5c0He931BQzrpWs4ErYtUPEEv2WqwOtimoZR2qNQ2bejOCVFQtQDzhdNdVuzHg%2FF%2FzwdoG7kTL8Wvj2OOITIRul5%2BTUEQlAdQ%3D%3D,404
https://developers.realme.govt.nz/,https://developers.realme.govt.nz/about/sitemap-page/page/13,https://login.realme.govt.nz/32179062-92f6-4eb0-89bc-df400a9e0367/B2C_1A_DIA_RealMe_LoginService/samlp/sso/login?SAMLRequest=hZNbj9owEIXf91egvIdcuGSxIBIL7RYpCwhoH%2FoSOc4ELCV26nG47K9fJ2ELWlXUD3mw55w582kyRlrkJZlW%2BiA28KcC1E8dc85FLpA0jxOrUoJIihyJoAUg0Yxsp28R8bsuKZXUksnc%2BiJ7rKKIoDSXopUt5hNrtfwWrV4XyzjxeoMgoZ4bjAYMgqRHIWHZoJ%2BazxBokGZe9pzCqJX%2BAoXGZ2IZW%2BupdUOsYCFQU6HNvesPbbdn97yd65G%2BR1z%2Fdyudm2G5oLqRH7QukThOLvdcdBXQvIDuXh51V7w7Pd8LRu7Qt0d%2BNrT7kLj28yhhdpr1XZeOwO0NA%2BfFn8XeNJ4vpvHGyN8gjmqvLagjZ%2BA0LB1E2bZoI6yv9F64SLnYP4aWtEVIfux2a3u92u5ak%2BknzJkUWBWgri1%2FbqLbXCkcIZelofV1uC2wSnF9aXM5bXaHMrTCxn5cJycNVBX%2B306qPRUcG6zo0BPGZkXSsXPvcvMtydLMuZivZc7Zpbmvz3epCqof46hveGpnTSmpo3DUILT112Wa5%2FI0M%2Fk0TCytKrA6TnjX%2BrrwkDbrb%2BhpOOvOTBYlVRzrrYAzZfrK4cbivnyWm13eQBbWUcV7TmoOhDNNUKdIaF1KUihzeSlMOPIabe9%2BA0ZYrTeTRfK01QrEXh%2BurP7ZpSXnPMgfPn0%2B3%2F%2FU4Qc%3D&RelayState=https%3A%2F%2Fdevelopers.realme.govt.nz%2Fabout%2Fsitemap-page%2Fpage%2F13&SigAlg=http%3A%2F%2Fwww.w3.org%2F2000%2F09%2Fxmldsig%23rsa-sha1&Signature=nTmC8AN%2BAWSPo3u%2FuhszKEoNbUsGNsqVc3h60wTn7LV1VlzK4HPbnpxGbLlCLEi3K0d8ehsc2CQInOnf3ia8Rw4nPH5A02TbXjMrNDgaPdRwMCBy9gxto29FeI2GeSLwPSpG1Kh8Jd8TsmUoTxYAp8pqYDDs8C2%2FWwZNdVVL9bzU0ct5RdoYxFvBApsMCCeHX9XN0wfVXx9xIHUkuCM1rK0o6WeSp%2BAG%2BG4wPFkXoqzHSe2VmzFyIpqvGX8QWrMfaKpOTz21UGcaeUctbFm%2BX7a1sMRvHKRU%2F2F8wGaoD7pbrDY6LvdlELX9797ZaAVhGOJ1RNH5nTmPtYh9G1IO%2Fg%3D%3D,404
https://developers.realme.govt.nz/,https://developers.realme.govt.nz/about/sitemap-page/page/15,https://login.realme.govt.nz/32179062-92f6-4eb0-89bc-df400a9e0367/B2C_1A_DIA_RealMe_LoginService/samlp/sso/login?SAMLRequest=hZNbj9owEIXf91egvIfcIGwsQMpCu0ViAQHtQ1%2BQ40zAUmKnHofL%2Fvp1EragVUX9aM85c%2BbTeIi0yEsSV%2Fog1vCnAtRPHXPORS6QNI8jq1KCSIociaAFINGMbOK3OfG7LimV1JLJ3Poie6yiiKA0l6KVzaYja7n4Nl%2B%2BzhY7P%2FAHYTZIPOhnIURZGoRuOOixyPMGfcr6UZKkkHnPrfQXKDQ%2BI8vYWk%2BtG2IFM4GaCm3uXT%2B03cAOvK3rkZ5L%2BsHvVjo1w3JBdSM%2FaF0icZxc7rnoKqB5Ad29POqueHcC3xtEbujbkZ%2BFdg8S136OEmanWc91aQRuEA6cF3%2By8%2BLddBbv1kb%2BBrt57bUBdeQMnIalgyjbFm2E1ZXeCxcpF%2FvH0JK2CMmP7XZlr5abbWsSf8KcSIFVAera8ud6fpsrhSPksjS0vg63AVYpri9tLqfN7lCG1rixH9bJSQNVjf9vJ9WeCo4NVnToCXdmRdKhc%2B9y8y3Jwsw5m65kztmlua%2FPd6kKqh%2FjqG94amdNKamjcNQgtPXXJc5zeZqYfBpGllYVWB1nfNf6uvCQNutv6Gk4685EFiVVHOutgDNl%2BsrhxuK%2BfJKbXV5DNq6jivec1BwIZ5qgTpHQupSkUObyUphw5HW%2BufsGjLBabyaby9NGKxB7fbiy%2BmeXlpzzIP%2F46fP5%2FlOPPwA%3D&RelayState=https%3A%2F%2Fdevelopers.realme.govt.nz%2Fabout%2Fsitemap-page%2Fpage%2F15&SigAlg=http%3A%2F%2Fwww.w3.org%2F2000%2F09%2Fxmldsig%23rsa-sha1&Signature=jUPmPYvc%2B9AAbUyELvu2CsVe03buqWoN5SWx4Su7BMXpvjCiah70I2kDT%2FjGfZ%2BW3cSMdB0Ak65dtP2C3fGcJiaBu%2FNFCjNc4CHQ6fM5CWeMroBw8sECHqD%2BsygnkNar9Dm%2BMydHz%2FHcBk0%2Br%2F7GVo0BCW5NH6BToDx27Jfunwa%2BW6bak1soQqy1WHdO%2F4bI45P0mNfISiZddKamAa%2FFbTQayZmC06TUvGf%2FucT4EcgPHGBYZXxbvtzr4DJL2yWHp7SJs%2BC6VTb8AmwazPg%2Fc8Qt52wcI5DM2q%2Fz%2B5nXz%2F46VVwHrXiugdznNsZ5JsJSedNPq0lGh1SkapF17y7oQw%3D%3D,404
https://developers.realme.govt.nz/,https://developers.realme.govt.nz/about/sitemap-page/page/23,https://login.realme.govt.nz/32179062-92f6-4eb0-89bc-df400a9e0367/B2C_1A_DIA_RealMe_LoginService/samlp/sso/login?SAMLRequest=hZNbj9owEIXf%2BRUo7yHOpVwsiMRCu0ViAQHtQ1%2BQcSZgKbFTj8Nlf32dhC1oVVE%2F2nPOnPk0HiLLs4KOS3OUa%2FhdAppW255Lnkmk9ePIKbWkiqFAKlkOSA2nm%2FHbnAYdQgutjOIqcz7JnqsYImgjlGxks%2BnIWS6%2Bzpevs8UuTPvMj3rhgLAvBHjA98CjIIqifhD6%2FTSBMA16pOs30p%2Bg0fqMHGvrtBo3xBJmEg2Txt6ToOuS0A39LfFp5FPS%2FdVIp3ZYIZmp5UdjCqSel6mDkB0NLMuhc1An05HvXhj4vQHpBu4gSLtuBHvi9gd77iZpRAgbAAm7Pe8lmOz88W46G%2B%2FWVv4Gu3nltQF9Ehy8mqWHqJoWTYTVjd6LkImQh%2BfQ9k0R0u%2Fb7cpdLTfbxmT8AXOiJJY56FvLH%2Bv5fa4ETpCpwtL6PNwGeKmFuTa5vCa7xzg6cW0%2FrJLTGqqO%2F2%2Bn9IFJgTVW9NgZd3ZFkqH36HL3LejCzjmbrlQm%2BLW%2Br843pXNmnuOobkTipnUpraIINCCN89dlnGXqPLH5DIwco0tw2l780Pq28JDU62%2FpGbiY9kTlBdMCq62AC%2BPmxuHO4rF8ktldXkMaV1Hle0YrDlRwQ9EkSFlVShMoMnXNbTj6Ot88fANOeaW3k83VeWM0yIM53lj9s0tDznuSP259PD9%2B6vgP&RelayState=https%3A%2F%2Fdevelopers.realme.govt.nz%2Fabout%2Fsitemap-page%2Fpage%2F23&SigAlg=http%3A%2F%2Fwww.w3.org%2F2000%2F09%2Fxmldsig%23rsa-sha1&Signature=KxNgvK8CFyS57dRg37HfA3ZM%2B5qkGO35tm3Gyo5RiPt78FoKPl7ZEnpxldzIuboMwL4ZItfSfPbCoVO8Yl%2FMu4LE9ghuv2Yhs%2F2qMi7dJOhkgn0dyVEDmOkE742zb%2FerAEgwYTFOCxQlP57rnBVTwcpA4tkVXEuiuMTUOremUSu%2F4f8FP0Y9wU34PniciCl295OiWF7sJdQWXD3L6QwwSl1YhvusHSfp7eG7qENBhSEi8O2NkBl3R0wWh%2F3F95XUeoiY8O8pVSz0OfjBJsl0su5poXZlvZeU7%2BluZCUwUHcE26AhcbHSrFXNKCG3xj6YYzUKe5Stvs7ZOP00TfNmqw%3D%3D,404
https://developers.realme.govt.nz/,https://developers.realme.govt.nz/about/sitemap-page/page/31,https://login.realme.govt.nz/32179062-92f6-4eb0-89bc-df400a9e0367/B2C_1A_DIA_RealMe_LoginService/samlp/sso/login?SAMLRequest=hZNPj9owEMXvfAqUe4hJQgALkFhot0gsIKA99IIcZwBLiZ16HP7sp18nYQtaVdRHe96bNz%2BNB8iyNKfjwhzlGv4UgKbRtOeSpRJp9Th0Ci2pYiiQSpYBUsPpZvw2p36L0Fwro7hKnS%2By5yqGCNoIJWvZbDp0lotv8%2BXrbLHrAOFRGHPYQ9CL4m6wD5OAdIJe3A47nLfjjh%2BRbtyrpb9Ao%2FUZOtbWadRuiAXMJBomjb0nfuSSwA3aW9KmIaFh%2F3ctndphhWSmkh%2BNyZF6XqoOQrY0sDSD1kGdTEu%2Be4Hf7vZJ5Lt9fx%2B5IcTE7fVj7ib7kBDWBxJEXe%2FFn%2Bza4910Nt6trfwNdvPSawP6JDh4FUsPUdUt6girG70XIRMhD8%2BhxXUR0h%2Fb7cpdLTfb2mT8CXOiJBYZ6FvLn%2Bv5fa4ETpCq3NL6OtwGeKGFuda5vDq7xzg6o8p%2BUCanFVQ9%2Br%2Bd0gcmBVZY0WNn3NkVSQbeo8vdN6cLO%2BdsulKp4Nfqvjzflc6YeY6jvBGJu69KaRlFoAFpnL8u4zRV54nNZ2DoGF2A0%2FRGD61vCw9Jtf6WnoGLaU5UljMtsNwKuDBubhzuLB7LJ6nd5TXsR2VU%2BZ7SkgMV3FA0CVJWltIE8lRdMxuOvs43D9%2BAU17q7WRzdd4YDfJgjjdW%2F%2BxSk%2FOe5B81Pp8fP%2FXoAw%3D%3D&RelayState=https%3A%2F%2Fdevelopers.realme.govt.nz%2Fabout%2Fsitemap-page%2Fpage%2F31&SigAlg=http%3A%2F%2Fwww.w3.org%2F2000%2F09%2Fxmldsig%23rsa-sha1&Signature=flxN2djazHM2%2FX9UKnMBPYzNjOxNhpb5706our3w8H3%2FC7fobDhHAPBTuSQolw8AIUc7XG0myTTHcY4Fs%2BgM7HIKNKsnk%2F6Wr6KcRCInS9x%2FBn2ckGmdWVEKxcAZXh4vGU54cI7sttUnOvBKtJR3l4YEvgvOojDrANyJN%2Bekiq4sM7CNq4HuEegFevtsrEwXZsRM94mH6fmFuay%2FX7fgGrXBAOWMS%2Fv%2BK8Wj%2B7t0NVK4xCysLs1sSfLqBsI86Mwso4LJCMD3v2N4fyKHnpHA3Cu731Bfvk0d9d1ulzYb7MZbrwclv34Y3zeeW2mvUQkvA35OZbm9LekV%2B3CiRKeRHg%3D%3D,404
https://developers.realme.govt.nz/,https://developers.realme.govt.nz/about/sitemap-page/page/42,https://login.realme.govt.nz/32179062-92f6-4eb0-89bc-df400a9e0367/B2C_1A_DIA_RealMe_LoginService/samlp/sso/login?SAMLRequest=hZNPj9owEMXvfAqUe0gIEIIFSCy0WyQWEKE99IKMPQFLiZ16HP7sp18nYQtaVdS32PPevPlpMkSapTmZFOYoN%2FCnADSNpj2XLJVIqseRU2hJFEWBRNIMkBhG4snbggQtn%2BRaGcVU6nyRPVdRRNBGKFnL5rORs1p%2BW6xe58sd51EYRZ0gYgnv9JIuT6L%2BPmI82fcohPsk6oZtar9q6S%2FQaH1GjrV1GrUbYgFziYZKY%2B%2F9IHT9jttpb%2F026fqk1%2F9dS2d2WCGpqeRHY3Iknpeqg5AtDTTNoHVQJ9OS714naPcHfhi4gyAJ3S7sfTca7JnLk67v0wH4nbDvvQTTXXuym80nu42Vv8FuUXrFoE%2BCgVex9BBV3aKOsL7RexGSC3l4Dm1fFyH5sd2u3fUq3tYmk0%2BYUyWxyEDfWv7cLO5zcThBqnJL6%2BtwMbBCC3Otc3l1do8ydMaV%2FbBMTiqoevx%2FO6UPVAqssKJHz7izK8KH3qPL3TcnSzvnfLZWqWDX6r4835XOqHmOo7wR3E2qUlJGEWhAGuevyyRN1Xlq8xkYOUYX4DS98UPr28IDr9bf0jNwMc2pynKqBZZbARfKzI3DncVj%2BTS1u7yBZFxGle8pKTkQwQxBw5HQspRwyFN1zWw48rqIH34DRlipt5Mt1Dk2GuTBHG%2Bs%2FtmlJuc9yT9ufD4%2F%2FtTjDw%3D%3D&RelayState=https%3A%2F%2Fdevelopers.realme.govt.nz%2Fabout%2Fsitemap-page%2Fpage%2F42&SigAlg=http%3A%2F%2Fwww.w3.org%2F2000%2F09%2Fxmldsig%23rsa-sha1&Signature=hSHQhMgFEH1JH8Wrh8vSgHJJlPkfUtCGjdwnjHGn5Tv6kvKMlJZytdXGTmMU4wA0udP1ELfnVR5%2F%2F%2BIH8hcf6lCvG%2Br%2Fni9xpDLHO%2BJ70a0hJfUVJ4Vw4JnZ3ghcW2185qCXrnRcD0cECFw4fuuX6OHWtkIDgHbOw8ZtxVlh16294JFvP6bmcVNkwt86nhvKUsmEdaIGg%2Bn3y2A0T1ASqlZYTR3Ygk604ZZLIY6Ifjm0P56WEqA%2FbSATgNDVkvtiTV4SuCblFqCSqYezkV2kvDBWU9n9TsyMR5yoL2Rk9wwixP2fguMCYbUIg8tQlPRCGnrHWMJWx2A8XBYaAYYdJg%3D%3D,404
https://developers.realme.govt.nz/,https://developers.realme.govt.nz/about/sitemap-page/page/72,https://login.realme.govt.nz/32179062-92f6-4eb0-89bc-df400a9e0367/B2C_1A_DIA_RealMe_LoginService/samlp/sso/login?SAMLRequest=hZNbj9owEIXf%2BRUo7yE3CMQCJBbaLVIWENA%2B9CVykglYSuzU43DZX79Owha0qqgf7Tlnznwaj5EWeUlmlTryLfypAFWnq8%2BlyDmS5nFiVJITQZEh4bQAJCohu9lbSNyeTUoplEhEbnyRPVdRRJCKCd7KlouJsV59C9evy1XkBSPHz5xBOgzc4TAeeFnsQ0wzJ4PBKO2D4%2FpZ1o%2BzVvoLJGqfiaFtjU7rhljBkqOiXOl72%2FVN2zM9Z287pO8Qu%2F%2B7lS70sIxT1ciPSpVILCsXB8Z7EmheQO8gTqrH3y3PdYaB7btm4Ga%2B2YfYNkdBnJhp1rdtGoDt%2BUPrxZ1HzixaLGfRVsvfIAprrx3IE0vAalhaiKJt0UbY3Oi9MJ4yfngOLW6LkPzY7zfmZr3btyazT5hzwbEqQN5a%2FtyG97lSOEEuSk3r63A7SCrJ1LXNZbXZLZqgMW3sx3Vy0kCV0%2F%2FbCXmgnGGDFS16xkivSDq2Hl3uviVZ6TmXi43IWXJt7uvzXciCquc46huWmllTSuooDBVwZfx1meW5OM91PgUTQ8kKjK41fWh9W3hIm%2FXX9BRcVHcuipJKhvVWwIUm6sbhzuKxfJ7rXd5CNq2j8vec1BwISxRBlSKhdSlJoczFtdDhyGu4e%2FgGCUlqvZ4sFOedksAP6nhj9c8uLTnrSf5p5%2FP58VNPPwA%3D&RelayState=https%3A%2F%2Fdevelopers.realme.govt.nz%2Fabout%2Fsitemap-page%2Fpage%2F72&SigAlg=http%3A%2F%2Fwww.w3.org%2F2000%2F09%2Fxmldsig%23rsa-sha1&Signature=h%2F%2BOog%2Fne3zc%2B%2B8OEnPcOcRUr8CaYpg4VGsQ0YzdSihCsxYBBnZMd4XS%2BTG%2BOvTiEs%2FgbV%2B0Fs%2B5alNCnCsTy7r9j3SsqCxm%2FPXyuvmoL%2BvC4cLlqsuxjw%2F99txOZ%2FAvDdnGJDY7Pu73IFBtcTdRuCG0lEhFJPeF2dO2Z0AVcVJWsQrK5X%2Fny%2BjKioMGBYpMgwidTAmtDhBTcsntVwLvgRR51v1htaZskZ9ZdeOXD09B4ZUFqhyFjllbJ5rAzYD5bLOZC6RPTRvo%2FNpefpFI3YgwDyfRWlWiTs5MAcMxx3qA4RuGs76CCqhXgoz%2Fg%2FxSc7uF0yP2tGkZZDDsh9EJsQ%3D%3D,404
https://developers.realme.govt.nz/,https://developers.realme.govt.nz/about/sitemap-page/page/9,https://login.realme.govt.nz/32179062-92f6-4eb0-89bc-df400a9e0367/B2C_1A_DIA_RealMe_LoginService/samlp/sso/login?SAMLRequest=hZNPj9owEMXvfAqUe0hIWNhYgJSFdovEAgLaQy%2BRsSdgKbFTj8Of%2FfTrJGxBq4r6aM978%2Ban8RBpnhUkLs1BruFPCWhabXvOeSaR1I8jp9SSKIoCiaQ5IDGMbOK3OQk6Pim0MoqpzPkie6yiiKCNULKRzaYjZ7n4Nl%2B%2BzhZJ2N9RRvlTj0ecDlIepbtokPZ6wVMYcZ91nxnzIwigkf4CjdZn5Fhbp9W4IZYwk2ioNPbeD%2FquH7phd%2Bt3Sc8n3fB3I53aYYWkppYfjCmQeF6m9kJ2NNAsh85eHU1Hvnth0B1Efj9woyDtuz3Y%2Be5ztGMuT3u%2BTyPww%2F7AewkmSTdOprM4WVv5GyTzymsD%2BigYeDVLD1E1LZoIqyu9FyG5kPvH0HZNEZIf2%2B3KXS0328Yk%2FoQ5URLLHPS15c%2F1%2FDYXhyNkqrC0vg63AVZqYS5NLq%2FJ7lGGzri2H1bJSQ1Vj%2F9vp%2FSeSoE1VvToCRO7Inzo3bvcfAuysHPOpiuVCXap76vzXemcmsc4qhvB3bQuJVUUgQakcf66xFmmThObz8DIMboEp%2B2N71pfFx54vf6WnoGzaU9UXlAtsNoKOFNmrhxuLO7LJ5nd5TWk4yqqfM9IxYEIZggajoRWpYRDkalLbsOR1%2Fnm7hswwiq9nWyuThujQe7N4crqn10act6D%2FOPW5%2FP9px5%2FAA%3D%3D&RelayState=https%3A%2F%2Fdevelopers.realme.govt.nz%2Fabout%2Fsitemap-page%2Fpage%2F9&SigAlg=http%3A%2F%2Fwww.w3.org%2F2000%2F09%2Fxmldsig%23rsa-sha1&Signature=OovojtsQpQxgi8DVbr6e%2Fr4dePjEamk%2FJKynO%2FKo8%2FkS%2FLSTXpXhVtV1%2Bt3CjncmeAIPwpXUmkMyunvVVSHlaGQcEb%2F8seBZiK%2BzC4LOX76TZstI%2BelIpG1UPS56yIBmhqpDVsB8omf%2BMbvprQkN9%2BqOwxsJ25uVd3sY7iAoeYx9CAKDo4vH0%2BrAHoF%2BxME1pJUecf8CfjYjZWfUX6HPL3qOFyns8ZvLhUT3Xzhh%2FeIxuBW4yBWtmkKKSXubTH2UacpTUG%2BZ5GZ1CWQAb5slrAluA%2BRDsKAsJ2LEFgjCoaXHa7ELyOqKE9wk7SEdncHHdG0jypnfzdQkAvQBXYTf1g%3D%3D,404
https://developers.realme.govt.nz/,https://developers.realme.govt.nz/events-and-announcements,https://login.realme.govt.nz/32179062-92f6-4eb0-89bc-df400a9e0367/B2C_1A_DIA_RealMe_LoginService/samlp/sso/login?SAMLRequest=hZNPj9owEMXvfAqUe0gIIQQLIrHQbpFYQIT20AsyyQQsOXbqcfizn36dhC1oVVEf7Xlv3vw0HiHNeUEmpT6KDfwpAXWrbc4l5wJJ%2FTi2SiWIpMiQCJoDEp2QePK2IF7HJYWSWiaSW19kz1UUEZRmUjSy%2BWxsrZbfFqvX%2BXLXD2Doe0EYpiENer43CN1w6IcQ9LvBIMk8yFyfpmHWSH%2BBQuMztoyt1WrcEEuYC9RUaHPveoHt9uxed%2Bt2Sa9PfO93I52ZYZmgupYftS6QOA6XByY6CijPoXOQJ90R707P6w6GbuDZQy8LbB%2F2rh0O94mdZr7r0iG4vWDgvHjTXXeym80nu42Rv8FuUXnFoE4sAadm6SDKpkUTYX2j98JEysThObR9U4Tkx3a7ttereNuYTD5hTqXAMgd1a%2Flzs7jPlcIJuCwMra%2FDxZCUiulrk8tpsjs0QSuq7UdVclJDVdH%2F7aQ6UMGwxooOPePOrEg6ch5d7r4FWZo557O15Cy51vfV%2BS5VTvVzHNUNS%2B2sLiVVFIYahLb%2Bukw4l%2BepyadhbGlVgtV2oofWt4WHtF5%2FQ0%2FDRbenMi%2BoYlhtBVxoom8c7iwey6fc7PIGsqiKKt45qTgQlmiCOkVCq1KSQsHlNTfhyOsifvgGCUkqvZlsIc%2BxViAO%2Bnhj9c8uDTnnSf6o9fn8%2BKmjDw%3D%3D&RelayState=https%3A%2F%2Fdevelopers.realme.govt.nz%2Fevents-and-announcements&SigAlg=http%3A%2F%2Fwww.w3.org%2F2000%2F09%2Fxmldsig%23rsa-sha1&Signature=LbsK7W2DWiarVB%2BHAdxXUF5EHoBNbt7n313guTU72cqZhiueoNS0d1DlPlYxgxMbReQWpH1HtsmCkS5BDHfHtFHZgvdT9WSWadJD%2F%2Ff%2BQNi0r2rfL3Fi8Qbs4r4AdcelCYpp4Rw0%2F1wd3mlVGeW%2F9%2BlPUW%2BvdEP%2BTfo0LYJVIexigLhcTGCdV%2BF5KYi%2BIGUqB4cPI2UrkFs4aMbibr97ieixWkxu0yNCM13PVg%2F8PqM%2BTl44%2FkLnjaZdakp6%2FDY%2FGy4aFmMTBUkGrP3n0%2FXWpr8L8PqIuu14OmJjXdPsz2msZq4uPXLpzFOUutnuwAm%2BNZBRjXyQ0U%2F3SXEwQuxgpA%3D%3D,404
https://developers.realme.govt.nz/,https://developers.realme.govt.nz/events-and-announcements/realme-brand-refresh,https://login.realme.govt.nz/32179062-92f6-4eb0-89bc-df400a9e0367/B2C_1A_DIA_RealMe_LoginService/samlp/sso/login?SAMLRequest=hZNPj9owEMXv%2BylQ7iFOwgawACkL7RaJBURoD70g4wxgKbFTj8Of%2FfTrJGxBq4r6Esme9%2BbNT5MBsjwraFyag1zBnxLQPLXsOeeZRFo%2FDp1SS6oYCqSS5YDUcJrEbzMatAkttDKKq8z5InusYoigjVCykU0nQ2cx%2FzZbvE7nG0ifWZ90fd4LCesF0XYH9uNH%2FSAlaRp2eES2EX%2F2G%2Bkv0Gh9ho61dZ4aN8QSphINk8bekyBySeiG%2Fpr4NOzSIPzdSCd2WCGZqeUHYwqknpepvZBtDSzLob1XR9OW714Y%2BN0%2BiQK3H%2BwitwNb4vb6W%2B6muw4hrA8kjLreSzDe%2BPFmMo03Kyt%2Fg82s8kpAHwUHr2bpIaqmRRNheaX3ImQq5P4xtG1ThPTHer10l4tk3ZjEnzDHSmKZg762%2FLma3eZK4QiZKiytr8MlwEstzKXJ5TXZPcbRGdX2gyo5raHq0f%2FtlN4zKbDGih474cauSDrw7l1uvgWd2zmnk6XKBL%2FU99X5rnTOzGMc1Y1I3V1dSqsoAg1I4%2Fx1ibNMncY2n4GhY3QJTssb3bW%2BLjyk9fpbegbOpjVWecG0wGor4My4uXK4sbgvH2d2l1ewG1VR5XtGKw5UcEPRpEhZVUpTKDJ1yW04%2BjpL7n4DTnmlt5PN1CkxGuTeHK6s%2FtmlIec9yD96%2Bny%2B%2F6lHHw%3D%3D&RelayState=https%3A%2F%2Fdevelopers.realme.govt.nz%2Fevents-and-announcements%2Frealme-brand-refresh&SigAlg=http%3A%2F%2Fwww.w3.org%2F2000%2F09%2Fxmldsig%23rsa-sha1&Signature=aWz1Q%2Fx47KoF8PJIvtaja2pOy7c%2FfVaUBhgAUEWAs78Vv8kp%2F3ZiHCFL5e3ofuTTNSEZnvCLR9UT8g4fupCryAlZSkOfnCa9DCn25Z1rSyhNaUs%2BWTbBvkk43VvnT3OpI06fZk6s9dgOCzJZQzLkBiGQREN0TewAlT6TsGHGHb7H7z%2FDDZJpFJTUR4aD%2B7M7SWZQQaQStGUEYvu7QSaaa%2FWaquPQKyMWqLtxFS%2F44%2FXd9mRme3lBNnSDsNIx%2BMAMQ2vkwydyLmDkjhBNNbynEMOyLkdxRtKsxpf6MP2wnfriARN5ug%2F3rV%2FmGHIXtSq4%2BOwzvSj3qg4uWb3i%2FK2uiw%3D%3D,404
https://developers.realme.govt.nz/,https://developers.realme.govt.nz/how-realme-works,https://login.realme.govt.nz/32179062-92f6-4eb0-89bc-df400a9e0367/B2C_1A_DIA_RealMe_LoginService/samlp/sso/login?SAMLRequest=hZNbj9owEIXf%2BRUo7yE3wsUCpCy0WyQWEKF96AtynAEsJXbqcbjsr18nYQtaVdSP9pwzZz6NR0jzrCBRqY9iA39KQN1qm3PJM4GkfhxbpRJEUuRIBM0BiWYkjt4WxO%2B4pFBSSyYz64vsuYoigtJcikY2n42t1fLbYvU6X%2B5Y30tC1g0Svx%2B6YdcbQOp6adL1%2Bn5IGfU92gsHQThspL9AofEZW8bWajVuiCXMBWoqtLl3%2FZ7tBnbgbV2PBAEJw9%2BNdGaG5YLqWn7UukDiOJk8cNFRQLMcOgd50h3x7gS%2B1x%2B6Pd8e%2Bvue3YXEtQfDhNnpvuu6dAhu0Os7L%2F5050W72TzabYz8DXaLyisGdeIMnJqlgyibFk2E9Y3eCxcpF4fn0JKmCMmP7XZtr1fxtjGJPmFOpcAyB3Vr%2BXOzuM%2BVwgkyWRhaX4eLgZWK62uTy2myO5ShNantR1VyUkNVk%2F%2FbSXWggmONFR16xp1ZkXTkPLrcfQuyNHPOZ2uZcXat76vzXaqc6uc4qhue2vu6lFRROGoQ2vrrEmWZPE9NPg1jS6sSrLYzeWh9W3hI6%2FU39DRcdHsq84IqjtVWwIUyfeNwZ%2FFYPs3MLm9gP6miiveMVBwIZ5qgTpHQqpSkUGTymptw5HURP3wDRlilN5Mt5DnWCsRBH2%2Bs%2FtmlIec8yT9pfT4%2FfurJBw%3D%3D&RelayState=https%3A%2F%2Fdevelopers.realme.govt.nz%2Fhow-realme-works&SigAlg=http%3A%2F%2Fwww.w3.org%2F2000%2F09%2Fxmldsig%23rsa-sha1&Signature=APudx77ee9fCSpy5RMLureCIVoRmd5hqdjuqVp%2FL1mpth%2FK3msPpbOsyJfsGurDPcAGi2jpPhPyid9SkbRVp4x%2FYrFjAA%2F16FOUzj0i0DITf5QRxtxlflCuykOI3YNBF%2B7DsWJ0brD4Xu90I%2BMAV9wU6hC9SLKGldckeNlYdXlmDZwbpDv3fa6Wxkf3CT0PS3N%2FQeK2On2N8sGX5DRZS1FDBgNMsCn1O3deqtUJ9dnBMl4LsEIqAr5uMHvAyPhaIvzU%2BtxstipPxpEGbPF2fbLy6skpkk7awFAD34K6O9Omt6vcth3na5gQPKqFPXCdyuja%2FaSRJepRYJgDsnXJVPg%3D%3D,404
https://developers.realme.govt.nz/,https://developers.realme.govt.nz/how-realme-works/realme-and-oidc,https://login.realme.govt.nz/32179062-92f6-4eb0-89bc-df400a9e0367/B2C_1A_DIA_RealMe_LoginService/samlp/sso/login?SAMLRequest=hZNbj9owEIXf%2BRUo7yEXIDQWRGKh3SKxgID2oS%2BRsQewlNipx%2BGyv75Owha0qqgf7TlnznwaD5HmWUHGpTnKNfwuAU2rbc8lzySS%2BnHklFoSRVEgkTQHJIaRzfhtTsKOTwqtjGIqcz7JnqsoImgjlGxks%2BnIWS6%2Bzpevs0VKOaf9cM%2F7FKJeGEdhNOCs5wPv7%2BJo4Ach3XfjgPmN9CdotD4jx9o6rcYNsYSZREOlsfd%2BGLl%2B1%2B0GWz8g3Yj041%2BNdGqHFZKaWn40pkDieZk6CNnRQLMcOgd1Mh357nXDYBD7UejG4T5ye7Dz3S%2Fxjrl83%2FN9GoPfjQbeSzhJg3E6nY3TtZW%2FQTqvvDagT4KBV7P0EFXToomwutF7EZILeXgObdcUIfm%2B3a7c1XKzbUzGHzAnSmKZg761%2FLGe3%2BficIJMFZbW5%2BE2wEotzLXJ5TXZPcrQSWr7YZWc1FB18n87pQ9UCqyxokfPmNoV4UPv0eXuW5CFnXM2XalMsGt9X51vSufUPMdR3Qju7utSUkURaEAa56%2FLOMvUeWLzGRg5RpfgtL3kofVt4YHX62%2FpGbiY9kTlBdUCq62AC2XmxuHO4rF8ktldXsM%2BqaLK94xUHIhghqDhSGhVSjgUmbrmNhx5nW8evgEjrNLbyebqvDEa5MEcb6z%2B2aUh5z3Jn7Q%2Bnh8%2FdfIH&RelayState=https%3A%2F%2Fdevelopers.realme.govt.nz%2Fhow-realme-works%2Frealme-and-oidc&SigAlg=http%3A%2F%2Fwww.w3.org%2F2000%2F09%2Fxmldsig%23rsa-sha1&Signature=Ee4sbjLecyPafcgZzGz0GmRY50ZQTrOMcENNfwo4%2BhO%2BEHMDBD2yGkyvGGL6R2heLwCJxbtdG0Iquekl9gCvDWCmdB2%2BpNbiD324oi1tCB3s0avuVsXrDfOmW7QlC0h8F4MNjuaEw0DIg4tkca78e0evDsjb6tp0mCKiTugtf89dFTEtS7dvdAVds05nY3hNVYXdumoAIWos0sBLR7HfuPDWqqbv8qcDUF26n%2B8k7Ykj%2BesJkcRZYmtuq3AKCcRnlsex%2B3rM6ppEtZItfi%2FGYwDzmbKOomaDa7GpdFSE%2BGs0DD5OCr%2Fnvdxjck5ZxUZiqTh9b5qvks43pqkqNU2TeA%3D%3D,404
https://developers.realme.govt.nz/,https://developers.realme.govt.nz/how-realme-works/realme-and-oidc/oidc-client-configuration,https://login.realme.govt.nz/32179062-92f6-4eb0-89bc-df400a9e0367/B2C_1A_DIA_RealMe_LoginService/samlp/sso/login?SAMLRequest=hZNbj9owEIXf91egvIdcCYsFSFlot0gsIEL70BdknAlYSuzU43DZX79Owha0qqifInvOmTOfJkOkRV6SuNIHsYY%2FFaB%2B6phzLnKBpHkcWZUSRFLkSAQtAIlmJInf5sTvuqRUUksmc%2BuL7LGKIoLSXIpWNpuOrOXi23z5Oltsex5EWZCywNtltO%2FtwsjvuazXC92%2B%2BcxCL2Qs6gO00l%2Bg0PiMLGNrPbVuiBXMBGoqtLl3%2Fch2AzvwNq5HgmcSer9b6dQMywXVjfygdYnEcXK556KrgOYFdPfyqLvi3Ql8rz9wI98e%2BFlkh7Bz7efBjtlpFrouHYAbRH3nxZ9svXg7ncXbtZG%2FwXZeeyWgjpyB07B0EGXboo2wutJ74SLlYv8Y2q4tQvJjs1nZq2WyaU3iT5gTKbAqQF1b%2FlzPb3OlcIRclobW1%2BESYJXi%2BtLmctrsDmVojRv7YZ2cNFDV%2BP92Uu2p4NhgRYeecGtWJB069y4335IszJyz6UrmnF2a%2B%2Fp8l6qg%2BjGO%2BoandtaUkjoKRw1CW39d4jyXp4nJp2FkaVWB1XHGd62vCw9ps%2F6Gnoaz7kxkUVLFsd4KOFOmrxxuLO7LJ7nZ5TVk4zqqeM9JzYFwpgnqFAmtS0kKZS4vhQlHXufJ3W%2FACKv1ZrK5PCVagdjrw5XVP7u05JwH%2BcdPn8%2F3P%2FX4Aw%3D%3D&RelayState=https%3A%2F%2Fdevelopers.realme.govt.nz%2Fhow-realme-works%2Frealme-and-oidc%2Foidc-client-configuration&SigAlg=http%3A%2F%2Fwww.w3.org%2F2000%2F09%2Fxmldsig%23rsa-sha1&Signature=bFcm9%2FWF5JqOrifFgvvwruQa%2BU0C5OlnpMCukV96k7YfwAsnP2ZSlk6XoDnxZvmtanhh6YEKuzjxjXd%2Bn8hwBVr8yURR8NktrhC2guE696sz6Pzui0nibc2R3853T5CLmraRLxpM1j1Y2v2OU%2BHklMwr5ODDfikyOwIaJH0b%2FVDhr0kiVaogNcznqz7B9mRbiMr4NEySHOB7emsLN2yhmU9asShpu7ijzs8Ah%2BR5YpMI0mIheevxL0xKGDS3MjkqCrCPa4uuCM%2B8%2F4I6FjaySmLjpA1AG7O%2B%2Bp6yQIZKBPv5sWf2d6kt%2FMnzdvmAmOQdPnttd142NnOpmJHgNvtHfA%3D%3D,404
https://developers.realme.govt.nz/,https://developers.realme.govt.nz/how-realme-works/realme-and-oidc/oidc-exception-handling,https://login.realme.govt.nz/32179062-92f6-4eb0-89bc-df400a9e0367/B2C_1A_DIA_RealMe_LoginService/samlp/sso/login?SAMLRequest=hZNPj9owEMXvfAqUe0hIKAELIrHQbpFYQEB76AU59gQsJXbqcfizn75Owha0qqiP9rw3b34aj5DmWUEmpTnKDfwuAU2rbc8lzySS%2BnHslFoSRVEgkTQHJIaR7eRtQYKOTwqtjGIqcz7JnqsoImgjlGxk89nYWS2%2FLlav8%2BU%2B6fOBHyac024wCCI%2B%2BOIPkoCmPc6iKEm7gzANh0nIGulP0Gh9xo61dVqNG2IJc4mGSmPv%2FaDv%2BqEbdnd%2Bl4QRCaJfjXRmhxWSmlp%2BNKZA4nmZOgjZ0UCzHDoHdTId%2Be6FQTca%2Bv3AHQZp3%2B1B4ruDYcJcnvZ8nw7BD%2FuR9xJM993Jfjaf7DdW%2Fgb7ReW1BX0SDLyapYeomhZNhPWN3ouQXMjDc2hJU4Tk%2B263dter7a4xmXzAnCqJZQ761vLHZnGfi8MJMlVYWp%2BH2wIrtTDXJpfXZPcoQyeu7UdVclJD1fH%2F7ZQ%2BUCmwxooePePerggfeY8ud9%2BCLO2c89laZYJd6%2FvqfFM6p%2BY5jupGcDetS0kVRaABaZy%2FLpMsU%2BepzWdg7BhdgtP24ofWt4UHXq%2B%2FpWfgYtpTlRdUC6y2Ai6UmRuHO4vH8mlmd3kDaVxFle8ZqTgQwQxBw5HQqpRwKDJ1zW048rrYPnwDRlilt5Mt1HlrNMiDOd5Y%2FbNLQ857kj9ufTw%2Ffur4Dw%3D%3D&RelayState=https%3A%2F%2Fdevelopers.realme.govt.nz%2Fhow-realme-works%2Frealme-and-oidc%2Foidc-exception-handling&SigAlg=http%3A%2F%2Fwww.w3.org%2F2000%2F09%2Fxmldsig%23rsa-sha1&Signature=gmqoAdDJ193FzqM0DUZOAkqjVbwzEufgXPzRE8QMeTRLTV2N9N5o%2BhobqfC4enDrZdO0yCILwvRibP6b5SWxM6jJB%2FzFevU2tjl%2Bk%2BBrs%2BA93%2FaErP%2FWn09RG%2Fn6aIRH04UaiOCHOrbfrQN414G5lMQ2rsGrmrD97FnSSUkokn%2Bff9Ayrsc8io97NzVssvwu6raAZ9yhfLNXvu8aZZ%2B0PTWwwsRT%2Fx8Z6XtIRQb5HQpyv3WjFpMH1Qyk2V%2FFRmeq%2FcmHa7BTEzQiYENX0Ay2JPMpBnPV61ktxxhKoOFOoOBruo2r09ZA3pz2jJ9fJ7coCKeY%2BDtXe9ZFgk%2F%2FWaBj4A%3D%3D,404
https://developers.realme.govt.nz/,https://developers.realme.govt.nz/how-realme-works/realme-and-oidc/oidc-metadata-requirements,https://login.realme.govt.nz/32179062-92f6-4eb0-89bc-df400a9e0367/B2C_1A_DIA_RealMe_LoginService/samlp/sso/login?SAMLRequest=hZNbj9owEIXf%2BRUo7yE3GogFkVhot0hZQED70BdknAlYSuzU43DZX18nYQtaVdSP9pwzZz6NR0iLvCSTSh%2FFGn5XgLrTNedS5AJJ8zi2KiWIpMiRCFoAEs3IZvKWEL%2FnklJJLZnMrU%2By5yqKCEpzKVrZfDa2louvyfJ1vtiFwT7wKATMD0Pw0igcDFI%2FzUL2xRsO%2B36U9Vk0YPuolf4EhcZnbBlbq9O6IVYwF6ip0Obe9UPbDezA27oeCYakH%2F1qpTMzLBdUN%2FKj1iUSx8nlgYueApoX0DvIk%2B6JdyfwvUHkhr4d%2BVlo92Hv2sNoz%2Bw067sujcANwoHz4k933mQ3m092ayN%2Fg11Se21AnTgDp2HpIMq2RRthdaP3wkXKxeE5tH1bhOT7druyV8vNtjWZfMCcSoFVAerW8sc6uc%2BVwglyWRpan4fbAKsU19c2l9NmdyhDK27sR3Vy0kBV8f%2FtpDpQwbHBig49486sSDpyHl3uviVZmDnns5XMObs29%2FX5JlVB9XMc9Q1P7awpJXUUjhqEtv66TPJcnqcmn4axpVUFVteJH1rfFh7SZv0NPQ0X3Z3KoqSKY70VcKFM3zjcWTyWT3Ozy2vI4jqqeM9JzYFwpgnqFAmtS0kKZS6vhQlHXpPNwzdghNV6M1kizxutQBz08cbqn11acs6T%2FHHn4%2FnxU8d%2FAA%3D%3D&RelayState=https%3A%2F%2Fdevelopers.realme.govt.nz%2Fhow-realme-works%2Frealme-and-oidc%2Foidc-metadata-requirements&SigAlg=http%3A%2F%2Fwww.w3.org%2F2000%2F09%2Fxmldsig%23rsa-sha1&Signature=cUwkV7Ii%2FtuVOuRST6wpOKN%2FhSBzljIqaTpdk19isBv51S6CMqxF1OoVwQ4MhmuWjdv3H5um4dkxTp%2BP19P05NxgkpxN6VaHIgAuJh1l3DKa6fcKLL316jeO2ER9NjzvCeigtJmtWn%2BxzpbMnc1NC8DZNH37X4GhXTv4ftXFTizJp%2BYGapu6phZUB53o0YqhngVY3TCprg%2FtSwjk%2ByYnQDdJdVqvYV60fYUV2pud8T0XDDkEvlPjknG927volXD1KzP3Pft7ff0Upqlri760Z0bikH%2Fiihy70CCTKjQ0WaeMSvuE0uqDmN3QCBhFWbrLeUd0XVAtZaVX%2FnIRwdyyeA%3D%3D,404
https://developers.realme.govt.nz/,https://developers.realme.govt.nz/how-realme-works/realme-and-oidc/oidc-request-parameters,https://login.realme.govt.nz/32179062-92f6-4eb0-89bc-df400a9e0367/B2C_1A_DIA_RealMe_LoginService/samlp/sso/login?SAMLRequest=hZNbj9owEIXf%2BRUo7yEhXGMBUhbaLRILiNA%2B9CVynAlYSuzU43DZX79Owha0qqgf7TlnznwaT5DmWUGCUh%2FFDv6UgLrVNueSZwJJ%2FTi1SiWIpMiRCJoDEs1IGLytiNdxSaGklkxm1hfZcxVFBKW5FI1suZham%2FW31eZ1uY7oIB4lkIwSlkLaTQdjz6cD8P2x77JhmvQZpHHcj7uN9BcoND5Ty9harcYNsYSlQE2FNveuN7Tdnt3r7t0u6bvE7f9upAszLBdU1%2FKj1gUSx8nkgYuOAprl0DnIk%2B6Id6fndUe%2BO%2FRs30uHdh9i1x77MbOTtO%2B61Ae3Nxw5L9486gbRYhlEOyN%2Fg2hVeYWgTpyBU7N0EGXToomwvdF74SLh4vAcWtwUIfmx32%2Ft7SbcNybBJ8y5FFjmoG4tf%2B5W97kSOEEmC0Pr63AhsFJxfW1yOU12hzK0ZrX9pEpOaqhq9n87qQ5UcKyxokPPGJkVSSbOo8vdtyBrM%2BdysZUZZ9f6vjrfpcqpfo6juuGJndalpIrCUYPQ1l%2BXIMvkeW7yaZhaWpVgtZ3ZQ%2BvbwkNSr7%2Bhp%2BGi23OZF1RxrLYCLpTpG4c7i8fyeWZ2eQfprIoq3jNScSCcaYI6QUKrUpJAkclrbsKR11X48A0YYZXeTLaS51ArEAd9vLH6Z5eGnPMk%2F6z1%2Bfz4qWcf&RelayState=https%3A%2F%2Fdevelopers.realme.govt.nz%2Fhow-realme-works%2Frealme-and-oidc%2Foidc-request-parameters&SigAlg=http%3A%2F%2Fwww.w3.org%2F2000%2F09%2Fxmldsig%23rsa-sha1&Signature=H7D8L7I9f%2FuBB%2Floqz0vZHK%2FcO2WDNvHB2Z%2Flgqf%2BoG6ZbcQ1FsjP7qzFmfFliVR4LJxd741ZdpBKPrcGi%2B2ZpUnGbN3v95pMnQKMtlS%2BGkiETtX86uh4lYnOvah58UE43z29ViN9w3tPykG%2Bax0k8y73n5yGlNnbSR2CW3FLFg0qYid9dchvyHQB%2B%2BJt%2BvckaY54gmV1t30vjEhGtWtmlw9tiNwCiuYvg6oZC%2FZpJq4yGOHs8sgtK7baildAh3N0V3jaDsG5FSi92Ny4vOwWx4uNkgBRLiN7RoJO2ohBudaTw3CQ9typcarzc35aXchxqS%2FbxIhhsiomDqC1%2BsAQA%3D%3D,404
https://developers.realme.govt.nz/,https://developers.realme.govt.nz/how-realme-works/realme-and-oidc/oidc-token-request-and-response,https://login.realme.govt.nz/32179062-92f6-4eb0-89bc-df400a9e0367/B2C_1A_DIA_RealMe_LoginService/samlp/sso/login?SAMLRequest=hZNbj9owEIXf%2BRUo7yEXQgALIrHQbpGygID2oS%2BRk0zAUmKnHofL%2Fvp1EragVUX9aM85c%2BbTeIK0yEsyq9SRb%2BFPBag6XX0uRc6RNI9To5KcCIoMCacFIFEJ2c3eQuL2bFJKoUQicuOL7LmKIoJUTPBWtlxMjfXqW7h%2BXa6i1BumsZ8BHcW2k9l%2B37OHDo3dwWhEYw8G2dgdwtj3W%2BkvkKh9poa2NTqtG2IFS46KcqXvbdc37b7Zd%2Fa2Q%2FoD4g1%2Bt9KFHpZxqhr5UakSiWXl4sB4TwLNC%2BgdxEn1%2BLvVd53h2PZdc%2BxmvulBbJujcZyYaebZNh2D3feH1os7j5xZtFjOoq2Wv0EU1l47kCeWgNWwtBBF26KNsLnRe2E8ZfzwHFrcFiH5sd9vzM16t29NZp8w54JjVYC8tfy5De9zpXCCXJSa1tfhdpBUkqlrm8tqs1s0QSNo7Cd1ctJAlcH%2F7YQ8UM6wwYoWPWOkVySdWI8ud9%2BSrPScy8VG5Cy5Nvf1%2BS5kQdVzHPUNS82sKSV1FIYKuDL%2BuszyXJznOp%2BCqaFkBUbXCh5a3xYe0mb9NT0FF9Wdi6KkkmG9FXChibpxuLN4LJ%2Fnepe3kAV1VP6ek5oDYYkiqFIktC4lKZS5uBY6HHkNdw%2FfICFJrdeTheK8UxL4QR1vrP7ZpSVnPckfdD6fHz918AE%3D&RelayState=https%3A%2F%2Fdevelopers.realme.govt.nz%2Fhow-realme-works%2Frealme-and-oidc%2Foidc-token-request-and-response&SigAlg=http%3A%2F%2Fwww.w3.org%2F2000%2F09%2Fxmldsig%23rsa-sha1&Signature=ilKrEgavzugRuu5gd9%2B23qs%2FtYjGv26bgLWwCPqza13MVEZbDlKF%2BbyrDhkqky%2BTSgRRalAUd3WZeCm0DpVVP3JizDv1JsaNm0cdmHS4fmwjHHqWZhmGeVjlEI1jgKerxv9gEied9cR%2FDRMiedsD%2BByik28ilDonujPCBYCy%2BwVSVgAlPpH7WT1fz19%2B6nf4VUA6kMrb%2B7sUFREH4yRGafDT8mXovg%2FSnUO9o2cwDWMduOCQuP78WSrQ5NzgPlAf%2FlScLWFIQqmTuZNvTL%2Ff06bCIGI1Z5zNCgtsXAWseTbLFKgR6OpUU5yjfDEzwdwMfEGZ7%2Fu0gJNb4iT%2B75fwHQ%3D%3D,404
https://developers.realme.govt.nz/,https://developers.realme.govt.nz/how-realme-works/realme-and-saml,https://developers.realme.govt.nz/list-of-saml-v2-0-components/technical-considerations,404
https://developers.realme.govt.nz/,https://developers.realme.govt.nz/how-realme-works/realme-and-saml,https://login.realme.govt.nz/32179062-92f6-4eb0-89bc-df400a9e0367/B2C_1A_DIA_RealMe_LoginService/samlp/sso/login?SAMLRequest=hZNbj9owEIXf91egvIdcyAKxACkL7RaJBURoH%2FqCHGcClhI79Thc9tevk7AFrSrqR3vOmTOfxiOkRV6SqNIHsYE%2FFaB%2B6phzLnKBpHkcW5USRFLkSAQtAIlmJI7eFsTvuqRUUksmc%2BuL7LGKIoLSXIpWNp%2BNrdXy22L1Ol%2Fugoz5Q9ZnNE38YOAHmU%2BHfXDdMGThIAnCwXPGnhNv2Ep%2FgULjM7aMrfXUuiFWMBeoqdDm3vX7ttuze97W9UhvQLzwdyudmWG5oLqRH7QukThOLvdcdBXQvIDuXh51V7w7Pd8bhG7ft0M%2F69sBJK49DBNmp1ngujQEt9cfOC%2F%2BdOdFu9k82m2M%2FA12i9orBnXkDJyGpYMo2xZthPWV3gsXKRf7x9CStgjJj%2B12ba9X8bY1iT5hTqXAqgB1bflzs7jNlcIRclkaWl%2BHi4FViutLm8tpszuUoTVp7Ed1ctJAVZP%2F20m1p4JjgxUdesKdWZF05Ny73HxLsjRzzmdrmXN2ae7r812qgurHOOobntpZU0rqKBw1CG39dYnyXJ6mJp%2BGsaVVBVbHmdy1vi48pM36G3oazrozlUVJFcd6K%2BBMmb5yuLG4L5%2FmZpc3kE3qqOI9JzUHwpkmqFMktC4lKZS5vBQmHHldxHffgBFW681kC3mKtQKx14crq392ack5D%2FJPnj6f7z%2F15AM%3D&RelayState=https%3A%2F%2Fdevelopers.realme.govt.nz%2Fhow-realme-works%2Frealme-and-saml&SigAlg=http%3A%2F%2Fwww.w3.org%2F2000%2F09%2Fxmldsig%23rsa-sha1&Signature=AP%2FZ0B%2F8goEMTsoftRVcH1t5FJRcmKu%2FW5VbVJr31JPHmRkjB1FLNAw4TezurNDc2gQpsAFg3xSDdjyr7lqChSrO9I6UwPBRn%2F3aBROT1mlrE4drIQRiQJ0a95QMv6o1Kal5GfMFG%2BdR2kQeqsFlBgLAwsjdV%2FcBiq%2BfB1EQhwvbXloRvz6HiFOCeto6%2B%2Fuf%2BUukSrUVyvLvRThy29FcPfuifwH6KAwjKZ8yprrnMDb9G2cOqrpy6nGjP7E0EVfx%2BgHus73pZzRRe7dk3Ww8RIarQMm8wZwWlX3e3Aq4iNKb2bGrQ9uI67RF8%2FA9KVPpE2gdqeaGnLBp3YlgPrywmg%3D%3D,404
https://developers.realme.govt.nz/,https://developers.realme.govt.nz/how-realme-works/realme-and-saml/list-of-saml-v2-0-components,https://login.realme.govt.nz/32179062-92f6-4eb0-89bc-df400a9e0367/B2C_1A_DIA_RealMe_LoginService/samlp/sso/login?SAMLRequest=hZNbj9owEIXf%2BRUo7yHXBrAAKQvtFokFRGgf%2BoJMPAFLiZ16HC776%2BskbEGrivrRnnPmzKfxCGmRlySu9FFs4HcFqDtdcy5FLpA0j2OrUoJIihyJoAUg0SlJ4rcF8XsuKZXUMpW59Un2XEURQWkuRSubz8bWavl1sXqdL3dsQGnoeyzLgi9elPWjEPrDQeixgHmDfTiM0jCK2GDfSn%2BCQuMztoyt1WndECuYC9RUaHPv%2BpHtBnbgbV2PBBFxB79a6cwMywXVjfyodYnEcXJ54KKngOYF9A7ypHvi3Ql8rz90I98e%2Bllkh7B37cFwn9osC12XDsENor7z4k93XrybzePdxsjfYLeovRJQJ56C07B0EGXboo2wvtF74YJxcXgObd8WIfm%2B3a7t9SrZtibxB8ypFFgVoG4tf2wW97kYnCCXpaH1ebgE0kpxfW1zOW12h6ZoTRr7UZ2cNFDV5P92Uh2o4NhgRYeecWdWhI2cR5e7b0mWZs75bC1znl6b%2B%2Fp8k6qg%2BjmO%2BoYzO2tKSR2Fowahrb8ucZ7L89Tk0zC2tKrA6jqTh9a3hQfWrL%2Bhp%2BGiu1NZlFRxrLcCLjTVNw53Fo%2Fl09zs8gaySR1VvOek5kB4qglqhoTWpYRBmctrYcKR10Xy8A1SktZ6M9lCnhOtQBz08cbqn11acs6T%2FJPOx%2FPjp578AQ%3D%3D&RelayState=https%3A%2F%2Fdevelopers.realme.govt.nz%2Fhow-realme-works%2Frealme-and-saml%2Flist-of-saml-v2-0-components&SigAlg=http%3A%2F%2Fwww.w3.org%2F2000%2F09%2Fxmldsig%23rsa-sha1&Signature=lqNVE27IFVBvafTv3zocV3d61L7X0zETZaVLAV98yC2f8QzP5UpkGAS37SPtnhnRsIxmqtM64hX3gOFAp%2FR4xXLG96yUI1q1zjU6Szq1xBOZhy49GSnGMR28DUVmCRA4F5fFh4c0RJhzh3m8wAkFW04DUPImczjwOblmkU6zKEvOYDrdGdMqbXN6qKk%2FkmRTbP%2FfYooaPQ8CruYpPmyTC%2FDJGa7iSRAnK4TeRuLzqzCDtZdDlC9FmNS0SGBaugJJxV5ex3u2OqidpcV5lTJYZTsuREIn4JghVa6Cg3fYJVLPFZuDO3d3ZbZ9mmJDrnw9ex7Lzb%2F5mztuC%2Fk4Rv3TdA%3D%3D,404
https://developers.realme.govt.nz/,https://developers.realme.govt.nz/how-realme-works/realme-and-saml/saml-certificate-purchasing,https://login.realme.govt.nz/32179062-92f6-4eb0-89bc-df400a9e0367/B2C_1A_DIA_RealMe_LoginService/samlp/sso/login?SAMLRequest=hZNbj9owEIXf%2BRUo7yEh4RYLkLLQbpGygAjtQ1%2BQcSZgKbFTj8Nlf%2F06CVvQqqJ%2BtOecOfNpPEaaZwUJS30UG%2FhTAupW25xLngkk9ePEKpUgkiJHImgOSDQjcfgWEa%2FjkkJJLZnMrC%2By5yqKCEpzKRrZYj6xVstv0ep1sdy5o%2F0wcAdewnpByvrM9f3hoJcmXkJHKQyDPgxp3w9oI%2F0FCo3PxDK2VqtxQyxhIVBToc296w1s17f97tbtEn9EfO93I52bYbmgupYftS6QOE4mD1x0FNAsh85BnnRHvDu%2B160j2YGXDuwe7F17FOyZnaQ916UBuP5g6Lx4s1033M0X4W5j5G%2BwiyqvGNSJM3Bqlg6ibFo0EdY3ei9cJFwcnkPbN0VIfmy3a3u9ireNSfgJcyYFljmoW8ufm%2Bg%2BVwInyGRhaH0dLgZWKq6vTS6nye5Qhta0th9XyUkNVU3%2FbyfVgQqONVZ06Bl3ZkWSsfPocvctyNLMuZivZcbZtb6vznepcqqf46hueGKndSmponDUILT11yXMMnmemXwaJpZWJVhtZ%2FrQ%2BrbwkNTrb%2BhpuOj2TOYFVRyrrYALZfrG4c7isXyWmV3eQDqtoor3jFQcCGeaoE6Q0KqUJFBk8pqbcOQ1ih%2B%2BASOs0pvJInmOtQJx0Mcbq392acg5T%2FJPW5%2FPj596%2BgE%3D&RelayState=https%3A%2F%2Fdevelopers.realme.govt.nz%2Fhow-realme-works%2Frealme-and-saml%2Fsaml-certificate-purchasing&SigAlg=http%3A%2F%2Fwww.w3.org%2F2000%2F09%2Fxmldsig%23rsa-sha1&Signature=jO0BIqJeM1ofSj429PW9KaFJUTmzPeTJi4whzbAcPl1givBmOZdeMF%2B7srxmz8XEX7O8z4mWC9HjUeevgQGhNIDvFSGpQZIne8vjDC3Njff7gZ%2FOnNMuzdiHW8XoE1e0insc05HFXwr7JaVVGRW2885%2B8sg931%2Bom7KBFpmuSoQaYYh67v4ESrrzinpPCqjz0teeeWjYvGO93To63at3c%2F%2BFL95%2FhUn5m0Lq81w%2BXSUWOk4rHbN1%2F4dXa2ApAvLJ8GLzxkZFQNubWS9re%2BWAd2tcq%2FdsrmwngxkbY4AlSAkrRKWzVqJRoCmS7ewIWmpr7gf49nOl810KWefP%2FhpdAA%3D%3D,404
https://developers.realme.govt.nz/,https://developers.realme.govt.nz/how-realme-works/realme-and-saml/saml-exception-handling,https://developers.realme.govt.nz/application-design-and-branding-guide/agency-co-branding-on-realme-pages,404
https://developers.realme.govt.nz/,https://developers.realme.govt.nz/how-realme-works/realme-and-saml/saml-exception-handling,https://login.realme.govt.nz/32179062-92f6-4eb0-89bc-df400a9e0367/B2C_1A_DIA_RealMe_LoginService/samlp/sso/login?SAMLRequest=hZNPj9owEMXv%2BylQ7iFOCGGxIFIW2i0SCwhoD70gJ5mApcROPQ5%2F9tOvk7AFrSrqoz3vzZufxiNkRV7SqNIHsYY%2FFaB%2B6phzLnKBtHkcW5USVDLkSAUrAKlO6CZ6m1OvS2ippJaJzK0vsscqhghKcyla2Ww6tpaLb%2FPl62yx831vMPRY5vv9fkoI9FIWB74fBK7fd4eDOAaSkjgjrfQXKDQ%2BY8vYWk%2BtG2IFM4GaCW3uiRfYpGf33C1xae%2BZkuB3K52aYblgupEftC6ROk4u91x0FbC8gO5eHnVXvDs9zx0MSeDZQy8LbB9iYj8P48ROM58QNgTSCwbOizfZudFuOot2ayN%2Fg9289tqAOvIEnIalgyjbFm2E1ZXeCxcpF%2FvH0OK2COmP7XZlr5abbWsSfcKcSIFVAera8ud6fpsrhSPksjS0vg63gaRSXF%2FaXE6b3WEJWmFjP6qT0waqCv9vJ9WeCY4NVnTYCXdmRdKRc%2B9y8y3pwsw5m65kzpNLc1%2Bf71IVTD%2FGUd%2Fw1M6aUlpH4ahBaOuvS5Tn8jQx%2BTSMLa0qsDpOeNf6uvCQNutv6Gk4685EFiVTHOutgDNL9JXDjcV9%2BSQ3u7yGLKyjivec1hwoTzRFnSJldSlNoczlpTDh6Ot8c%2FcNEprUejPZXJ42WoHY68OV1T%2B7tOScB%2FnDp8%2Fn%2B08dfgA%3D&RelayState=https%3A%2F%2Fdevelopers.realme.govt.nz%2Fhow-realme-works%2Frealme-and-saml%2Fsaml-exception-handling&SigAlg=http%3A%2F%2Fwww.w3.org%2F2000%2F09%2Fxmldsig%23rsa-sha1&Signature=R0VirvPguEGku%2BeNQLn9yjLAT30%2F13PlWt8gyXLAuack5VLV7OB866IeobuTcmVLGakWAM7irRWCrNZPtcERM54qg7M06fJrVLnfUsKA5K4jfm3VWLjDaygj8Xf3veF0aSxGscbnqcoGHbDWLv7PugCSplR6fyqBGksV31mtFBkSmz5%2B2WL7xZJ1jWHrHzwJpGRk%2FJgJkolFd2VwEUIMnhnhSYaDk38YmnzCdDOXGIKwWsFyukJSAFSm4kDdT8jP%2BC7nnI9AY2O1FH6QnskgVrkQjXMd2edFmYyaBcyYLkIhbcfujQM24ZRmU6XCEz%2Bx%2F5dhfIXR82WFbEdcb83vmA%3D%3D,404
https://developers.realme.govt.nz/,https://developers.realme.govt.nz/how-realme-works/realme-and-saml/saml-metadata-requirements,https://login.realme.govt.nz/32179062-92f6-4eb0-89bc-df400a9e0367/B2C_1A_DIA_RealMe_LoginService/samlp/sso/login?SAMLRequest=hZNfj6IwFMXf%2FRSGdwRRQRolcXR31oRRI%2B4%2B7AupcNEm0LK9xT%2Fz6aeAs5rJxu1je8%2B55%2F5yO0Fa5CWZVerIt%2FCnAlSdrj6XIudImsepUUlOBEWGhNMCkKiERLO3kDg9m5RSKJGI3Pgie66iiCAVE7yVLRdTY736Fq5fl6t45GVje5h5aeaP6TgdeeA5GXgeDN3RCDwXhuM%2BHTpJK%2F0FErXP1NC2Rqd1Q6xgyVFRrvS97bimPTAH%2FZ3dJwOfOOPfrXShh2WcqkZ%2BVKpEYlm5ODDek0DzAnoHcVI9%2Fm4NnL7n265j%2Bk7mmkPY2%2BbY3ydmmg1tm%2FpgD1zPenHmcX8WL5azeKvlbxCHtVcE8sQSsBqWFqJoW7QRNjd6L4ynjB%2BeQ9u3RUh%2B7HYbc7OOdq3J7BPmXHCsCpC3lj%2B34X2uFE6Qi1LT%2BjpcBEklmbq2uaw2u0UTNILGflInJw1UGfzfTsgD5QwbrGjRM8Z6RdKJ9ehy9y3JSs%2B5XGxEzpJrc1%2Bf70IWVD3HUd%2Bw1MyaUlJHYaiAK%2BOvyyzPxXmu8ymYGkpWYHSt4KH1beEhbdZf01NwUd25KEoqGdZbAReaqBuHO4vH8nmud3kLWVBH5e85qTkQliiCKkVC61KSQpmLa6HDkdcwevgGCUlqvZ4sFOdISeAHdbyx%2BmeXlpz1JH%2FQ%2BXx%2B%2FNTBBw%3D%3D&RelayState=https%3A%2F%2Fdevelopers.realme.govt.nz%2Fhow-realme-works%2Frealme-and-saml%2Fsaml-metadata-requirements&SigAlg=http%3A%2F%2Fwww.w3.org%2F2000%2F09%2Fxmldsig%23rsa-sha1&Signature=mpKBLhOPCvOQrAxylEr5i09kPiGKrr5SF8Dz2UvGIGhKwaJnSviU9qvlRlvF7W7Wgp5zYS9SJ%2B2HeJ05h7PXxa74Ro6VsjeS6ZhF1rCOu5c3KgigE3zqkZSCrYY%2FXWi7bZZTOrnD2m8qghPqHcq5XVMFGprkasT2f%2BuOeuczPCc8K8N7giMEEzKpBasuc44hY1V7eeoQA16BH8PakP3ZA5U7%2B%2Bq2Dx7CYXShUNivyRs3FOhp1X6RGWChWPFYlV2IHzOpFtrCyOssEYGc5N1q6gxHIG6icR89ehVSpbg3gCvenXA7aRbFvl9MRLXQgh%2FgFEO41f5XaTz9CuVCs1Z2aw%3D%3D,404
https://developers.realme.govt.nz/,https://developers.realme.govt.nz/how-realme-works/realme-and-saml/saml-request-parameters,https://login.realme.govt.nz/32179062-92f6-4eb0-89bc-df400a9e0367/B2C_1A_DIA_RealMe_LoginService/samlp/sso/login?SAMLRequest=hZNPj9owEMXvfAqUe4gTIBALkLLQbpFYQIT20AsyyQQsJXbqcfizn36dhC1oVVEf7Xlv3vw0HiHLs4KGpT6KDfwpAXWrbc4lzwTS%2BnFslUpQyZAjFSwHpDqmUfi2oF6H0EJJLWOZWV9kz1UMEZTmUjSy%2BWxsrZbfFqvX%2BXIXD%2FyA9Idpz4cgTXw%2F2PcTgNRPCEv3w36fpG7Sd7v7RvoLFBqfsWVsrVbjhljCXKBmQpt74vk26dpdd0tc2h3Snv%2B7kc7MsFwwXcuPWhdIHSeTBy46CliWQ%2BcgT7oj3p2u5w4C4nt24KW%2B3YM9sYfBPraTtEcIC4B0%2FYHz4k13bribzcPdxsjfYLeovCJQJx6DU7N0EGXToomwvtF74SLh4vAc2r4pQvpju13b61W0bUzCT5hTKbDMQd1a%2Ftws7nMlcIJMFobW1%2BEiiEvF9bXJ5TTZHRajNantR1VyWkNVk%2F%2FbSXVggmONFR12xp1ZkWTkPLrcfQu6NHPOZ2uZ8fha31fnu1Q5089xVDc8sdO6lFZROGoQ2vrrEmaZPE9NPg1jS6sSrLYzeWh9W3hI6vU39DRcdHsq84IpjtVWwIXF%2BsbhzuKxfJqZXd5AOqmiiveMVhwojzVFnSBlVSlNoMjkNTfh6OsievgGMY0rvZlsIc%2BRViAO%2Bnhj9c8uDTnnSf5J6%2FP58VNPPgA%3D&RelayState=https%3A%2F%2Fdevelopers.realme.govt.nz%2Fhow-realme-works%2Frealme-and-saml%2Fsaml-request-parameters&SigAlg=http%3A%2F%2Fwww.w3.org%2F2000%2F09%2Fxmldsig%23rsa-sha1&Signature=Rco15Cyt5VblXzeWwY86sreeJk%2FchLUUuvWmSzhOL8SThvnzkNOlfPPQi7Fg2oA5PZT6BIdj%2FFugawZLX0xxDPfJ9Zx8OiXOdUP%2By2vTsdzv79F%2BCJdkiPWzJzAWgjtqH%2FdldMqh9wT3DZTUTWlokzeDhJWI8KBFbYHn6CFFUhyMmlmXvR0Hl3o4cbrdlpraGlbDQ6lhYrZt1YhfCHSOvrvto2PkqjEpIXbTpr83XL1aDugJGg8USVOap8aXiPkZh8GYEvfkFp%2BBx6x2QK%2FqnnZFDFfIhGaYBa9TMYS%2BwOKu%2FSPky1n2hQDE%2Be4SvL%2BsbJmccgaBqrJGu2Hk%2FtTD8g%3D%3D,404
https://developers.realme.govt.nz/,https://developers.realme.govt.nz/how-realme-works/realme-and-saml/saml-signing-and-encryption,https://login.realme.govt.nz/32179062-92f6-4eb0-89bc-df400a9e0367/B2C_1A_DIA_RealMe_LoginService/samlp/sso/login?SAMLRequest=hZNPj9owEMXvfAqUe4gTKGALkFhot0gsIKA99IKMMwFLiZ16HP7sp6%2BTsAWtKuqjPe%2FNm5%2FGA%2BRZmrNxYY9qDb8LQNtounPJUoWsehx6hVFMc5TIFM8AmRVsM36bs6hFWG601UKn3ifZcxVHBGOlVrVsNh16y8XX%2BfJ1tth1SEi52AtCOwlJaEijGCgnYWffp%2F1O0u1Dn4btHq2lP8Gg8xl6ztZr1G6IBcwUWq6suydR1ydtvx1uScjalH3p%2FqqlUzesVNxW8qO1ObIgSPVBqpYBnmbQOuiTban3oB2FPUq6kU%2BjpOt3YE%2F8Pt0LP046hHAKpN3tBS%2FRZBeOd9PZeLd28jfYzUuvDZiTFBBULANEXbeoI6xu9F6kiqU6PIe2r4uQfd9uV%2F5qudnWJuMPmBOtsMjA3Fr%2BWM%2Fvc8VwglTnjtbn4TYgCiPttc4V1NkDLtAbVfaDMjmroJrR%2F%2B20OXAlscKKAT%2Fjzq1IPAgeXe6%2BOVu4OWfTlU6luFb35fmmTcbtcxzljYz9pCplZRSJFpT1%2FrqM01SfJy6fhaFnTQFeMxg9tL4tPMTV%2Bjt6Fi62OdFZzo3EcivgwoW9cbizeCyfpG6X15CMyqjqPWUlByaFZWhjZLwsZTHkqb5mLhx7nW8evoFgotS7yeb6vLEG1MEeb6z%2B2aUmFzzJP2p8PD9%2B6tEf&RelayState=https%3A%2F%2Fdevelopers.realme.govt.nz%2Fhow-realme-works%2Frealme-and-saml%2Fsaml-signing-and-encryption&SigAlg=http%3A%2F%2Fwww.w3.org%2F2000%2F09%2Fxmldsig%23rsa-sha1&Signature=V41JerUc2ZOMUKlI2Ccg%2FVIgSSbn8o6gGmtEL4dVhreOnJDvQnqv8QOUg1iBjooaTvT39D7%2FT%2Ff5xEsMXlqaTxE3MQnZJ%2FBfa5PwTAOu7zCa95w3PhXB3YyZhlLC11pXp9pStOX7KkBehRGA%2FqbARLKRi2VYd3Bqj%2Bf%2FaTV8wbEv7ebBnxtKgB%2FKDVeTTRBtjXYapWwELptAT%2FXjhzM3lsWPJDtba1DYwPYevQOLsT%2BKLC7L7AuxX5Bytl2Y44qRh0tia1EcbmM7YmlJqTpw%2F53Q6J8zkt6VbJzh%2BIDJN0%2BiIKrZHHyOwffxNE2VeSlVpxG1nSLKYDdCeBE8RgW3aA%3D%3D,404
https://developers.realme.govt.nz/,https://developers.realme.govt.nz/how-realme-works/verified-address-data,https://login.realme.govt.nz/32179062-92f6-4eb0-89bc-df400a9e0367/B2C_1A_DIA_RealMe_LoginService/samlp/sso/login?SAMLRequest=hZNbj9owEIXf91egvIfcSFgsiJSFdovEAiK0D32JTDIBS4mdehwu%2B%2BvXSdiCVhX1oz3nzJlP4zHSsqhIVKsD38CfGlA99fQ5lwVH0j5OjFpyIigyJJyWgESlJI7eFsTt26SSQolUFMYX2WMVRQSpmOCdbD6bGKvlt8Xqdb5Msgz81M5s8PPh8Dkb7IKAukM3AN%2FzPDoYQO64jkP9TvoLJGqfiaFtjafODbGGOUdFudL3thuYtmd6ztZ2iBcQ3%2F%2FdSWd6WMapauUHpSokllWIPeN9CbQoob8XR9Xn75bnOsORHbjmyM0DcwA723we7VIzywe2TUdge8HQenGniRMls3mUbLT8DZJF4xWDPLIUrJalhSi6Fl2E9ZXeC%2BMZ4%2FvH0HZdEZIf2%2B3aXK%2FibWcSfcKcCo51CfLa8udmcZsrgyMUotK0vg4XQ1pLpi5dLqvLbtEUjbC1HzfJSQtVhv%2B3E3JPOcMWK1r0hIlekWxs3bvcfCuy1HPOZ2tRsPTS3jfnu5AlVY9xNDcsM%2FO2lDRRGCrgyvjrEhWFOE11PgUTQ8kajJ4V3rW%2BLjxk7fpregrOqjcVZUUlw2Yr4ExTdeVwY3FfPi30Lm8gD5uo%2FL0gDQfCUkVQZUhoU0oyqApxKXU48rqI775BStJGrydbiFOsJPC9OlxZ%2FbNLR856kD98%2Bny%2B%2F9ThBw%3D%3D&RelayState=https%3A%2F%2Fdevelopers.realme.govt.nz%2Fhow-realme-works%2Fverified-address-data&SigAlg=http%3A%2F%2Fwww.w3.org%2F2000%2F09%2Fxmldsig%23rsa-sha1&Signature=nrjELMMnegXoorj5KGTLSuj5iNRFIrA%2BasnP8LJBHQ5i5Rbo33mRi9wpkQ9oHZdWyl3M%2FIKoajnD7hwcs%2B0KHF5HfLiLktRMPOpI4xzhILSJysj8ojvw4FFm6eqxLPOvrnpFMNfGkVwKE0n%2Bnet5nm6mDnnYxkK%2Fq%2FmF%2F%2FxERAL4rtgMRhQNNJ3CMScxZgZ2JLwTzSrhwawP1BBUm1UNll%2F%2FKdku4JLkO5EIe8h1fvXssnEXxRTONS3dskrUJFzY0QosUrAsizApqUzcuQi9YPVYu6WrypOHV0V7DPi0mQO7f%2F7rsP%2FnkHLrsNEe5KVR3xuJe8YQ9JIbczJx5mpKyw%3D%3D,404
https://developers.realme.govt.nz/,https://developers.realme.govt.nz/how-realme-works/verified-identity-data,https://login.realme.govt.nz/32179062-92f6-4eb0-89bc-df400a9e0367/B2C_1A_DIA_RealMe_LoginService/samlp/sso/login?SAMLRequest=hZNbj9owEIXf%2BRUo7yE3EogFSCy0WyQWEKF96AsyzgCWEjv1OFz216%2BTsAWtKupHe86ZM5%2FGA6R5VpBxqY9iDX9KQN1qm3PJM4GkfhxapRJEUuRIBM0BiWYkGb%2FNid9xSaGklkxm1hfZcxVFBKW5FI1sNh1ay8W3%2BfJ1ttjuWbz3mBvGfs%2BFIPI8CNJ%2B4EM%2FCHt%2BFLI4DoKwS2kj%2FQUKjc%2FQMrZWq3FDLGEmUFOhzb3rR7Yb2IG3cT0ShCQMfjfSqRmWC6pr%2BVHrAonjZPLARUcBzXLoHORJd8S7E%2FheL3Yj3479fWR3Yefa%2FXjH7HTfdV0agxtEPefFn2y98XY6G2%2FXRv4G23nllYA6cQZOzdJBlE2LJsLqRu%2BFi5SLw3Nou6YIyY%2FNZmWvlsmmMRl%2FwpxIgWUO6tby53p%2BnyuFE2SyMLS%2BDpcAKxXX1yaX02R3KENrVNsPquSkhqpG%2F7eT6kAFxxorOvSMW7Mi6cB5dLn7FmRh5pxNVzLj7FrfV%2Be7VDnVz3FUNzy193UpqaJw1CC09ddlnGXyPDH5NAwtrUqw2s7oofVt4SGt19%2FQ03DR7YnMC6o4VlsBF8r0jcOdxWP5JDO7vIb9qIoq3jNScSCcaYI6RUKrUpJCkclrbsKR13ny8A0YYZXeTDaX50QrEAd9vLH6Z5eGnPMk%2F6j1%2Bfz4qUcf&RelayState=https%3A%2F%2Fdevelopers.realme.govt.nz%2Fhow-realme-works%2Fverified-identity-data&SigAlg=http%3A%2F%2Fwww.w3.org%2F2000%2F09%2Fxmldsig%23rsa-sha1&Signature=BQPJdGauETsiIk3cdWBz78e12N8hNpVZIvyEdiFB2EdOgI4TnLtSN8pX4SSYwbW9lk8C3BCtf2pBRICLfT%2Fhv8Xmour%2FTSrqYVuWU3r6gr8QE8Ofoly72R7hqxKzE%2FPjxk%2Bo182qom6qKpF7TSqLro9Ra%2FLZqKd6pKzKDZ%2F43aaXTDf9CfndJeXdx44S6ZcJ8uc1%2FK4mAmZq7lx4l9PsPmAUvRL%2Bg82boPolHS4obzLHOjVFgWFu45GAm0uZHxl0%2FiQpIgW5uXrrk%2BG%2Fh4IP%2FbERbO%2BCz25Qk%2BxgKO518CliGy36TBvpdOiF8gW8m0eonnclomPVC7ustYXdPjwYCQ%3D%3D,404
https://developers.realme.govt.nz/,https://developers.realme.govt.nz/how-realme-works/whats-the-realme-assertion-service,https://login.realme.govt.nz/32179062-92f6-4eb0-89bc-df400a9e0367/B2C_1A_DIA_RealMe_LoginService/samlp/sso/login?SAMLRequest=hZNPj9owEMXv%2BylQ7iEmYUOwIBIL7RaJBQS0h14i4wxgKbFTj8Of%2FfTrJGxBq4r6aM978%2Ban8QBZnhV0VJqDXMGfEtA8tew555lEWj8OnVJLqhgKpJLlgNRwuh69zajfJrTQyiiuMueL7LGKIYI2QslGNp0MncX822zxOp0n29AnwKNejxES8qhLQkJ8xqOoG0HEntNdsIu6%2FHnbSH%2BBRuszdKyt89S4IZYwlWiYNPae%2BKFLAjfobEiHBj3a9X830okdVkhmavnBmAKp52VqL2RbA8tyaO%2FV0bTluxf4nV6fhL7b93eh24UtcaP%2BlrvprksI6wMJwp734o%2BTziiZTEfJysrfIJlVXmvQR8HBq1l6iKpp0URYXum9CJkKuX8MbdsUIf2x2Szd5WK9aUxGnzDHSmKZg762%2FLma3eZK4QiZKiytr8OtgZdamEuTy2uye4yjE9f2gyo5raHq%2BP92Su%2BZFFhjRY%2BdMLErkg68e5ebb0Hnds7pZKkywS%2F1fXW%2BK50z8xhHdSNSd1eX0iqKQAPSOH9dRlmmTmObz8DQMboEp%2BXFd62vCw9pvf6WnoGzaY1VXjAtsNoKODNurhxuLO7Lx5nd5RXs4iqqfM9oxYEKbiiaFCmrSmkKRaYuuQ1HX2fru2%2FAKa%2F0drKZOq2NBrk3hyurf3ZpyHkP8sdPn8%2F3nzr%2BAA%3D%3D&RelayState=https%3A%2F%2Fdevelopers.realme.govt.nz%2Fhow-realme-works%2Fwhats-the-realme-assertion-service&SigAlg=http%3A%2F%2Fwww.w3.org%2F2000%2F09%2Fxmldsig%23rsa-sha1&Signature=CjXvYqaH23f794sJm3P89pDgIXSIi3rTcU85rHj2uoh29Z4GQq0UhCnkt%2BjYtujJ44lfw5NO7E3WoWD1qRrOYRYpAQlN9R1kj10kmA%2B2QyTalN2E%2FOHgb9ijbZA10YiQ8xkGKDjCxadfdfGAMT02VmdoBZ8CxbGn1jY95nLfV0dY4Oe4DV6TSYR%2Fn%2FLQUhdkBW1%2FuNf7YFAWqwF8pnKi81Qawp%2FYSOb%2F%2BfvUJYIsB08AjMckh8jZLCB2GQt6CxKU%2BD%2BTfMwbVcV2lPl8HgIcm4hWTl%2FVuHEoIb3mM7DFMzjefV1GOl6wG%2F3qhQgYu2zpKl3dbJLWWxwI8gseatTffw%3D%3D,404
https://developers.realme.govt.nz/,https://developers.realme.govt.nz/how-realme-works/whats-the-realme-login-service,https://login.realme.govt.nz/32179062-92f6-4eb0-89bc-df400a9e0367/B2C_1A_DIA_RealMe_LoginService/samlp/sso/login?SAMLRequest=hZNPj9owEMXvfAqUe0gIEMCCSFlot0gsIEJ76CVynAEsJXbqcfizn36dhC1oVVEf7Xlv3vw0niDNs4KEpT6KLfwpAXWrbc4lzwSS%2BnFqlUoQSZEjETQHJJqRKHxbEq%2FjkkJJLZnMrC%2By5yqKCEpzKRrZYj611qtvy%2FXrYhWPGPU8LxkM3YE3HIyTJKE0GfjDMYz2Q5b4fUYBPM9vpL9AofGZWsbWajVuiCUsBGoqtLl3Pd92e3avu3O7pOeTfv93I52bYbmgupYftS6QOE4mD1x0FNAsh85BnnRHvDs9rzscu75nj729b%2Fchce3ROGF2uu%2B7Lh2D2%2FOHzos3i7thPF%2BE8dbI3yBeVl4RqBNn4NQsHUTZtGgibG70XrhIuTg8h5Y0RUh%2B7HYbe7OOdo1J%2BAlzJgWWOahby5%2Fb5X2uFE6QycLQ%2BjpcBKxUXF%2BbXE6T3aEMraC2n1TJSQ1VBf%2B3k%2BpABccaKzr0jLFZkXTiPLrcfQuyMnMu5huZcXat76vzXaqc6uc4qhue2vu6lFRROGoQ2vrrEmaZPM9MPg1TS6sSrLYTPLS%2BLTyk9fobehouuj2TeUEVx2or4EKZvnG4s3gsn2Vml7ewD6qo4j0jFQfCmSaoUyS0KiUpFJm85iYceV1GD9%2BAEVbpzWRLeY60AnHQxxurf3ZpyDlP8getz%2BfHTx18AA%3D%3D&RelayState=https%3A%2F%2Fdevelopers.realme.govt.nz%2Fhow-realme-works%2Fwhats-the-realme-login-service&SigAlg=http%3A%2F%2Fwww.w3.org%2F2000%2F09%2Fxmldsig%23rsa-sha1&Signature=fvXLkbmV3syXsu5qbsMIqa%2BZ94AsTa0wt0JUVtqDvvcFqu7o6gM66mv%2BW8tstWupyuyNDaBg%2FzNnZMGMVjKFaPyjFM9Wg2GbyCWYFir9fhklEPN3MCvT%2BReOuzt0ZivxJMcNK8OJ4RR0YGxFGvOqAFqzsJVhlbSFgEjxsLVXCE9feFjElKmd4e7K%2Bd1tghhJOK56WG0E8XoqeE1ChroizCt82GD8cacepf97JnMw9d5x6i55smDoTguAQMwi6K28GDD9gYMw3VB2e%2FIDYBrmccR8c3pPfzlQ1TGJPTvnHfi6fFb%2BULmSA%2FhvDogUYkzq8bBUW0ScDK5ij1Bpf4RthA%3D%3D,404
https://developers.realme.govt.nz/,https://developers.realme.govt.nz/how-to-integrate,https://login.realme.govt.nz/32179062-92f6-4eb0-89bc-df400a9e0367/B2C_1A_DIA_RealMe_LoginService/samlp/sso/login?SAMLRequest=hZNbj9owEIXf%2BRUo7yEhSblYEImFdovEAgLah75Exp6ApcROPQ6X%2FfV1EragVUWtPNlzzpz5NBkhzbOCTEpzlBv4XQKaVtueS55JJPXj2Cm1JIqiQCJpDkgMI9vJ24IEHZ8UWhnFVOZ8kj1XUUTQRijZyOazsbNafl2sXufLhPb6fe5H6YCHtDfgkf0inw37sAeAiAc8SnnaB2ikP0Gj9Rk71tZpNW6IJcwlGiqNvfeDnuuHbtjd%2BV0SfiHh4FcjndlhhaSmlh%2BNKZB4XqYOQnY00CyHzkGdTEe%2Be2HQ7Q%2F9XuAOg7TnRrD33cFwz1yeRr5Ph%2BCHvb73EkyT7iSZzSfJxsrfIFlUXlvQJ8HAq1l6iKpp0URY3%2Bi9CMmFPDyHtm%2BKkHzf7dbuerXdNSaTD5hTJbHMQd9a%2Ftgs7nNxOEGmCkvr83BbYKUW5trk8prsHmXoxLX9qEpOaqg6%2Fr%2Bd0gcqBdZY0aNnTOyK8JH36HL3LcjSzjmfrVUm2LW%2Br843pXNqnuOobgR307qUVFEEGpDG%2BesyyTJ1ntp8BsaO0SU4bS9%2BaH1beOD1%2Blt6Bi6mPVV5QbXAaivgQpm5cbizeCyfZnaXN5DGVVT5npGKAxHMEDQcCa1KCYciU9fchiOvi%2B3Db8AIq%2FR2soU6b40GeTDHG6t%2FdmnIeU%2Fyx62P58efOv4D&RelayState=https%3A%2F%2Fdevelopers.realme.govt.nz%2Fhow-to-integrate&SigAlg=http%3A%2F%2Fwww.w3.org%2F2000%2F09%2Fxmldsig%23rsa-sha1&Signature=TdvqZ85C5M6ILUWpNSTUVhs6b03NKOQX2N0Cd5f%2BAv4KUKJozihpQVrmdwK48qsa7EgX%2BMbOyjJstziH77Gp0fOtfL9%2BqGSEaBGHsOlb0CCXY5i5A%2BTcb86eMRbd0HiUS7XVljaVoI16t%2FxkX5tqrtdHgmhS9ohXJOJxdfrQb9dbaVmJqmJd8G%2BHrC3ViALf9uPNpJvvobOTJ7ytIHp9E%2FF96JsXCRDHMiphq1FUU56dFeWMXIWB1OO2tzK3cjOc8HFG%2FQeJUFcSayfBCF0HKqqd530sN4A2iHNJfQ2LNQ1T6MCAkECCEm7UNRXTvOSTdrrJOrgFqGYtRagaULPW5g%3D%3D,404
https://developers.realme.govt.nz/,https://developers.realme.govt.nz/how-to-integrate/application-design-and-branding-guide,https://login.realme.govt.nz/32179062-92f6-4eb0-89bc-df400a9e0367/B2C_1A_DIA_RealMe_LoginService/samlp/sso/login?SAMLRequest=hZNbj9owEIXf%2BRUo7yE3CGBBJBbaLRILiNA%2B9CVykglYSuzU43DZX79Owha0qqgf7TlnznwaT5AWeUlmlTryHfypAFWnq8%2BlyDmS5nFqVJITQZEh4bQAJCoh4extRdyeTUoplEhEbnyRPVdRRJCKCd7KloupsVl%2FW21el%2BsoTuk48SFzKAwGcT9zPC%2BzndgZjYZjN%2FYHw9h3s2xIW%2BkvkKh9poa2NTqtG2IFS46KcqXvbdc3bc%2F0nL3tEG9EvP7vVrrQwzJOVSM%2FKlUisaxcHBjvSaB5Ab2DOKkef7c81xmObd81x27mm32IbXM0jhMzzfq2Tcdge%2F7QenHnkTOLFstZtNPyN4hWtVcI8sQSsBqWFqJoW7QRtjd6L4ynjB%2BeQ4vbIiQ%2F9vutud2E%2B9Zk9glzLjhWBchby5%2B71X2uFE6Qi1LT%2BjpcCEklmbq2uaw2u0UTNILGflInJw1UGfzfTsgD5QwbrGjRM0Z6RdKJ9ehy9y3JWs%2B5XGxFzpJrc1%2Bf70IWVD3HUd%2Bw1MyaUlJHYaiAK%2BOvyyzPxXmu8ymYGkpWYHSt4KH1beEhbdZf01NwUd25KEoqGdZbAReaqBuHO4vH8nmud3kHWVBH5e85qTkQliiCKkVC61KSQpmLa6HDkddV%2BPANEpLUej3ZSpxDJYEf1PHG6p9dWnLWk%2FxB5%2FP58VMHHw%3D%3D&RelayState=https%3A%2F%2Fdevelopers.realme.govt.nz%2Fhow-to-integrate%2Fapplication-design-and-branding-guide&SigAlg=http%3A%2F%2Fwww.w3.org%2F2000%2F09%2Fxmldsig%23rsa-sha1&Signature=dk8ecLvWl8g8O1%2BT2u0wNuFXVTGAjf99zV2Zwlo8FWAC93RyrLe2Xco7pQXhmCxMo9thMU79FohJmL42vcMENyD3iQPoV60NKKE2Dli9WppO7%2FjxccRgQUFeeIwZSEsrwb4o7EJ0q%2FQ5gXol1vk3Few4fdFKWvtgTSJ3Pe0qGgCncDxvik9Gk1c3cNb%2B%2FYl8v%2BeW%2B1elB9KA%2FmHbZ2sCJVSZxfA4VtTJtEH4TSCPjInGXOaG0VENM7Hs%2BQWOoqWbTTkqxPR%2BEe25OhCChCFNRWeGT4M7ODGme%2FQb5NtjZbMM7iwWiUZQPl6VYHnzn5VHer%2FJC0BV6gk6oHkqqVfGAA%3D%3D,404
https://developers.realme.govt.nz/,https://developers.realme.govt.nz/how-to-integrate/application-design-and-branding-guide/agency-co-branding,https://login.realme.govt.nz/32179062-92f6-4eb0-89bc-df400a9e0367/B2C_1A_DIA_RealMe_LoginService/samlp/sso/login?SAMLRequest=hZNbj9owEIXf%2BRUo7yFOwi0WRGKh3SKxgAjtQ18ikwxgKbFTj8Nlf%2F06CVvQqqJ%2BtOecOfNpPEKWZwWdlPooNvCnBNSttjmXPBNI68exVSpBJUOOVLAckOqERpO3BfU6hBZKapnIzPoie65iiKA0l6KRzWdja7X8tli9zpfxbhCA20%2B7%2FjAgXs%2Ft9sAjfs%2F1E494QY%2F1BjDYuQPXa6S%2FQKHxGVvG1mo1boglzAVqJrS5J17fJr7tu1vi0i6h3vB3I52ZYblgupYftS6QOk4mD1x0FLAsh85BnnRHvDu%2B5w4C0vfswNv37S7siD0Mdomd7ruEsACI3x84L940difxbD6JN0b%2BBvGi8opAnXgCTs3SQZRNiybC%2BkbvhYuUi8NzaLumCOmP7XZtr1fRtjGZfMKcSoFlDurW8udmcZ8rhRNksjC0vg4XQVIqrq9NLqfJ7rAErbC2H1XJaQ1Vhf%2B3k%2BrABMcaKzrsjLFZkXTkPLrcfQu6NHPOZ2uZ8eRa31fnu1Q5089xVDc8tfd1Ka2icNQgtPXXZZJl8jw1%2BTSMLa1KsNpO%2BND6tvCQ1utv6Gm46PZU5gVTHKutgAtL9I3DncVj%2BTQzu7yBfVhFFe8ZrThQnmiKOkXKqlKaQpHJa27C0ddF9PANEppUejPZQp4jrUAc9PHG6p9dGnLOk%2Fxh6%2FP58VOHHw%3D%3D&RelayState=https%3A%2F%2Fdevelopers.realme.govt.nz%2Fhow-to-integrate%2Fapplication-design-and-branding-guide%2Fagency-co-branding&SigAlg=http%3A%2F%2Fwww.w3.org%2F2000%2F09%2Fxmldsig%23rsa-sha1&Signature=RVhqf2tUzB2DxOHlCb7rky7tsfaFoc0VaUijyr6EdY4AHvMQFxiIZvCcs6%2BYadgPXc22meks1XpBiD1u144LHrEKU%2B8kwlfUOgsXi0%2BZTU%2FsBbOCXEvsLMkzb6Pmh5RGQMkmtlPm4umEyd%2FmAOuQzDrLXY2LLPlQMMbzUk7uuehotoXU9K%2FrREwTpGOQkb4Btw2gHoHgHWXim1t%2B3dj3CdD%2Bj4%2B0uW0luqJv8eP2gnx0CMxssN5UVtinF6nvJtZ0iIKZ3HGHzzqKOeCye%2Bat6WQJ4AtQxiXHFvJflf0nEE6bmaAGZ%2ByycrD9CLrUSOo5k0JfbmRZEWKu9asrqGvyzg%3D%3D,404
https://developers.realme.govt.nz/,https://developers.realme.govt.nz/how-to-integrate/application-design-and-branding-guide/other-design-considerations-for-assert,https://login.realme.govt.nz/32179062-92f6-4eb0-89bc-df400a9e0367/B2C_1A_DIA_RealMe_LoginService/samlp/sso/login?SAMLRequest=hZNbj9owEIXf%2BRUo7yEX7hZEYqHdIrGAgPahL5GxJ2ApsVOPw2V%2F%2FToJW9Cqon6055w582k8QpqlOZkU5ig38KcANI2mPZcslUiqx7FTaEkURYFE0gyQGEa2k7cFCVs%2BybUyiqnU%2BSJ7rqKIoI1QspbNZ2Nntfy2WL3Ol3GHdzs9yrnfGYScJUGQJP1eN%2BwOed%2FvJkGyZ31%2FEA5ZLf0FGq3P2LG2TqN2QyxgLtFQaey9H%2FZcv%2B22g50fkPaABP3ftXRmhxWSmkp%2BNCZH4nmpOgjZ0kDTDFoHdTIt%2Be61w6A%2F9HuhOwyTntuBve8Ohnvm8qTj%2B3QIfrvX917CaRxM4tl8Em%2Bs%2FA3iRem1BX0SDLyKpYeo6hZ1hPWN3ouQXMjDc2j7ugjJj91u7a5X211tMvmEOVUSiwz0reXPzeI%2BF4cTpCq3tL4OtwVWaGGudS6vzu5Rhk5U2Y%2FK5KSCqqP%2F2yl9oFJghRU9esbYrggfeY8ud9%2BcLO2c89lapYJdq%2FvyfFc6o%2BY5jvJGcDepSkkZRaABaZy%2FLpM0VeepzWdg7BhdgNP0oofWt4UHXq2%2FpWfgYppTleVUCyy3Ai6UmRuHO4vH8mlqd3kDSVRGle8pKTkQwQxBw5HQspRwyFN1zWw48rrYPnwDRlipt5Mt1HlrNMiDOd5Y%2FbNLTc57kj9qfD4%2FfuroAw%3D%3D&RelayState=https%3A%2F%2Fdevelopers.realme.govt.nz%2Fhow-to-integrate%2Fapplication-design-and-branding-guide%2Fother-design-considerations-for-assert&SigAlg=http%3A%2F%2Fwww.w3.org%2F2000%2F09%2Fxmldsig%23rsa-sha1&Signature=V%2FcW%2FfMnMNvxXAJebiWU981HNkNvxKD0ld9gFoqUUOzUod88Qp2WcpMEOPgVqve0szT5EzJHU0uMEtmIlhXp4xsT%2F4A26YQPNqTOluDeAh5PDOJHr2%2FfGmib7cOPR6nA46%2Bla4paLtCmQ%2F8CqAiS72GEXI0mPVHi3Fpdy71y7xvXXehwx8vK1AMUKpYFWGaxuG3n3gtrdRzpVWQfPIhhIqmPfVEsad5bz9VTNolzxQW%2BpubPtdSfzwr5mRQKUiAFrbye6plEdpBMqvOVLQESvxYiYsiUMoljK0ASG%2FfyEvsmts4iroDI2L6PNQrWXyYHeOcO3kH0p5JWj%2FhDTYhzBw%3D%3D,404
https://developers.realme.govt.nz/,https://developers.realme.govt.nz/how-to-integrate/application-design-and-branding-guide/other-design-considerations-for-login,https://login.realme.govt.nz/32179062-92f6-4eb0-89bc-df400a9e0367/B2C_1A_DIA_RealMe_LoginService/samlp/sso/login?SAMLRequest=hZNbj9owEIXf91egvIdcCRsLkLLQbpGygAjtQ1%2BQSSZgKbFTj8Nlf%2F06CVvQqqLOS2T7nDnzaTxCWhYViWp14Gv4UwOqp55e57LgSNrDsVFLTgRFhoTTEpColCTRW0zcvk0qKZRIRWF8kT1WUUSQigneyeazsbFcfIuXr%2FPF1gl83wvzwAWAIM%2FBoTAY6J%2FcH9LmewYvg8CHTvoLJGqfsaFtjafODbGGOUdFudL7thuYtmd6zsZ2iBeSgfe7k850s4xT1coPSlVILKsQe8b7EmhRQn8vjqrP3y3PdYahHbhm6OaB6cPONp%2FDXWpmuW%2FbNATbC4bWizvdOtF2No%2B2ay1%2Fg23ceCUgjywFq2VpIYquRBdhdaX3wnjG%2BP4xtF13CcmPzWZlrpbJpjOJPmFOBce6BHkt%2BXMd3%2FrK4AiFqDStr80lkNaSqUuXy%2BqyWzRFY9Laj5rkpIUqJ%2F%2B3E3JPOcMWK1r0hFs9ItnIune5%2BVZkofucz1aiYOml3W%2FWdyFLqh7jaHZYZubtVdJEYaiAK%2BOvS1QU4jTV%2BRSMDSVrMHrW5K70deAha8df01NwVr2pKCsqGTZTAWeaqiuHG4v769NCz%2FIa8kkTlb8XpOFAWKoIqgwJba6SDKpCXEodjrzGyd0zSEna6HVnsTglSgLfq8OV1T%2BrdOSsB%2FknT5%2FH94968gE%3D&RelayState=https%3A%2F%2Fdevelopers.realme.govt.nz%2Fhow-to-integrate%2Fapplication-design-and-branding-guide%2Fother-design-considerations-for-login&SigAlg=http%3A%2F%2Fwww.w3.org%2F2000%2F09%2Fxmldsig%23rsa-sha1&Signature=ZNw%2B1jkqw8Lxmtv3ooIAjE7SrtpUrREHb6dHttdb9bmcxQ2dGAsbH0MM50JYD2xVdH5gATSDpz0SUoxAKOR2JO2BiSx7JhvlmB600znJbMA1KdaBR6%2FmSQcQzgOsNz2iPDW81H2zUkzQEfR8LBJsjB4YEYog3JKL1J3aNuMZOUh7B7BnjcFGtKLuycD7j9ICTbusBFOHkGD%2FMkuvQ%2BheHfSamxcyx4LGItmaR%2FQrMtnV3OgRM3Qs5%2FNiXgYYJhyQtjqfOabkF35%2FThK9iMWbERxPYA83j5WY1Rx1bNbwtxmIlkEWazYKou2cS%2BF%2BCn29B6ZhHAgQBOduoUHL683Euw%3D%3D,404
https://developers.realme.govt.nz/,https://developers.realme.govt.nz/how-to-integrate/application-design-and-branding-guide/realme-new-page-elements,https://login.realme.govt.nz/32179062-92f6-4eb0-89bc-df400a9e0367/B2C_1A_DIA_RealMe_LoginService/samlp/sso/login?SAMLRequest=hZNbj9owEIXf91egvIeYhOViQaQstFskFhChfehL5CQTsJTYqcfhsr9%2BnYQtaFVRP9pzzpz5NJ4gK%2FKSBpU%2BiC38qQD1U8ecc5ELpM3j1KqUoJIhRypYAUh1QsPgbUndLqGlklomMre%2ByB6rGCIozaVoZYv51Fqvvi3Xr4tVFHuxN%2BjHIyB9D%2BJn5g5INmY99sy8ZOhmJPNGWZyStJX%2BAoXGZ2oZW%2BupdUOsYCFQM6HNPXEHNvFsr7cjPdonlIx%2Ft9K5GZYLphv5QesSqePkcs9FVwHLC%2Bju5VF3xbvjub3hmAxce%2BxmA7sPMbFH4zix06xPCBsD8QZD58WdRb0gmi%2BCaGvkbxAta68Q1JEn4DQsHUTZtmgjbK70XrhIudg%2Fhha3RUh%2F7HYbe7MOd61J8AlzJgVWBahry5%2Fb5W2uFI6Qy9LQ%2BjpcCEmluL60uZw2u8MStPzGflInpw1U5f%2FfTqo9ExwbrOiwE0ZmRdKJc%2B9y8y3pysy5mG9kzpNLc1%2Bf71IVTD%2FGUd%2Fw1M6aUlpH4ahBaOuvS5Dn8jQz%2BTRMLa0qsDqOf9f6uvCQNutv6Gk4685MFiVTHOutgDNL9JXDjcV9%2BSw3u7yFzK%2Bjivec1hwoTzRFnSJldSlNoczlpTDh6OsyvPsGCU1qvZlsKU%2BhViD2%2BnBl9c8uLTnnQX7%2F6fP5%2FlP7Hw%3D%3D&RelayState=https%3A%2F%2Fdevelopers.realme.govt.nz%2Fhow-to-integrate%2Fapplication-design-and-branding-guide%2Frealme-new-page-elements&SigAlg=http%3A%2F%2Fwww.w3.org%2F2000%2F09%2Fxmldsig%23rsa-sha1&Signature=Q7AakmqQOZwVYRiuvGe%2F03jbcdNoJvV3PlqbV31sleqkvS5WLUwYzp%2B0srPHuWfeWcz07KjLKf3WhLrZzaFwq%2FFivszGTQQwPgMP74Vegfwo5Yqd%2FzNsqZMe7g%2FoD9tEAejtLayoj4nlxgKJbqb0JgWHyvHlRetlw7lQJD0ERbuv24ZeLrIi%2FfNcAVNDZUfeTZESY3qUOUVzmVtjwKF9%2FIoAXWO8KeLzgMjxVD1SEb9h6vzbsEUbN7bvCv6KOuS5M548%2BIftwrh%2FW9hr1KvhGUDxpFo6ooC1hfGNS47pcmlAxZCzDaKKIQVOZfd5UZVcGvc04XR3qtkeamCRiYKdsw%3D%3D,404
https://developers.realme.govt.nz/,https://developers.realme.govt.nz/how-to-integrate/business-process-design,https://login.realme.govt.nz/32179062-92f6-4eb0-89bc-df400a9e0367/B2C_1A_DIA_RealMe_LoginService/samlp/sso/login?SAMLRequest=hZNbj9owEIXf91egvIdcyAZiQaQstFskFhDQPvQFGWcClhI79Thc9tevk7AFrSrqR3vOmTOfxkOkRV6SpNIHsYI%2FFaB%2B6phzLnKBpHkcWZUSRFLkSAQtAIlmZJ28zYjfdUmppJZM5tYX2WMVRQSluRStbDoZWYv5t9nidTrfpmGU%2BuEgjVw2iLygnwW78NnLgAbgMcZg90x7tJ9mrfQXKDQ%2BI8vYWk%2BtG2IFU4GaCm3uXT%2B03Z7d8zauR3oB8aPfrXRihuWC6kZ%2B0LpE4ji53HPRVUDzArp7edRd8e70fK8fuaFvR34W2gHsXHsQ7ZidZoHr0gjcXth3Xvzx1ku2k2myXRn5G2xntdca1JEzcBqWDqJsW7QRlld6L1ykXOwfQ9u1RUh%2BbDZLe7lYb1qT5BPmWAqsClDXlj9Xs9tcKRwhl6Wh9XW4NbBKcX1pczltdocytOLGflgnJw1UFf%2FfTqo9FRwbrOjQE27NiqRD597l5luSuZlzOlnKnLNLc1%2Bf71IVVD%2FGUd%2Fw1M6aUlJH4ahBaOuvS5Ln8jQ2%2BTSMLK0qsDpOfNf6uvCQNutv6Gk4685YFiVVHOutgDNl%2BsrhxuK%2BfJybXV5BFtdRxXtOag6EM01Qp0hoXUpSKHN5KUw48jpb330DRlitN5PN5GmtFYi9PlxZ%2FbNLS855kD9%2B%2Bny%2B%2F9TxBw%3D%3D&RelayState=https%3A%2F%2Fdevelopers.realme.govt.nz%2Fhow-to-integrate%2Fbusiness-process-design&SigAlg=http%3A%2F%2Fwww.w3.org%2F2000%2F09%2Fxmldsig%23rsa-sha1&Signature=RSQGaH0S06i5EorqJ1gp3NF%2BsFDL6hYC6KZ%2BKd3OYaH3WktfGJ6NY9GnG0puHTU2hn9WSgqc91%2Frtc2OiW75Kr4jhDIRVGexbhk3rnyfZ5lVp4Nc%2B4mX27ZThkUNZ1dM4KPj087%2BtowE%2F1uBjRrwsqe70x1rM9VJaHTCbzFRs07GUPS0%2Btf3%2FYslU7%2BZoy1mYbsn1NA706PQXmhREj1IVBo3NgHUQqywow%2BGFxYrxVt2YyDJb6zdIPoUMljZEILiMEDMfGCO6Zh%2F1tvKNIqVLKcWPgpB4%2FVGz1gWRaFn0POwjZquNQOJckvD%2FRCXwT17h3T83LcSjtfHZCyx1HgEtA%3D%3D,404
https://developers.realme.govt.nz/,https://developers.realme.govt.nz/how-to-integrate/business-process-design/business-process-scenarios,https://login.realme.govt.nz/32179062-92f6-4eb0-89bc-df400a9e0367/B2C_1A_DIA_RealMe_LoginService/samlp/sso/login?SAMLRequest=hZNPj9owEMXvfAqUe4iTsGGxACkL7RaJBQS0h16QcSZgKbFTj8Of%2FfTrJGxBq4r6aM978%2Ban8QBZnhU0Ls1BruBPCWhabXvOeSaR1o9Dp9SSKoYCqWQ5IDWcruO3GQ06hBZaGcVV5nyRPVYxRNBGKNnIppOhs5h%2Fmy1ep%2FNt1CWcPHWDoMsS4rMgSEnEek993mdp6Cd%2B8pz2Qnsa6S%2FQaH2GjrV1Wo0bYglTiYZJY%2B9JELkkdEN%2FQ3zaJZREvxvpxA4rJDO1%2FGBMgdTzMrUXsqOBZTl09upoOvLdCwO%2F1ydR4PaDNHK7sCPuc3%2FH3STtEsL6QMKo570E460fbyfTeLuy8jfYziqvNeij4ODVLD1E1bRoIiyv9F6ETITcP4a2a4qQ%2Fthslu5ysd40JvEnzLGSWOagry1%2Frma3uRI4QqYKS%2BvrcGvgpRbm0uTymuwe4%2BiMavtBlZzWUPXo%2F3ZK75kUWGNFj51wa1ckGXj3Ljffgs7tnNPJUmWCX%2Br76nxXOmfmMY7qRiRuWpfSKopAA9I4f13iLFOnsc1nYOgYXYLT9kZ3ra8LD0m9%2FpaegbNpj1VeMC2w2go4M26uHG4s7svHmd3lFaSjKqp8z2jFgQpuKJoEKatKaQJFpi65DUdfZ%2Bu7b8Apr%2FR2spk6rY0GuTeHK6t%2FdmnIeQ%2Fyj1qfz%2FefevQB&RelayState=https%3A%2F%2Fdevelopers.realme.govt.nz%2Fhow-to-integrate%2Fbusiness-process-design%2Fbusiness-process-scenarios&SigAlg=http%3A%2F%2Fwww.w3.org%2F2000%2F09%2Fxmldsig%23rsa-sha1&Signature=EBRvx8kp1Uc%2BgBd%2B10Ig6v6%2BocDtxTdj64wF0vY7f1I305ciSQxmQIMG0fAFkiLwXSpdkRsHUG8rF18QOiGgG6%2FNq0XRgI%2BbdBGvIz7ORChUXGaxELiDn3%2BpGtehJh23D0vEBxdcZXA2QzUqjehG9MTn5qz2BRZFmITqJC2Rt%2BEAcloTgF%2BPe44Ql3hSmq6gtl6leG0oH5ZBrCUMtsIj9YIaiJWWJB31DGHriWTkhqSKhkRTkdmgvvRT9oZnArKtOcLJrXe%2BO9tpVADQecOs3KvLiNjjTe2yhX22ZhscdDwceWwaeZqlGEmmH1TaWAkjnFsBY8zkkDF1ZzEX%2FiLKgQ%3D%3D,404
https://developers.realme.govt.nz/,https://developers.realme.govt.nz/how-to-integrate/business-process-design/identity-risk-and-authentication-strength,https://login.realme.govt.nz/32179062-92f6-4eb0-89bc-df400a9e0367/B2C_1A_DIA_RealMe_LoginService/samlp/sso/login?SAMLRequest=hZNbj9owEIXf91egvIfclkssiJSFdouUBURoH%2FoSmWQClhI79Thc9tevk7AFrSrqR3vOmTOfxhOkZVGRsFYHvoE%2FNaB66ulzLguOpH2cGrXkRFBkSDgtAYlKSRy%2BRcTt26SSQolUFMYX2WMVRQSpmOCdbDGfGqvlt2j1ulgmQ2cAAz%2Blg2wMOc0c23V2QH07H41z2LkD1x%2BPfN%2F3OukvkKh9poa2NZ46N8QaFhwV5Urf2%2B7QtD3Tc7a2QzyfuIPfnXSuh2WcqlZ%2BUKpCYlmF2DPel0CLEvp7cVR9%2Fm55rjPy7aFr%2Bm4%2BNJ9hZ5tjf5eaWf5s29QH2xuOrBd3ljhhMl%2BEyUbL3yCJGq8Y5JGlYLUsLUTRtegirK%2F0XhjPGN8%2FhrbripD82G7X5noVbzuT8BPmTHCsS5DXlj830W2uDI5QiErT%2BjpcDGktmbp0uawuu0VTNILWftIkJy1UGfzfTsg95QxbrGjREyZ6RbKJde9y863IUs%2B5mK9FwdJLe9%2Bc70KWVD3G0dywzMzbUtJEYaiAK%2BOvS1gU4jTT%2BRRMDSVrMHpWcNf6uvCQteuv6Sk4q95MlBWVDJutgDNN1ZXDjcV9%2BazQu7yBPGii8veCNBwISxVBlSGhTSnJoCrEpdThyGsU332DlKSNXk8WiVOsJPC9OlxZ%2FbNLR856kD94%2Bny%2B%2F9TBBw%3D%3D&RelayState=https%3A%2F%2Fdevelopers.realme.govt.nz%2Fhow-to-integrate%2Fbusiness-process-design%2Fidentity-risk-and-authentication-strength&SigAlg=http%3A%2F%2Fwww.w3.org%2F2000%2F09%2Fxmldsig%23rsa-sha1&Signature=Qhj6%2Fi2dYcZ3hitNfM%2BzB3CWyCr3Aui9LqfB%2BvVJpwbzgtd0FXwgT6sRXHZvnwCmnpzumWTWMWcN%2FTSVfWhj97No6JQuxEEkZsROKXT8Sto1PL8ZkR3IQEjVtJP6TOC1lGnHZreXoeqqPhuKkjqVTNZ2Qng9Pc5FYJiMNMD0zN%2BQNDYqhoI%2BlJotc2hdWr%2Fr5kruB0U5jzmh6AZDqqlJwV5YGqKH%2FgLcun58XFN96bN504o6LI0mL%2FGTQn4Uhz4SGQ3%2Bz%2FWmpvEiVn51Pva4uxo%2BD0MLzj0x%2FbS4GRzV54WyrlecPZ9vti8eBrMkf007GXXQ4%2BKrQEdf58CBYDJBxw%3D%3D,404
https://developers.realme.govt.nz/,https://developers.realme.govt.nz/how-to-integrate/core-steps-for-technical-oidc-integration,https://login.realme.govt.nz/32179062-92f6-4eb0-89bc-df400a9e0367/B2C_1A_DIA_RealMe_LoginService/samlp/sso/login?SAMLRequest=hZNbj9owEIXf%2BRUo7yFXLrEAiYV2i8QCIrQPfUHGmYClxE49Dpf99eskbEGrivrRnnPmzKfxEGmeFWRS6qPYwJ8SULfa5lzyTCCpH0dWqQSRFDkSQXNAohmJJ28L4ndcUiipJZOZ9UX2XEURQWkuRSObz0bWavltsXqdL3f9QRh5ftTtdz3W83pB0E%2BibsqCIPSTPQ3TPWOwZ%2B6gkf4ChcZnZBlbq9W4IZYwF6ip0Obe9Xu2G9iBt3U9EoTEd3830pkZlguqa%2FlR6wKJ42TywEVHAc1y6BzkSXfEuxP4Xj9ye74d%2BWnPDmHv2oNoz%2BwkDV2XRuAGvb7z4k933mQ3m092GyN%2Fg92i8opBnTgDp2bpIMqmRRNhfaP3wkXCxeE5tH1ThOTHdru216t425hMPmFOpcAyB3Vr%2BXOzuM%2BVwAkyWRhaX4eLgZWK62uTy2myO5ShNa7th1VyUkNV4%2F%2FbSXWggmONFR16xp1ZkWToPLrcfQuyNHPOZ2uZcXat76vzXaqc6uc4qhue2GldSqooHDUIbf11mWSZPE9NPg0jS6sSrLYzfmh9W3hI6vU39DRcdHsq84IqjtVWwIUyfeNwZ%2FFYPs3MLm8gHVdRxXtGKg6EM01QJ0hoVUoSKDJ5zU048rqIH74BI6zSm8kW8hxrBeKgjzdW%2F%2BzSkHOe5B%2B3Pp8fP%2FX4Aw%3D%3D&RelayState=https%3A%2F%2Fdevelopers.realme.govt.nz%2Fhow-to-integrate%2Fcore-steps-for-technical-oidc-integration&SigAlg=http%3A%2F%2Fwww.w3.org%2F2000%2F09%2Fxmldsig%23rsa-sha1&Signature=GkjxldQJbJP0ogoC8VqAbwTz1QwNutK5kJ%2B0vzZxiHYBpGARtFrR%2BWbOset6F%2BP0azHHBQLNJC1NuXkNieR7K1G88WH5RIq0SDzaPygjFsBrTIbBBe483xW%2BTRUnhwH8Ee7r0sIqVniGuX4SW7qGusOeJj2XR8JRSEdAeBWfxQvUEUkQtqhMz52cdEW8mfYly26Ha7veI68S%2BMWVLSVUPaZCM6kusTJEHk1IGKR%2FoRJ1PSHHnOjqxSNgAV94fjW8URV%2F5ooaMi89ZuSdn75JAp7yUOPY5ewFzJhSgvJfU3bmdm8M%2BUF898g1H6xogJYIM1rKKMoOYAsbDHKzgu0riQ%3D%3D,404
https://developers.realme.govt.nz/,https://developers.realme.govt.nz/how-to-integrate/core-steps-for-technical-saml-integration,https://login.realme.govt.nz/32179062-92f6-4eb0-89bc-df400a9e0367/B2C_1A_DIA_RealMe_LoginService/samlp/sso/login?SAMLRequest=hZNbj9owEIXf%2BRUo7yFXCFiAxEK7RWIBAe1DX5DjTMBSYqceh8v%2B%2BnUStqBVRf1ozzlz5tN4iDTPCjIp9VFs4E8JqFttcy55JpDUjyOrVIJIihyJoDkg0YxsJ28L4ndcUiipJZOZ9UX2XEURQWkuRSObz0bWavltsXqdL%2FfdNGVuP%2FK61Ie470cs9vt%2BGrMYgAWRF4Zu0A37sddIf4FC4zOyjK3VatwQS5gL1FRoc%2B%2F6PdsN7MDbuR4JIhL2fzfSmRmWC6pr%2BVHrAonjZPLARUcBzXLoHORJd8S7E%2FheNHB7vj3w054dQuza%2FUHM7CQNXZcOwA16kfPiT%2FfeZD%2BbT%2FYbI3%2BD%2FaLy2oI6cQZOzdJBlE2LJsL6Ru%2BFi4SLw3NocVOE5Mdut7bXq%2B2uMZl8wpxKgWUO6tby52ZxnyuBE2SyMLS%2BDrcFViqur00up8nuUIbWuLYfVslJDVWN%2F28n1YEKjjVWdOgZ92ZFkqHz6HL3LcjSzDmfrWXG2bW%2Br853qXKqn%2BOobnhip3UpqaJw1CC09ddlkmXyPDX5NIwsrUqw2s74ofVt4SGp19%2FQ03DR7anMC6o4VlsBF8r0jcOdxWP5NDO7vIF0XEUV7xmpOBDONEGdIKFVKUmgyOQ1N%2BHI62L78A0YYZXeTLaQ561WIA76eGP1zy4NOedJ%2FnHr8%2FnxU48%2FAA%3D%3D&RelayState=https%3A%2F%2Fdevelopers.realme.govt.nz%2Fprojects&SigAlg=http%3A%2F%2Fwww.w3.org%2F2000%2F09%2Fxmldsig%23rsa-sha1&Signature=hlLNDlO4a8bTLMy6UjihFK0%2BZj01DoJvDcwMWN%2FGU30i3hVMNDwwq2Gwjo40xAn2y2IF6ci5qWMdv9Qxq3CHNO58GnvYSrptxTLG9ivWLHiWRbReo272oVUlBbon72EolrKlmlMJisIQA2zuSdUQA7iEve4hWAb929lokBVHNED7yaYyrcoIjncN3cYZ6pjM7CI63IpbKjbW%2BhUib%2FJxIGF9qc7IRyDvKcDQ93%2Bwlw4IOjZkX628CHjKSBSXbEIqva0AIommtZYGifDbUOaJrpdnLVEgplRSRt2ieAVf8UZ1C8wf49p5ydVDMzH8EILZx2X6aPDb9MSXiPPMeBQqCA%3D%3D,404
https://developers.realme.govt.nz/,https://developers.realme.govt.nz/how-to-integrate/core-steps-for-technical-saml-integration,https://login.realme.govt.nz/32179062-92f6-4eb0-89bc-df400a9e0367/B2C_1A_DIA_RealMe_LoginService/samlp/sso/login?SAMLRequest=hZNbj9owEIXf91egvIdcN4AFkbLQbpFYQIT2oS%2BRSSZgKbFTj8Nlf%2F06CVvQqqJ%2BtOecOfNpPEZaFhWJanXgG%2FhTA6qnnj7nsuBI2seJUUtOBEWGhNMSkKiUxNHbgrh9m1RSKJGKwvgie6yiiCAVE7yTzWcTY7X8tli9zpeJ4%2Bd%2BMLSHo8B3HZrlztBxfG8wsoNnOkyDwPefwfX8vJP%2BAonaZ2JoW%2BOpc0OsYc5RUa70ve0Gpu2ZnrO1HeIFxBn87qQzPSzjVLXyg1IVEssqxJ7xvgRalNDfi6Pq83fLc52mv2uO3DwwfdjZ5nC0S80s922bjsD2goH14k4TJ0pm8yjZaPkbJIvGKwZ5ZClYLUsLUXQtugjrK70XxjPG94%2Bh7boiJD%2B227W5XsXbziT6hDkVHOsS5LXlz83iNlcGRyhEpWl9HS6GtJZMXbpcVpfdoikaYWs%2FbpKTFqoM%2F28n5J5yhi1WtOgJE70i2di6d7n5VmSp55zP1qJg6aW9b853IUuqHuNoblhm5m0paaIwVMCV8dclKgpxmup8CiaGkjUYPSu8a31deMja9df0FJxVbyrKikqGzVbAmabqyuHG4r58Wuhd3kAeNlH5e0EaDoSliqDKkNCmlGRQFeJS6nDkdRHffYOUpI1eT7YQp1hJ4Ht1uLL6Z5eOnPUgf%2Fj0%2BXz%2FqcMP&RelayState=https%3A%2F%2Fdevelopers.realme.govt.nz%2Fhow-to-integrate%2Fcore-steps-for-technical-saml-integration&SigAlg=http%3A%2F%2Fwww.w3.org%2F2000%2F09%2Fxmldsig%23rsa-sha1&Signature=UYYo0CMn9dlxOybebLDFq1oe6xR9CBub1tkrtmtiGoNXDE9pDmqTjk188TmCGkjP9m0JvreNg2661cedar9IUevyDF0XWnwnh%2FVwPlbUDVIEVxzorzLil9vC7rGofqax9wg6uL38dAfczHqCJ2ZtukBLFIvIxlBCLvyCeM%2B0GjXJD%2F5XwIt6yL6Y0WgniQZz70yR5BKzoc1F5tmnuTId2tPBhRvVLmQ6QjSox6oXzLvCZ3xDdJXfkm6ZSHKdVi6y2xkPoYUpQIOonVIkCthPSHXaBvMQmD4w2BHxO2f7oIj9vaxaHCcS8jAwcHpZFSwWzZCFzq0AcFn77f2tz%2FMdRg%3D%3D,404
https://developers.realme.govt.nz/,https://developers.realme.govt.nz/how-to-integrate/go-live-checklist,https://login.realme.govt.nz/32179062-92f6-4eb0-89bc-df400a9e0367/B2C_1A_DIA_RealMe_LoginService/samlp/sso/login?SAMLRequest=hZNbj9owEIXf%2BRUo7yE3CGBBJBbaLRILiNA%2B9CUyzgCWEjv1OFz216%2BTsAWtKupHe86ZM5%2FGI6R5VpBJqY9iA39KQN1qm3PJM4GkfhxbpRJEUuRIBM0BiWYknrwtiN9xSaGklkxm1hfZcxVFBKW5FI1sPhtbq%2BW3xep1vkyo57n9nReGrt%2FbsbDn%2Bgy6%2Ff1%2BEPRgGPYoC5k3AC9opL9AofEZW8bWajVuiCXMBWoqtLl3%2FdB2Azvwtq5Hgj4JBr8b6cwMywXVtfyodYHEcTJ54KKjgGY5dA7ypDvi3Ql8rz90Q98e%2BvvQ7sLOtQfDHbPTfdd16RDcIOw7L%2F408SbJbD5JNkb%2BBsmi8opBnTgDp2bpIMqmRRNhfaP3wkXKxeE5tF1ThOTHdru216t425hMPmFOpcAyB3Vr%2BXOzuM%2BVwgkyWRhaX4eLgZWK62uTy2myO5ShFdX2oyo5qaGq6P92Uh2o4FhjRYeeMTErko6cR5e7b0GWZs75bC0zzq71fXW%2BS5VT%2FRxHdcNTe1%2BXkioKRw1CW39dJlkmz1OTT8PY0qoEq%2B1ED61vCw9pvf6GnoaLbk9lXlDFsdoKuFCmbxzuLB7Lp5nZ5Q3soyqqeM9IxYFwpgnqFAmtSkkKRSavuQlHXhfxwzdghFV6M9lCnmOtQBz08cbqn10acs6T%2FFHr8%2FnxU0cf&RelayState=https%3A%2F%2Fdevelopers.realme.govt.nz%2Fhow-to-integrate%2Fgo-live-checklist&SigAlg=http%3A%2F%2Fwww.w3.org%2F2000%2F09%2Fxmldsig%23rsa-sha1&Signature=XZi6fjqOnvfym%2B0HsTlEMsrXkS9PfkkiLITb6kowMxReaTrpCzJkentUPZH86gH8bFcrLv2aXniXRBg7YhPe91ujTwSsbLTe%2BloNfN84f8rfTllg9PN0pPU40%2FDeHdiOW000lLtmtOYBulOUzNnQovhlfsngyH7SFJiUdxEbYxpesWvZZRMIj3dIc77o8HjutaNLJw7CDWUiML1Um%2BiTEYnHBtGWRBrfp%2FSTvopX8KdlioW9WOSGZ%2FFFmMcSr3SyDINVHki%2BbKTv1uqZaerPh0gUUx1CVUJq6fQm4%2BduzyOlIM2%2BOHTN3C%2Fg6z3MGDIr1OOVIStZQiXmpedkT7Ildg%3D%3D,404
https://developers.realme.govt.nz/,https://developers.realme.govt.nz/how-to-integrate/integration-timelines,https://login.realme.govt.nz/32179062-92f6-4eb0-89bc-df400a9e0367/B2C_1A_DIA_RealMe_LoginService/samlp/sso/login?SAMLRequest=hZNbj9owEIXf91egvIfc2EAsiMRCu0ViARHah75ExhnAUmKnHofL%2Fvp1EragVUWdPNk%2BZ858Gg%2BRFnlJxpU%2BiDX8qQD1U8esc5ELJM3hyKqUIJIiRyJoAUg0I8n4bU78rktKJbVkMre%2ByB6rKCIozaVoZbPpyFouvs2Xr7NFGkVssN0GIfXogD6bv0chCrZ%2B5PaAmS%2Fss8Bzd6yV%2FgKFxmdkGVvrqXVDrGAmUFOhzb7rh7Yb2IG3cT0ShMR%2F%2Ft1Kp6ZZLqhu5AetSySOk8s9F10FNC%2Bgu5dH3RXvTuB7%2FcgNfTvyd6Hdg61rD6Its7Ndz3VpBG4Q9p0Xf5J643Q6G6drI3%2BDdF57JaCOnIHTsHQQZVuijbC60nvhIuNi%2Fxjatr2E5Mdms7JXy2TTmow%2FYU6kwKoAdS35cz2%2F9ZXBEXJZGlpfm0uAVYrrS5vLabM7lKEVN%2FbDOjlpoKr4%2F3ZS7ang2GBFh54wNSOSDZ17l5tvSRamz9l0JXPOLs1%2Bvb5LVVD9GEe9wzN711wldRSOGoS2%2FrqM81yeJiafhpGlVQVWx4nvSl8HHrJm%2FA09DWfdmciipIpjPRVwpkxfOdxY3F%2Bf5GaW17CL66jiPSc1B8KZJqgzJLS%2BSjIoc3kpTDjyOk%2FungEjrNabzubylGgFYq8PV1b%2FrNKScx7kj58%2Bj%2B8fdfwB&RelayState=https%3A%2F%2Fdevelopers.realme.govt.nz%2Fhow-to-integrate%2Fintegration-timelines&SigAlg=http%3A%2F%2Fwww.w3.org%2F2000%2F09%2Fxmldsig%23rsa-sha1&Signature=e3EMSUAncg77%2FIYsbMMvdet0xQv9hReEaSMg%2BaTP4XqpdKw2IO5P8U3PVIBUKXbqXCEbIGIL%2F%2BfpKpMuIW2ABLAUVmNjyj%2Bh5G5vvFojEUW9l0BBu%2FoM6gTWPgm6td0rRsqPI4MIfM9bvsErRqawQgCoe7%2BGe5Z3OvfprFt6dQHnEhAF7IPSIo6Ny7Vhaf6%2F99KvCvCTq5Bht6ABavmekG9wzbvNWMTCBfeMuvNO9rgpxoflOxwxiG3a3RViPUQmmVADBDsoUEYHte%2BVG%2FBUwLXusM3nPYVYp3bzSze1OpXU3mynWr5goPWxpOP14Ne7s7Z1%2BdvJIbUs2c5jZ9LaSg%3D%3D,404
https://developers.realme.govt.nz/,https://developers.realme.govt.nz/how-to-integrate/online-integration-project-tool,https://login.realme.govt.nz/32179062-92f6-4eb0-89bc-df400a9e0367/B2C_1A_DIA_RealMe_LoginService/samlp/sso/login?SAMLRequest=hZNbj9owEIXf%2BRUo7yE3CMQCJBbaLRILiNA%2B9AU5zgCWEjv1OFz216%2BTsAWtKupHe86ZM5%2FGQ6R5VpBJqY9iA39KQN1qm3PJM4GkfhxZpRJEUuRIBM0BiWYknrwtiN9xSaGklkxm1hfZcxVFBKW5FI1sPhtZq%2BW3xep1vtwlIQPP9fZhmLJk0E1gH0bdxOv5bg%2F6QZ8OvF4ShVG%2Fkf4ChcZnZBlbq9W4IZYwF6ip0Obe9UPbDezA27oeCSISuL8b6cwMywXVtfyodYHEcTJ54KKjgGY5dA7ypDvi3Ql8rx%2B5oW9H%2Fj60u5C49iBKmJ3uu65LI3CDsO%2B8%2BNOdN9nN5pPdxsjfYLeovGJQJ87AqVk6iLJp0URY3%2Bi9cJFycXgOLWmKkPzYbtf2ehVvG5PJJ8ypFFjmoG4tf24W97lSOEEmC0Pr63AxsFJxfW1yOU12hzK0xrX9sEpOaqhq%2FH87qQ5UcKyxokPPuDMrkg6dR5e7b0GWZs75bC0zzq71fXW%2BS5VT%2FRxHdcNTe1%2BXkioKRw1CW39dJlkmz1OTT8PI0qoEq%2B2MH1rfFh7Sev0NPQ0X3Z7KvKCKY7UVcKFM3zjcWTyWTzOzyxvYj6uo4j0jFQfCmSaoUyS0KiUpFJm85iYceV3ED9%2BAEVbpzWQLeY61AnHQxxurf3ZpyDlP8o9bn8%2BPn3r8AQ%3D%3D&RelayState=https%3A%2F%2Fdevelopers.realme.govt.nz%2Fhow-to-integrate%2Fonline-integration-project-tool&SigAlg=http%3A%2F%2Fwww.w3.org%2F2000%2F09%2Fxmldsig%23rsa-sha1&Signature=Nxt%2FTxyb6FKQaPLHRFuhS8SZvHQYJ8ngUZ77GGw6MCK4aFRiZeSCNMM234hkGg%2BB%2FcRtSc8BeXSzgckhjl%2FeviDb1yLTxshhTBh4QpbZr4ZXz%2Ft0t3vj61k86MCXZXdc6813rGXhlTpLwK6S5k%2BSTXKVc3%2F724NR87INC%2Bxua7ySeepkIpN%2BCi9YZHeH3uFy1Gvu2VPnd9PvwPlUGDFBGx6EFjLH9YbuUcV1xbt75TGGiE8QvSEbws3wVpYE42FdinpVAs3HRN8dT5LRigzew4faQ1OO3N9HnjLtF%2BHzHNp1iMcI1m3QZUqSiH3pf75P7yuPtWkUEiwagZ71X2eT8Q%3D%3D,404
https://developers.realme.govt.nz/,https://developers.realme.govt.nz/how-to-integrate/online-integration-project-tool/integration-host-questionnaire,https://login.realme.govt.nz/32179062-92f6-4eb0-89bc-df400a9e0367/B2C_1A_DIA_RealMe_LoginService/samlp/sso/login?SAMLRequest=hZNPj9owEMXvfAqUe0hIIBALIrHQbpFYQEB76CUyzgQsJXbqcfizn36dhC1oVVEf7Xlv3vw0HiHNs4JMSn0UG%2FhTAupW25xLngkk9ePYKpUgkiJHImgOSDQj28nbgngdlxRKaslkZn2RPVdRRFCaS9HI5rOxtVp%2BW6xe58vYC%2Fdp6ga0H1A2gD4MkzToJnvfH%2FYH4TCFIeuGvg%2F7RvoLFBqfsWVsrVbjhljCXKCmQpt71wts17f97s7tEj8kvfB3I52ZYbmgupYftS6QOE4mD1x0FNAsh85BnnRHvDu%2B1x2EbuDZoZcGdg%2F2rj0M98xO0p7r0hBcPxg4L9407k7i2XwSb4z8DeJF5bUFdeIMnJqlgyibFk2E9Y3eCxcJF4fn0PZNEZIfu93aXq%2B2u8Zk8glzKgWWOahby5%2BbxX2uBE6QycLQ%2BjrcFlipuL42uZwmu0MZWlFtP6qSkxqqiv5vJ9WBCo41VnToGWOzIsnIeXS5%2BxZkaeacz9Yy4%2Bxa31fnu1Q51c9xVDc8sdO6lFRROGoQ2vrrMskyeZ6afBrGllYlWG0nemh9W3hI6vU39DRcdHsq84IqjtVWwIUyfeNwZ%2FFYPs3MLm8gjaqo4j0jFQfCmSaoEyS0KiUJFJm85iYceV1sH74BI6zSm8kW8rzVCsRBH2%2Bs%2FtmlIec8yR%2B1Pp8fP3X0AQ%3D%3D&RelayState=https%3A%2F%2Fdevelopers.realme.govt.nz%2Fhow-to-integrate%2Fonline-integration-project-tool%2Fintegration-host-questionnaire&SigAlg=http%3A%2F%2Fwww.w3.org%2F2000%2F09%2Fxmldsig%23rsa-sha1&Signature=BvcFwftpBMshmIWWcxYCMmP1%2BzGvxgpL1hfM4Sww44TOfhX3U%2FXEczQAUAHWH5w3jLJpasGxCcGm%2BKOH7v7dO6sVvUzoNVXAbzXLn58OjcCp5kOvVHDjs4uDHjmbry7nSdpbrJBh3Fm1BDAwMF0zOc4kuCo3GUOcDSdYrmT9UB7enQzNVN%2F77YFxhct%2FJiiNcJQXRtahylLmMTMymWhs9iMbGm3ymyy9AGbXEsJHCeIlgoK%2BIbRlhaD0HIaxbewd7CSXqSXERcJpou%2FLzQmmzj%2Faa6K0m6ZE44unZ20el9XtfwNVf9TefdcL%2FLbMm5pAvVrP3kUZZQ4uBAKWuU8rxQ%3D%3D,404
https://developers.realme.govt.nz/,https://developers.realme.govt.nz/how-to-integrate/online-integration-project-tool/participating-agency-questionnaire,https://login.realme.govt.nz/32179062-92f6-4eb0-89bc-df400a9e0367/B2C_1A_DIA_RealMe_LoginService/samlp/sso/login?SAMLRequest=hZNPj9owEMXv%2BylQ7iFOYANYEImFdouUBURoD70g4wxgKbFTj8Of%2FfTrJGxBq4r6aM978%2Ban8RBZnhV0XJqDXMGfEtA8tew555lEWj%2BOnFJLqhgKpJLlgNRwmozfYhq0CS20MoqrzPkie6xiiKCNULKRzaYjZzH%2FFi9eZ%2FNNv5%2F627DTH%2FCU7eCZQOj73S4nYddPSQ%2BCPvH9LfT6jfQXaLQ%2BI8faOk%2BNG2IJM4mGSWPvSRC6pON2%2FDXxaZfQZ%2F93I53aYYVkppYfjCmQel6m9kK2NbAsh%2FZeHU1bvnudwO8NSBi4g2AXul3YErc%2F2HI33XUJYQMgnbDnvQSTjT%2FeTGfjzcrK32ATV14J6KPg4NUsPUTVtGgiLK%2F0XoRMhdw%2FhrZtipD%2BWK%2BX7nKRrBuT8SfMiZJY5qCvLX%2Bu4ttcKRwhU4Wl9XW4BHiphbk0ubwmu8c4OlFtP6yS0xqqjv5vp%2FSeSYE1VvTYCTd2RdKhd%2B9y8y3o3M45my5VJvilvq%2FOd6VzZh7jqG5E6u7qUlpFEWhAGuevyzjL1Gli8xkYOUaX4LS86K71deEhrdff0jNwNq2JygumBVZbAWfGzZXDjcV9%2BSSzu7yCXVRFle8ZrThQwQ1FkyJlVSlNocjUJbfh6Guc3H0DTnmlt5PF6pQYDXJvDldW%2F%2BzSkPMe5I%2BePp%2FvP3X0AQ%3D%3D&RelayState=https%3A%2F%2Fdevelopers.realme.govt.nz%2Fhow-to-integrate%2Fonline-integration-project-tool%2Fparticipating-agency-questionnaire&SigAlg=http%3A%2F%2Fwww.w3.org%2F2000%2F09%2Fxmldsig%23rsa-sha1&Signature=Nekn98tKToE4TRJd9TRIZ99bd%2BYyR%2BhpjRnAKmO2kDmnGMRcXWVKMclBM%2BjHaJL%2BaJjNYVpFIwSe5aCiGpDUL1F5TVBuzZeEH9txXufQ5YRgyFQ9ra8UhmXayrIAefA0yzdY4wXHeQLxuNq5UQzy1Q4GhU4Ih5BUVlsReJpXoGxBC9E4CLZdnTLZ8iGX498qP9Ya%2FJ8%2F3OB%2B%2BTyIOCHr8RXCDsmfN2r6HuC7Rr0SPY8bZ4DdlQiwhEwrlqixHWzwtzhR%2BEuWWJJBkwlq3o26BB5ujnOpnPxDN6QnPy3rEDlUM8VN%2FhmRL6lA6APXjcgLOLwefvtXmMn3wfs37wO2xA%3D%3D,404
https://developers.realme.govt.nz/,https://developers.realme.govt.nz/how-to-integrate/testing-tools,https://login.realme.govt.nz/32179062-92f6-4eb0-89bc-df400a9e0367/B2C_1A_DIA_RealMe_LoginService/samlp/sso/login?SAMLRequest=hZNPj9owEMXv%2BylQ7iFOYANYEImFdouUBURoD70g4wxgKbFTj8Of%2FfTrJGxBq4r6aM978%2Ban8RBZnhV0XJqDXMGfEtA8tew555lEWj%2BOnFJLqhgKpJLlgNRwmozfYhq0CS20MoqrzPkie6xiiKCNULKRzaYjZzH%2FFi9eZ%2FMNB5%2Bk%2FWDX7XfTLnCf8OdnHpIeAQiCDt8FnAdh4G8b6S%2FQaH1GjrV1nho3xBJmEg2Txt6TIHRJx%2B34a%2BLTzoCS8HcjndphhWSmlh%2BMKZB6Xqb2QrY1sCyH9l4dTVu%2Be53A7w1IGLiDYBe6XdgStz%2FYcjfddQlhAyCdsOe9BJONP95MZ%2BPNysrfYBNXXgnoo%2BDg1Sw9RNW0aCIsr%2FRehEyF3D%2BGtm2KkP5Yr5fucpGsG5PxJ8yJkljmoK8tf67i21wpHCFThaX1dbgEeKmFuTS5vCa7xzg6UW0%2FrJLTGqqO%2Fm%2Bn9J5JgTVW9NgJN3ZF0qF373LzLejczjmbLlUm%2BKW%2Br853pXNmHuOobkTq7upSWkURaEAa56%2FLOMvUaWLzGRg5RpfgtLzorvV14SGt19%2FSM3A2rYnKC6YFVlsBZ8bNlcONxX35JLO7vIJdVEWV7xmtOFDBDUWTImVVKU2hyNQlt%2BHoa5zcfQNOeaW3k8XqlBgNcm8OV1b%2F7NKQ8x7kj54%2Bn%2B8%2FdfQB&RelayState=https%3A%2F%2Fdevelopers.realme.govt.nz%2Fhow-to-integrate%2Ftesting-tools&SigAlg=http%3A%2F%2Fwww.w3.org%2F2000%2F09%2Fxmldsig%23rsa-sha1&Signature=QsH%2B%2Ffu6atUOkyyJqJOHcsdlM9Mo3v4HMKSlw40l2GnTnJmwS4MiUE6f%2FKGRb1e%2Flyf0efrPau5J1iRXsV0wMV9Ib7tcoj0Z0zWS5TJYN0qhB06c7zzopgwN7hB7TghXNAsSDJ1EllxGHCvMMxuwO37W1kXyuNmRgOcQVkUGfnWlBuCcMS9XJX4pvwPQ%2Fjpa0Qw%2FB6rmEcd%2FJoWpMV%2FQ9OkoXUEjyA5otjtgEdD7rBLO5pXnWBn6wQw3s2MLxZ%2F5XhWvQDXdNV7mdxKfL6DtRsw4%2F1eJdzueTungJ7agpkPwI4JUW%2Bfn74rROrwq%2FH21NndOWtjBuWxXhDQ6SZFahg%3D%3D,404
https://developers.realme.govt.nz/,https://developers.realme.govt.nz/integration-support,https://login.realme.govt.nz/32179062-92f6-4eb0-89bc-df400a9e0367/B2C_1A_DIA_RealMe_LoginService/samlp/sso/login?SAMLRequest=hZNbj9owEIXf91egvIdcgLCxIFIW2i0SCwhoH%2FoSOc4AlhI79Thc9tevk7AFrSrqR3vOmTOfxiOkRV6SuNIHsYY%2FFaB%2B6phzLnKBpHkcW5USRFLkSAQtAIlmZBO%2FzYnfdUmppJZM5tYX2WMVRQSluRStbDYdW8vFt%2FnydbZIhgMIPRYMsizN4Nn1PI%2F5Oz9NXRa4LEw9v5964AdhK%2F0FCo3P2DK21lPrhljBTKCmQpt71w9st2f3vK3rkd6QDIa%2FW%2BnUDMsF1Y38oHWJxHFyueeiq4DmBXT38qi74t3p%2Bd4wdAPfDv1dYPchde3nMGV2tuu7Lg3B7QVD58WfJF6cTGdxsjbyN0jmtdcG1JEzcBqWDqJsW7QRVld6L1xkXOwfQ0vbIiQ%2FttuVvVputq1J%2FAlzIgVWBahry5%2Fr%2BW2uDI6Qy9LQ%2BjrcBliluL60uZw2u0MZWlFjP6qTkwaqiv5vJ9WeCo4NVnToCROzItnIuXe5%2BZZkYeacTVcy5%2BzS3Nfnu1QF1Y9x1Dc8s3dNKamjcNQgtPXXJc5zeZqYfBrGllYVWB0numt9XXjImvU39DScdWcii5IqjvVWwJkyfeVwY3FfPsnNLq9hF9VRxXtOag6EM01QZ0hoXUoyKHN5KUw48jrf3H0DRlitN5PN5WmjFYi9PlxZ%2FbNLS855kD96%2Bny%2B%2F9TRBw%3D%3D&RelayState=https%3A%2F%2Fdevelopers.realme.govt.nz%2Fintegration-support&SigAlg=http%3A%2F%2Fwww.w3.org%2F2000%2F09%2Fxmldsig%23rsa-sha1&Signature=XrOLKs348I80pZmvnwKBBPlikpN7kaxSHzo%2B0WtJizhLDk0iUkvdXa%2BjoCekPnijIJujLNff%2BUghCjsr5ZjE%2B%2FiEuL%2B8W39cY%2FreRwXJ8%2Fih0PynXrZeJJsZQ5rEZdR2TQ1xwCOsw9iBKz7YM3cnJZUlsMMtCCDh3bgfc1D9ck9JNWcrTl6OS8XekOwN5%2B8bzsLZ%2Fky35mb8Mt3M7VJQaCzYtyWFFt47jQNptvRna3jOqFy8%2F0jzhM8ln%2FmD%2B0x8HkSbeeHcJbQI2eOVXkY4LcP%2BJwLtIDAbqGQ%2Fsp8sZEEXwsC8z2y6G64nKgOTfAdj3f5ZQ3GNKZuLwQbrDqW6kA%3D%3D,404
https://developers.realme.govt.nz/,https://developers.realme.govt.nz/try-it-out-now,https://login.realme.govt.nz/32179062-92f6-4eb0-89bc-df400a9e0367/B2C_1A_DIA_RealMe_LoginService/samlp/sso/login?SAMLRequest=hZNbj9owEIXf91egvIfcWEgsiMRCu0ViARHah74g40zAUmKnHofL%2Fvp1EragVUX9aM85c%2BbTeIi0yEsyrvRBrOFPBaifOuaci1wgaR5HVqUEkRQ5EkELQKIZScZvc%2BJ3XVIqqSWTufVF9lhFEUFpLkUrm01H1nLxbb58nS22nhv0nwdRP8y8KGTecwBe1PMhDKNwt4tC6vYzl9Jo0Ep%2FgULjM7KMrfXUuiFWMBOoqdDm3vX7thvYgbdxPRKEpBf8bqVTMywXVDfyg9YlEsfJ5Z6LrgKaF9Ddy6Puincn8L1B5PZ9O%2FKzvt2DnWuH0Y7ZadZzXRqBSTxwXvzJ1htvp7Pxdm3kb7Cd114JqCNn4DQsHUTZtmgjrK70XrhIudg%2FhrZri5D82GxW9mqZbFqT8SfMiRRYFaCuLX%2Bu57e5UjhCLktD6%2BtwCbBKcX1pczltdocytOLGflgnJw1UFf%2FfTqo9FRwbrOjQE27NiqRD597l5luShZlzNl3JnLNLc1%2Bf71IVVD%2FGUd%2Fw1M6aUlJH4ahBaOuvyzjP5Wli8mkYWVpVYHWc%2BK71deEhbdbf0NNw1p2JLEqqONZbAWfK9JXDjcV9%2BSQ3u7yGLK6jivec1BwIZ5qgTpHQupSkUObyUphw5HWe3H0DRlitN5PN5SnRCsReH66s%2FtmlJec8yB8%2FfT7ff%2Br4Aw%3D%3D&RelayState=https%3A%2F%2Fdevelopers.realme.govt.nz%2Ftry-it-out-now&SigAlg=http%3A%2F%2Fwww.w3.org%2F2000%2F09%2Fxmldsig%23rsa-sha1&Signature=e7b7Of7YG3wGGU0uzhOLbIQega4G%2Bwqignw0b6or3UcLOzPVhmfSY%2FXiJmKp%2B%2FrrLIaUonfIaONbcy%2FMJN1CR%2FYkDndWYh%2BGgAnwNwo0reS62cytl9k1YpZh3SLRTj2h8J%2BF%2BpEmEOMNbYSwNAx1lQU1KSlMvBDYQrY6qA0pr2KZKYmjO2JzQnJ0Sie4AklIkRLeqTjeEAsQLbLfS5BIXi7j0VlslMOty%2BeH7WPgP5RzsZSMSBMBiEjZSpC7GmYPQ35cUOAUcGlJvVdquoge5k0XE4ujh%2BZBkw1%2BCgYoToJci2DcZqn%2BNPyhjpcHD9S48cZCtt6MCAvdu50bdnIluQ%3D%3D,404
https://dia.services.govt.nz/,https://dia.services.govt.nz/,https://dia.services.govt.nz/Account/Login/ExternalLogin?returnUrl=%2F&provider=https%3A%2F%2Fb2cdiaprdccmsdir.b2clogin.com%2Ftfp%2F13b45067-2e7d-478c-b61d-b168d8641c97%2Fb2c_1a_signupsigninrealmelogin%2Fv2.0%2F,404
https://dia.services.govt.nz/,https://dia.services.govt.nz/citizenship-getting-started/,https://dia.services.govt.nz/Account/Login/ExternalLogin?returnUrl=%2Fapplications-dashboard%2F?service=citizenship&provider=https%3A%2F%2Fb2cdiaprdccmsdir.b2clogin.com%2Ftfp%2F13b45067-2e7d-478c-b61d-b168d8641c97%2Fb2c_1a_signupsigninrealmelogin%2Fv2.0%2F,404
https://dia.services.govt.nz/,https://dia.services.govt.nz/citizenship-getting-started/,https://dia.services.govt.nz/Account/Login/ExternalLogin?returnUrl=%2Fcitizenship-getting-started%2F&provider=https%3A%2F%2Fb2cdiaprdccmsdir.b2clogin.com%2Ftfp%2F13b45067-2e7d-478c-b61d-b168d8641c97%2Fb2c_1a_signupsigninrealmelogin%2Fv2.0%2F,404
https://dia.services.govt.nz/,https://dia.services.govt.nz/citizenship-getting-started/,https://dia.services.govt.nz/en-US/Account/Login/ExternalLogin?provider=https%3A%2F%2Fb2cdiaprdccmsdir.b2clogin.com%2Ftfp%2F13b45067-2e7d-478c-b61d-b168d8641c97%2Fb2c_1a_signupsigninrealmelogin%2Fv2.0%2F&ReturnUrl=%2Fapplications-dashboard%2F%3Fservice%3Dall%26browse%3Dtrue,404
https://dia.services.govt.nz/,https://dia.services.govt.nz/citizenship-getting-started/,https://dia.services.govt.nz/en-US/Account/Login/ExternalLogin?provider=https%3A%2F%2Fb2cdiaprdccmsdir.b2clogin.com%2Ftfp%2F13b45067-2e7d-478c-b61d-b168d8641c97%2Fb2c_1a_signupsigninrealmelogin%2Fv2.0%2F&ReturnUrl=%2Fapplications-dashboard%2F%3Fservice%3Dcitizenship,404
https://dia.services.govt.nz/,https://dia.services.govt.nz/citizenship-getting-started/,https://dia.services.govt.nz/en-US/Account/Login/ExternalLogin?provider=https%3A%2F%2Fb2cdiaprdccmsdir.b2clogin.com%2Ftfp%2F13b45067-2e7d-478c-b61d-b168d8641c97%2Fb2c_1a_signupsigninrealmelogin%2Fv2.0%2F&ReturnUrl=%2Fapplications-dashboard%2Fcbg%2Fapplicant-details-new%2F,404
https://dia.services.govt.nz/,https://dia.services.govt.nz/copyright-statement/,https://dia.services.govt.nz/Account/Login/ExternalLogin?returnUrl=%2Fcopyright-statement%2F&provider=https%3A%2F%2Fb2cdiaprdccmsdir.b2clogin.com%2Ftfp%2F13b45067-2e7d-478c-b61d-b168d8641c97%2Fb2c_1a_signupsigninrealmelogin%2Fv2.0%2F,404
https://dia.services.govt.nz/,https://dia.services.govt.nz/passports-getting-started/,https://dia.services.govt.nz/Account/Login/ExternalLogin?returnUrl=%2Fapplications-dashboard%2F?service=passport&provider=https%3A%2F%2Fb2cdiaprdccmsdir.b2clogin.com%2Ftfp%2F13b45067-2e7d-478c-b61d-b168d8641c97%2Fb2c_1a_signupsigninrealmelogin%2Fv2.0%2F,404
https://dia.services.govt.nz/,https://dia.services.govt.nz/passports-getting-started/,https://dia.services.govt.nz/Account/Login/ExternalLogin?returnUrl=%2Fpassports-getting-started%2F&provider=https%3A%2F%2Fb2cdiaprdccmsdir.b2clogin.com%2Ftfp%2F13b45067-2e7d-478c-b61d-b168d8641c97%2Fb2c_1a_signupsigninrealmelogin%2Fv2.0%2F,404
https://dia.services.govt.nz/,https://dia.services.govt.nz/passports-getting-started/,https://dia.services.govt.nz/en-US/Account/Login/ExternalLogin?provider=https%3A%2F%2Fb2cdiaprdccmsdir.b2clogin.com%2Ftfp%2F13b45067-2e7d-478c-b61d-b168d8641c97%2Fb2c_1a_signupsigninrealmelogin%2Fv2.0%2F&ReturnUrl=%2Fapplications-dashboard%2F%3Fservice%3Dpassport%26browse%3Dtrue,404
https://dia.services.govt.nz/,https://dia.services.govt.nz/passports-getting-started/,https://dia.services.govt.nz/en-US/Account/Login/ExternalLogin?provider=https%3A%2F%2Fb2cdiaprdccmsdir.b2clogin.com%2Ftfp%2F13b45067-2e7d-478c-b61d-b168d8641c97%2Fb2c_1a_signupsigninrealmelogin%2Fv2.0%2F&ReturnUrl=%2Fapplications-dashboard%2F%3Fservice%3Dpassport,404
https://dia.services.govt.nz/,https://dia.services.govt.nz/passports-getting-started/,https://dia.services.govt.nz/en-US/Account/Login/ExternalLogin?provider=https%3A%2F%2Fb2cdiaprdccmsdir.b2clogin.com%2Ftfp%2F13b45067-2e7d-478c-b61d-b168d8641c97%2Fb2c_1a_signupsigninrealmelogin%2Fv2.0%2F&ReturnUrl=%2Fapplications-dashboard%2Fpassports%2Fapply%2F,404
https://dia.services.govt.nz/,https://dia.services.govt.nz/privacy-page/,https://dia.services.govt.nz/Account/Login/ExternalLogin?returnUrl=%2Fprivacy-page%2F&provider=https%3A%2F%2Fb2cdiaprdccmsdir.b2clogin.com%2Ftfp%2F13b45067-2e7d-478c-b61d-b168d8641c97%2Fb2c_1a_signupsigninrealmelogin%2Fv2.0%2F,404
https://dia.services.govt.nz/,https://dia.services.govt.nz/privacy-statement-identity-check/,https://dia.services.govt.nz/Account/Login/ExternalLogin?returnUrl=%2Fprivacy-statement-identity-check%2F&provider=https%3A%2F%2Fb2cdiaprdccmsdir.b2clogin.com%2Ftfp%2F13b45067-2e7d-478c-b61d-b168d8641c97%2Fb2c_1a_signupsigninrealmelogin%2Fv2.0%2F,404
https://digitalnz.org/,https://digitalnz.org/,https://digitalnz.org/,403
https://doc.wd105.myworkdayjobs.com/en-US/DOC/,https://doc.wd105.myworkdayjobs.com/en-US/DOC/job/Ahuriri-Napier/Ranger_JR101736/apply,https://doc.wd105.myworkdayjobs.com/wday/calypso/cxs/jobapplication/doc/seek/oauth/redirect?advertiser_id=63163605&timestamp=1774928186709&redirectUri=%252Fen-US%252FDOC%252Fjob%252FAhuriri-Napier%252FRanger_JR101736%252Fapply%252FSEEK%253Fsource%253D%2526shared_id%253D&errorRedirectUri=%252Fen-US%252FDOC%252Fjob%252FAhuriri-Napier%252FRanger_JR101736%252Fapply,500
https://doc.wd105.myworkdayjobs.com/en-US/DOC/,https://doc.wd105.myworkdayjobs.com/en-US/DOC/job/Flexible-Location/Developer--Fixed-Term-Secondment-_JR101824/apply,https://doc.wd105.myworkdayjobs.com/wday/calypso/cxs/jobapplication/doc/seek/oauth/redirect?advertiser_id=63163605&timestamp=1774928063072&redirectUri=%252Fen-US%252FDOC%252Fjob%252FFlexible-Location%252FDeveloper--Fixed-Term-Secondment-_JR101824%252Fapply%252FSEEK%253Fsource%253D%2526shared_id%253D&errorRedirectUri=%252Fen-US%252FDOC%252Fjob%252FFlexible-Location%252FDeveloper--Fixed-Term-Secondment-_JR101824%252Fapply,500
https://doc.wd105.myworkdayjobs.com/en-US/DOC/,https://doc.wd105.myworkdayjobs.com/en-US/DOC/job/Flexible-Location/Principal-Science-Advisor_JR101801/apply,https://doc.wd105.myworkdayjobs.com/wday/calypso/cxs/jobapplication/doc/seek/oauth/redirect?advertiser_id=63163605&timestamp=1774928129538&redirectUri=%252Fen-US%252FDOC%252Fjob%252FFlexible-Location%252FPrincipal-Science-Advisor_JR101801%252Fapply%252FSEEK%253Fsource%253D%2526shared_id%253D&errorRedirectUri=%252Fen-US%252FDOC%252Fjob%252FFlexible-Location%252FPrincipal-Science-Advisor_JR101801%252Fapply,500
https://doc.wd105.myworkdayjobs.com/en-US/DOC/,https://doc.wd105.myworkdayjobs.com/en-US/DOC/job/Flexible-Location/Project-Manager_JR101795/apply,https://doc.wd105.myworkdayjobs.com/wday/calypso/cxs/jobapplication/doc/seek/oauth/redirect?advertiser_id=63163605&timestamp=1774928036494&redirectUri=%252Fen-US%252FDOC%252Fjob%252FFlexible-Location%252FProject-Manager_JR101795%252Fapply%252FSEEK%253Fsource%253D%2526shared_id%253D&errorRedirectUri=%252Fen-US%252FDOC%252Fjob%252FFlexible-Location%252FProject-Manager_JR101795%252Fapply,500
https://doc.wd105.myworkdayjobs.com/en-US/DOC/,https://doc.wd105.myworkdayjobs.com/en-US/DOC/job/Murihiku-Invercargill/Operations-Advisor---Kaitohu-Whakahaere_JR101905/apply,https://doc.wd105.myworkdayjobs.com/wday/calypso/cxs/jobapplication/doc/seek/oauth/redirect?advertiser_id=63163605&timestamp=1774928103393&redirectUri=%252Fen-US%252FDOC%252Fjob%252FMurihiku-Invercargill%252FOperations-Advisor---Kaitohu-Whakahaere_JR101905%252Fapply%252FSEEK%253Fsource%253D%2526shared_id%253D&errorRedirectUri=%252Fen-US%252FDOC%252Fjob%252FMurihiku-Invercargill%252FOperations-Advisor---Kaitohu-Whakahaere_JR101905%252Fapply,500
https://doc.wd105.myworkdayjobs.com/en-US/DOC/,https://doc.wd105.myworkdayjobs.com/en-US/DOC/job/Ngmotu-New-Plymouth/Ranger-Heritage-and-Visitors_JR101762/apply,https://doc.wd105.myworkdayjobs.com/wday/calypso/cxs/jobapplication/doc/seek/oauth/redirect?advertiser_id=63163605&timestamp=1774928197666&redirectUri=%252Fen-US%252FDOC%252Fjob%252FNgmotu-New-Plymouth%252FRanger-Heritage-and-Visitors_JR101762%252Fapply%252FSEEK%253Fsource%253D%2526shared_id%253D&errorRedirectUri=%252Fen-US%252FDOC%252Fjob%252FNgmotu-New-Plymouth%252FRanger-Heritage-and-Visitors_JR101762%252Fapply,500
https://doc.wd105.myworkdayjobs.com/en-US/DOC/,https://doc.wd105.myworkdayjobs.com/en-US/DOC/job/Ngmotu-New-Plymouth/Ranger-Project-Lead---Heritage-and-Visitor_JR101843/apply,https://doc.wd105.myworkdayjobs.com/wday/calypso/cxs/jobapplication/doc/seek/oauth/redirect?advertiser_id=63163605&timestamp=1774928079357&redirectUri=%252Fen-US%252FDOC%252Fjob%252FNgmotu-New-Plymouth%252FRanger-Project-Lead---Heritage-and-Visitor_JR101843%252Fapply%252FSEEK%253Fsource%253D%2526shared_id%253D&errorRedirectUri=%252Fen-US%252FDOC%252Fjob%252FNgmotu-New-Plymouth%252FRanger-Project-Lead---Heritage-and-Visitor_JR101843%252Fapply,500
https://doc.wd105.myworkdayjobs.com/en-US/DOC/,https://doc.wd105.myworkdayjobs.com/en-US/DOC/job/Pewhairangi-Bay-of-Islands/Kaitiaki-Ranger--Fixed-term-_JR101887/apply,https://doc.wd105.myworkdayjobs.com/wday/calypso/cxs/jobapplication/doc/seek/oauth/redirect?advertiser_id=63163605&timestamp=1774928161911&redirectUri=%252Fen-US%252FDOC%252Fjob%252FPewhairangi-Bay-of-Islands%252FKaitiaki-Ranger--Fixed-term-_JR101887%252Fapply%252FSEEK%253Fsource%253D%2526shared_id%253D&errorRedirectUri=%252Fen-US%252FDOC%252Fjob%252FPewhairangi-Bay-of-Islands%252FKaitiaki-Ranger--Fixed-term-_JR101887%252Fapply,500
https://doc.wd105.myworkdayjobs.com/en-US/DOC/,https://doc.wd105.myworkdayjobs.com/en-US/DOC/job/Rakiura/Ranger--2-vacancies-_JR101791/apply,https://doc.wd105.myworkdayjobs.com/wday/calypso/cxs/jobapplication/doc/seek/oauth/redirect?advertiser_id=63163605&timestamp=1774928148387&redirectUri=%252Fen-US%252FDOC%252Fjob%252FRakiura%252FRanger--2-vacancies-_JR101791%252Fapply%252FSEEK%253Fsource%253D%2526shared_id%253D&errorRedirectUri=%252Fen-US%252FDOC%252Fjob%252FRakiura%252FRanger--2-vacancies-_JR101791%252Fapply,500
https://doc.wd105.myworkdayjobs.com/en-US/DOC/,https://doc.wd105.myworkdayjobs.com/en-US/DOC/job/Tongariro/Ranger-Heritage-and-Visitors_JR101850/apply,https://doc.wd105.myworkdayjobs.com/wday/calypso/cxs/jobapplication/doc/seek/oauth/redirect?advertiser_id=63163605&timestamp=1774928124399&redirectUri=%252Fen-US%252FDOC%252Fjob%252FTongariro%252FRanger-Heritage-and-Visitors_JR101850%252Fapply%252FSEEK%253Fsource%253D%2526shared_id%253D&errorRedirectUri=%252Fen-US%252FDOC%252Fjob%252FTongariro%252FRanger-Heritage-and-Visitors_JR101850%252Fapply,500
https://doc.wd105.myworkdayjobs.com/en-US/DOC/,https://doc.wd105.myworkdayjobs.com/en-US/DOC/job/Waitohi-Picton/Ranger-Project-Lead--Statutory_JR101504/apply,https://doc.wd105.myworkdayjobs.com/wday/calypso/cxs/jobapplication/doc/seek/oauth/redirect?advertiser_id=63163605&timestamp=1774928137436&redirectUri=%252Fen-US%252FDOC%252Fjob%252FWaitohi-Picton%252FRanger-Project-Lead--Statutory_JR101504%252Fapply%252FSEEK%253Fsource%253D%2526shared_id%253D&errorRedirectUri=%252Fen-US%252FDOC%252Fjob%252FWaitohi-Picton%252FRanger-Project-Lead--Statutory_JR101504%252Fapply,500
https://doc.wd105.myworkdayjobs.com/en-US/DOC/,https://doc.wd105.myworkdayjobs.com/en-US/DOC/job/Waitohi-Picton/Ranger-Project-Lead-Heritage-and-Visitors_JR101831/apply,https://doc.wd105.myworkdayjobs.com/wday/calypso/cxs/jobapplication/doc/seek/oauth/redirect?advertiser_id=63163605&timestamp=1774928029354&redirectUri=%252Fen-US%252FDOC%252Fjob%252FWaitohi-Picton%252FRanger-Project-Lead-Heritage-and-Visitors_JR101831%252Fapply%252FSEEK%253Fsource%253D%2526shared_id%253D&errorRedirectUri=%252Fen-US%252FDOC%252Fjob%252FWaitohi-Picton%252FRanger-Project-Lead-Heritage-and-Visitors_JR101831%252Fapply,500
https://doc.wd105.myworkdayjobs.com/en-US/DOC/,https://doc.wd105.myworkdayjobs.com/en-US/DOC/job/Wellington-Conservation-House/Heritage-Advice-Manager-Kaiwhakahaere-Tohutohu-Taonga_JR101773/apply,https://doc.wd105.myworkdayjobs.com/wday/calypso/cxs/jobapplication/doc/seek/oauth/redirect?advertiser_id=63163605&timestamp=1774928032923&redirectUri=%252Fen-US%252FDOC%252Fjob%252FWellington-Conservation-House%252FHeritage-Advice-Manager-Kaiwhakahaere-Tohutohu-Taonga_JR101773%252Fapply%252FSEEK%253Fsource%253D%2526shared_id%253D&errorRedirectUri=%252Fen-US%252FDOC%252Fjob%252FWellington-Conservation-House%252FHeritage-Advice-Manager-Kaiwhakahaere-Tohutohu-Taonga_JR101773%252Fapply,500
https://doc.wd105.myworkdayjobs.com/en-US/DOC/,https://doc.wd105.myworkdayjobs.com/en-US/DOC/job/Wellington-Conservation-House/Senior-Policy-Advisor_JR101848/apply,https://doc.wd105.myworkdayjobs.com/wday/calypso/cxs/jobapplication/doc/seek/oauth/redirect?advertiser_id=63163605&timestamp=1774928114320&redirectUri=%252Fen-US%252FDOC%252Fjob%252FWellington-Conservation-House%252FSenior-Policy-Advisor_JR101848%252Fapply%252FSEEK%253Fsource%253D%2526shared_id%253D&errorRedirectUri=%252Fen-US%252FDOC%252Fjob%252FWellington-Conservation-House%252FSenior-Policy-Advisor_JR101848%252Fapply,500
https://doc.wd105.myworkdayjobs.com/en-US/DOC/,https://doc.wd105.myworkdayjobs.com/en-US/DOC/job/Wellington-Conservation-House/Senior-Technical-Advisor_JR101867/apply,https://doc.wd105.myworkdayjobs.com/wday/calypso/cxs/jobapplication/doc/seek/oauth/redirect?advertiser_id=63163605&timestamp=1774928144665&redirectUri=%252Fen-US%252FDOC%252Fjob%252FWellington-Conservation-House%252FSenior-Technical-Advisor_JR101867%252Fapply%252FSEEK%253Fsource%253D%2526shared_id%253D&errorRedirectUri=%252Fen-US%252FDOC%252Fjob%252FWellington-Conservation-House%252FSenior-Technical-Advisor_JR101867%252Fapply,500
https://doc.wd105.myworkdayjobs.com/en-US/DOC/,https://doc.wd105.myworkdayjobs.com/en-US/DOC/job/Whangarei/Ranger-Biodiversity--Fixed-term-_JR101861/apply,https://doc.wd105.myworkdayjobs.com/wday/calypso/cxs/jobapplication/doc/seek/oauth/redirect?advertiser_id=63163605&timestamp=1774928172583&redirectUri=%252Fen-US%252FDOC%252Fjob%252FWhangarei%252FRanger-Biodiversity--Fixed-term-_JR101861%252Fapply%252FSEEK%253Fsource%253D%2526shared_id%253D&errorRedirectUri=%252Fen-US%252FDOC%252Fjob%252FWhangarei%252FRanger-Biodiversity--Fixed-term-_JR101861%252Fapply,500
https://doc.wd105.myworkdayjobs.com/en-US/DOC/,https://doc.wd105.myworkdayjobs.com/en-US/DOC/job/Whitianga/Ranger-Biodiversity_JR101852/apply,https://doc.wd105.myworkdayjobs.com/wday/calypso/cxs/jobapplication/doc/seek/oauth/redirect?advertiser_id=63163605&timestamp=1774928092837&redirectUri=%252Fen-US%252FDOC%252Fjob%252FWhitianga%252FRanger-Biodiversity_JR101852%252Fapply%252FSEEK%253Fsource%253D%2526shared_id%253D&errorRedirectUri=%252Fen-US%252FDOC%252Fjob%252FWhitianga%252FRanger-Biodiversity_JR101852%252Fapply,500
https://docref.digital.govt.nz/,https://docref.digital.govt.nz/nz/dia-userguide/2/en/,https://docref.digital.govt.nz/nz/dia/dia-userguide/,404
https://docref.digital.govt.nz/,https://docref.digital.govt.nz/nz/dia/,https://docref.digital.govt.nz/nz/nz/dia/,404
https://docref.digital.govt.nz/,https://docref.digital.govt.nz/nz/generative-ai-guidance-gcdo/,https://docref.digital.govt.nz/nz/nz/generative-ai-guidance-gcdo/,404
https://docref.digital.govt.nz/,https://docref.digital.govt.nz/nz/identification-management/,https://docref.digital.govt.nz/nz/nz/identification-management/,404
https://encservice.linz.govt.nz/,https://encservice.linz.govt.nz/registration/registration-form,https://encservice.linz.govt.nz/registration-spatial-viewer,404
https://environment.govt.nz/,https://environment.govt.nz/what-you-can-do/have-your-say/,https://environment.govt.nz/facts-and-science/science-and-data/environment-and-climate-research-strategy/,404
https://etuwhanau.org.nz/,https://etuwhanau.org.nz/blog/2023/02/01/healing-tane-i-te-ao-o-nga-atua/,https://etuwhanau.org.nz/about-the-kaupapa-maori-movement/principles-and-philosophies/,404
https://etuwhanau.org.nz/,https://etuwhanau.org.nz/communites/former-refugees-and-migrants/,https://etuwhanau.org.nz/resources/printed-resources/,404
https://etuwhanau.org.nz/,https://etuwhanau.org.nz/our-values/korero-awhi/,https://etuwhanau.org.nz/communities/,404
https://evaluationhub.education.govt.nz/,https://evaluationhub.education.govt.nz/theory-of-change/a-theory-of-change/,https://evaluationhub.education.govt.nz/theory-of-change/logic-model-app/,-1
https://fms-cp.mfe-enquire.cloud/user/realme.html,https://fms-cp.mfe-enquire.cloud/user/realme.html,https://login.realme.govt.nz/b2cdiaprdrmpubdir.onmicrosoft.com/B2C_1A_DIA_RealMe_LoginService/samlp/sso/login?SAMLRequest=nZPbbhoxEIZfZeV7djcmBWJliSgoFRJUEaS96A1y7FliyYeNZ5aSPH29HFIu2kjtrefw%2F%2FPN%2BPZu72y2g4gm%2BIpd5SXLwKugjd9W7NvjfW%2FE7sa3KJ3ljZi09OxX8NICUpYKPYpjpGJt9CJINCi8dICClFhPlgvB81I0MVBQwbJsggiRktQ0eGwdxDXEnVEw9xr2FUvis9TaeEkHO89EDYqisGFrfB5BWgf5Nuwo92%2FFE1fayCbq6Jr2SZuYB%2B%2BMigFDTbkKrvjMp5uryWY2n2xWqXYJm0XX6KRZdNabAjEc%2B7PsPkQFhxkrRrEFls1nFdvc9IHLWg%2FLTzVcD4ejEeea36iS3wxGoPlg2Nfqul%2BnbHyQiGYHFaulxa4esU3DIUlPFeMlH%2FTKfq9%2F9Vhei3Ik%2BCDnw9EPln0%2FLyDhYifc4lAcLzl%2FjFme4R4mcZI%2BTu9ejO7Vh1QBngy9svEZee2wp5rc1dAD%2F9KaCLmyodVF8NZ4wCNDLE7B2%2BLS8%2FvBfE0a89lDsEa9ZhNrw89p2iLBme%2B%2F%2B2w6UkjJLiveZU4nCfqwvHRbBHvKpsE1MhrsuMJeKnone5k2tYnbCur%2F4Tzu0vybFd1NCqNIIGkUsmsvNDQ2vLrkVHxZrC%2FKlVCdZuq6DHpNEfyWns8A%2F2RtfAr%2BZdDf4cv%2FOf4F&SigAlg=http%3A%2F%2Fwww.w3.org%2F2001%2F04%2Fxmldsig-more%23rsa-sha256&Signature=Jk2gCcnNIaVDDC5GXvOry5UqB4P%2B5HfscjCPLp2E5jchUvk4biNztndwub4tIcVTLOzQ%2BEZ68I%2FqAD%2BPFx5jTShcjKPSggAHcJe30G8OuJQKy%2FegsFVXUrGSSHYQG6%2FnO2cWPaTi9NUgWBV6ClzlZkVo5%2BnPI%2BH0pWdgpcG1lE7Tw8w0A9AEd016R%2FEiXt3XjyQ1lOTvc2JWSyGq1zjEVb1DEGeWgIxU%2FjCqvHXLyctfqkrFEqfBgH4VdPPUBDOFwRCvU%2FROv0PVIyB3qnApKhRMsz3O9aRYaVD08xJ4ytT27ZhHMxiQs%2FgLLc0fl%2B0tz8l%2BwiQmdKu7bpZ7GLTh4g%3D%3D,404
https://forum.changeispossible.org.nz/,https://forum.changeispossible.org.nz/groups,https://forum.changeispossible.org.nz/group/changemakers-beta/stream,404
https://fsp-register.companiesoffice.govt.nz/,https://fsp-register.companiesoffice.govt.nz/about/complaining-about-an-fsp/,https://fsp-register.companiesoffice.govt.nz/help-centre-archived/applying-to-provide-licensed-services/,404
https://fsp-register.companiesoffice.govt.nz/,https://fsp-register.companiesoffice.govt.nz/about/complaining-about-an-fsp/,https://fsp-register.companiesoffice.govt.nz/help-centre-archived/registering-a-financial-service-provider-fsp/who-must-register-as-an-fsp/,404
https://fsp-register.companiesoffice.govt.nz/,https://fsp-register.companiesoffice.govt.nz/about/complaining-about-an-fsp/,https://fsp-register.companiesoffice.govt.nz/help-centre-archived/using-the-fspr/searching-the-fspr/,404
https://fsp-register.companiesoffice.govt.nz/,https://fsp-register.companiesoffice.govt.nz/help-centre/dispute-resolution-schemes/keeping-scheme-details-up-to-date/,https://fsp-register.companiesoffice.govt.nz/help-centre/registering-a-financial-service-provider-fsp/,429
https://fsp-register.companiesoffice.govt.nz/,https://fsp-register.companiesoffice.govt.nz/help-centre/managing-your-online-services-account/filing-documents-with-electronic-signatures/,https://fsp-register.companiesoffice.govt.nz/help-centre/managing-your-online-services-account/filing-documents-with-electronic-signatures/%5Bsitetree_link%2Cid%3D%5D/,404
https://fsp-register.companiesoffice.govt.nz/,https://fsp-register.companiesoffice.govt.nz/help-centre/paying-fees-and-levies/schedule-of-fees-and-levies/,https://fsp-register.companiesoffice.govt.nz/news-and-notices/fma-levies-changing-fspr-1-july-2021/,404
https://fsp-register.companiesoffice.govt.nz/,https://fsp-register.companiesoffice.govt.nz/help-centre/registering-a-financial-service-provider-fsp/amending-withdrawing-or-discarding-an-application/,https://fsp-register.companiesoffice.govt.nz/help-centre-archived/managing-your-registration-as-a-fsp/voluntarily-deregistering-an-fsp/,404
https://gazette.education.govt.nz/,https://gazette.education.govt.nz/alerts/how-to-manage-email-alerts/,https://gazette.education.govt.nz/article/,404
https://gazette.govt.nz/,https://gazette.govt.nz/home/search?keyword=&year=&pageNumber=&noticeNumber=&dateStart=&dateEnd=&noticeType%5B%5D=al&act=,https://gazette.govt.nz/find-a-notice/,-1
https://geodata.nzpam.govt.nz/,https://geodata.nzpam.govt.nz/,https://mbieermxprdb2c.b2clogin.com/mbieermxprdb2c.onmicrosoft.com/B2C_1A_signin_saml/samlp/sso/login?SAMLRequest=fZLbjpswEIbv8xSIe8BAOVlJJDbpIVKaoE3ai95ExhjWEtjUY9LdPn2xt%2B12V2osWbLn8M%2FMZy%2BBDP2Iy0k%2FiHv2fWKgF47zOPQCsHWt3EkJLAlwwIIMDLCm%2BFR%2B3uPIR3hUUksqe%2FdV0u0cAsCU5lKYpN125R4P7%2FfHj7vDpaFJmNCiyNI4o4y1lJI8yxOK8iIPszhGOaOUotokfmUKZo2VO0uau%2BNUSl55w9Rhrrhyh5ozQhpbA2BiOwGaCD3Hoyj1UOzF4RlFOE5wmH4zUdt5dC6ItqIPWo%2BAg8CoMDU8jqqpI%2BrPu5cdFz6Vw1ufFAOnSoJstXXfRZtLWF6Ad4KLi8ESWKABgAysiqla%2FQZ4x0XDRXebXP0cBPjT%2BVx51fF0NhLlH54bKWAamDoxdeWUfbnfvwzSMdkQTXzxcySD38mrno%2B2lVGCdteW4NI0iC0utf4PgrdjpqSOU5QkXovyyHsX5blXUJR5rM3SJC9INr%2FiMvhX%2BKXUiM1b7baV7Dl9snazPkg1EH0bhbHwxmttKNaKCOBMaPevSNn38sdGMaLnz6DVxFwnWC8Wz628%2FvDrXw%3D%3D&RelayState=home.index,404
https://geodata.nzpam.govt.nz/,https://geodata.nzpam.govt.nz/,https://mbieermxprdb2c.b2clogin.com/mbieermxprdb2c.onmicrosoft.com/B2C_1A_signin_saml/samlp/sso/login?SAMLRequest=fZLbjtowEIbveYoo9yEh2RywACkLPSBRQAvbi94gx5mwlmI79Th0t0%2Ff2NvtHqQSORf2zP%2FP%2BPPMkIq2I2VvHuQd%2FOwBzcjzHkUrkbjQ3O%2B1JIoiRyKpACSGkUP5bUPicUQ6rYxiqvXfia5rKCJow5W0ovVq7u%2B2nza7L%2BvtqamnVVIVKQOIUlqzeFrBsIrqpqkilmZ5mkCU17kVfgeNg8fcHyzt3vP2Wl14DXo7VJz7GmgrYHxWFzOWv10pxB7WEg2VZpBFcRZESZBMjlFMkoRMsh82azUQ4JIa5%2F1gTIckDEXFAbR47HRdxWw8%2FK06czlmSnyMKSk40wpVY1z4Nl6eJuUJ%2BVlyebJ0Qsc1RFShc7FV93853nJZc3m%2BDrB6TkLy9XjcB%2Fvd4WgtyhesSyWxF6APoC%2Bcwf3d5vUiZ1A1NXQg0lHxAse10ik0%2FsKBnNkGicOlF%2F9B8PGaGa2SLErToImKOLiJiyKYsigPoMmztJjSvGFsFr41fi3VEftk69VetZw9uXP7fVZaUHMdhT3hddC4VGI0lchBGv%2BfSdm26tdyGAYzzITRPfheuBiNnlt5P%2FeLPw%3D%3D&RelayState=home.index,404
https://geodata.nzpam.govt.nz/,https://geodata.nzpam.govt.nz/download-cart/check-out,https://mbieermxprdb2c.b2clogin.com/mbieermxprdb2c.onmicrosoft.com/B2C_1A_signin_saml/samlp/sso/login?SAMLRequest=fZJNj9sgEIbv%2BRWW7%2F62YwclkbxJPyKlibVJe%2Bglwhh7kQy4DE53%2B%2Btr2G63u1KDxAFm3neGh1kC5v2AylE%2FiHv6Y6SgZ47zyHsByIZW7qgEkhgYIIE5BaQJOpVf9ij2QzQoqSWRvftGdFuDAajSTAoj2m1X7vHwYX%2F8tDtcchzl6QIvSNZGUdrEbda0ed0Uiyys8xTTeVJnBSGxEX6jCiaPlTtZmrPjVEpeWUPVYaq4chXFPad%2BJ6%2FaF79sKYCR7gRoLPQkC%2BO5FyZeEp3DGKUJyuLvJms7EWACa%2Bv9oPUAKAh4zShV%2FHFQTR0Tf9q97JjwieTvY1JwRpQE2Wobvos3l6i8AOsEExdDJ7BcAwAZWBdTtfrD8Y6JhonuNsD6OQnQ5%2FO58qrj6WwsyhesGylg5FSdqLoyQr%2Fe718f0lHZYI0nIgPmL3BsK4ME7a4tyKVpEFlcav0fBO%2BfOcd1Mg%2BzzGvDIvbSuCi8BQlzj7b5PCsWOG8JWQb%2FGr%2BWGpD5st22kj0jT%2FberI9ScaxvozA3rPFam4q0wgIYFdr9a1L2vfy5mYZBTzOh1UhdJ1jPZs%2BtvJ379W8%3D&RelayState=%2Fdownload-cart%2Fcheck-out,404
https://gis.nzpam.govt.nz/portal/sharing/oauth2/authorize?client_id=arcgisonline&response_type=code&state=%7B%22portalUrl%22%3A%22https%3A%2F%2Fgis.nzpam.govt.nz%2Fportal%22%2C%22uid%22%3A%22UhWkh1FBLFROr7DEPACs16FSH-Uxi3aCgd-9Ch8jVdY%22%2C%22returnUrl%22%3A%22https%3A%2F%2Fgis.nzpam.govt.nz%2Fportal%2Fhome%2Findex.html%22%2C%22useLandingPage%22%3Afalse%2C%22clientId%22%3A%22arcgisonline%22%7D&expiration=20160&locale=en&redirect_uri=https%3A%2F%2Fgis.nzpam.govt.nz%2Fportal%2Fhome%2Faccountswitcher-callback.html,https://gis.nzpam.govt.nz/portal/sharing/oauth2/authorize?client_id=arcgisonline&response_type=code&state=%7B%22portalUrl%22%3A%22https%3A%2F%2Fgis.nzpam.govt.nz%2Fportal%22%2C%22uid%22%3A%22UhWkh1FBLFROr7DEPACs16FSH-Uxi3aCgd-9Ch8jVdY%22%2C%22returnUrl%22%3A%22https%3A%2F%2Fgis.nzpam.govt.nz%2Fportal%2Fhome%2Findex.html%22%2C%22useLandingPage%22%3Afalse%2C%22clientId%22%3A%22arcgisonline%22%7D&expiration=20160&locale=en&redirect_uri=https%3A%2F%2Fgis.nzpam.govt.nz%2Fportal%2Fhome%2Faccountswitcher-callback.html,https://gis.nzpam.govt.nz/portal/sharing/oauth2/troubleshoot?oauth_state=anpBGBFy-zdz6GEVFBoEwHQ..49Oy2gxGO4ASdfo1WgMthSH0DcvFPVBajGx4P3amZpdhHD1e1J3FrRXmu3SJUv6aAMJbwmjI4HS8Av8Z_g7MXGvv62GawnoxILOWAGpepP_9XeVYJZ78iPvMKZPZnFrKpv4GASIQBU-0gOlaJwGr7R3HNGVO4Ddj2d22-iTB7CdItHJYojrDf9sZEUjpQEdNeqSe9xx-Y2_1QsoAyhJq5RytJ5Li0LNoE5eNR_RzynkYhsfElvBAuEVtgRp8-kGDguU345MaTO2nHbGPsP0s1BP201zhPYWuz_eSKZCVpa-l44o3PWVeEkxU5afmaE9VKIKTAsuLuZhRSk2mcWuddOKUtEF4XSrnVjeNYq9lyUcy2GlqOfFo2Z7_LfFDHn1c8LiPvzKyQ1rwH1JkPmkjD_-Oo7a_JAUp9WdL0Pas-WX9-A2G3Qiw-H7gzaZ8gSSLeWdSiyqNdUHWPPh7apF7y-BvaX2UUn99axPEurF4kRG8IghNglWiNaG3tlD3kIB0kyzfLc8MI8Jb5GZv2hIQnKqwLC42f1TRX1_veV8zyiQ1VYLl79pSM8AcS1j5vKQN5CCysBH_1McikKfda_LamJ4SMKsTY3NEKj0m5ynXe92KyvRPLsUCEhXxIZq1Y43Kb1sRqy8KdzE0Adp93MwXdOZq0RMofIYj&forgotMy=password,403
https://granted.govt.nz/,https://granted.govt.nz/,https://granted.govt.nz/apply,404
https://granted.govt.nz/,https://granted.govt.nz/,https://granted.govt.nz/dashboard,404
https://granted.govt.nz/,https://granted.govt.nz/,https://granted.govt.nz/societies,404
https://healthed.govt.nz/,https://healthed.govt.nz/,https://shopify.com/10269163582/account?locale=en-NZ,406
https://healthed.govt.nz/,https://healthed.govt.nz/collections,https://healthed.govt.nz/collections/topic-men%25CA%25BCs-health,404
https://healthed.govt.nz/,https://healthed.govt.nz/collections,https://healthed.govt.nz/collections/topic-women%25CA%25BCs-health,404
https://healthed.govt.nz/,https://healthed.govt.nz/collections/new-resources/products/after-your-immunisation-nip8870,https://healthed.govt.nz/collections/new-resources/products/Book%2520a%2520vaccine,404
https://healthed.govt.nz/,https://healthed.govt.nz/collections/topic-bowel-screening-1,https://healthed.govt.nz/collections/topic-bowel-screening-1/products/te-ne-te-ne-mou-se-s%25E1%25B8%2581kior-teet-ne-mou-se-ou-finae-all-about-bowel-screening-rotuman-he7506,404
https://healthed.govt.nz/,https://healthed.govt.nz/collections/topic-child-health/products/infectious-illnesses-a2-poster-english-he1214,https://healthed.govt.nz/collections/topic-child-health/products/kidshealth.org.nz,404
https://hepikorua.education.govt.nz/,https://hepikorua.education.govt.nz/search,https://hepikorua.education.govt.nz/search?menu%5BParentPageTitle%5D=About%20this%20site,405
https://hepikorua.education.govt.nz/,https://hepikorua.education.govt.nz/search,https://hepikorua.education.govt.nz/search?menu%5BParentPageTitle%5D=He%20Pikorua%20in%20action,405
https://hepikorua.education.govt.nz/,https://hepikorua.education.govt.nz/search,https://hepikorua.education.govt.nz/search?menu%5BParentPageTitle%5D=Home,405
https://hepikorua.education.govt.nz/,https://hepikorua.education.govt.nz/search,https://hepikorua.education.govt.nz/search?menu%5BParentPageTitle%5D=Our%20Story,405
https://hepikorua.education.govt.nz/,https://hepikorua.education.govt.nz/search,https://hepikorua.education.govt.nz/search?menu%5BParentPageTitle%5D=References,405
https://humanrights.govt.nz/,https://humanrights.govt.nz/,https://humanrights.govt.nz/actions/,404
https://humanrights.govt.nz/,https://humanrights.govt.nz/,https://humanrights.govt.nz/indicators/,404
https://humanrights.govt.nz/,https://humanrights.govt.nz/,https://humanrights.govt.nz/login/,404
https://humanrights.govt.nz/,https://humanrights.govt.nz/,https://humanrights.govt.nz/pages/4/,404
https://humanrights.govt.nz/,https://humanrights.govt.nz/,https://humanrights.govt.nz/recommendations/,404
https://humanrights.govt.nz/,https://humanrights.govt.nz/,https://humanrights.govt.nz/search/,404
https://infoshare.stats.govt.nz,https://infoshare.stats.govt.nz/%28X%281%29S%280ezq5gf5tsjo1j554ral1s55%29%29/SearchPage.aspx,https://infoshare.stats.govt.nz/%2528X%25281%2529S%25280ezq5gf5tsjo1j554ral1s55%2529%2529/Default.aspx,400
https://infoshare.stats.govt.nz,https://infoshare.stats.govt.nz/%28X%281%29S%280ezq5gf5tsjo1j554ral1s55%29%29/SearchPage.aspx,https://infoshare.stats.govt.nz/%2528X%25281%2529S%25280ezq5gf5tsjo1j554ral1s55%2529%2529/ExportDirect.aspx,400
https://infoshare.stats.govt.nz,https://infoshare.stats.govt.nz/%28X%281%29S%280ezq5gf5tsjo1j554ral1s55%29%29/SearchPage.aspx,https://infoshare.stats.govt.nz/%2528X%25281%2529S%25280ezq5gf5tsjo1j554ral1s55%2529%2529/QueryUpload.aspx,400
https://infoshare.stats.govt.nz,https://infoshare.stats.govt.nz/%28X%281%29S%280ezq5gf5tsjo1j554ral1s55%29%29/SearchPage.aspx,https://infoshare.stats.govt.nz/%2528X%25281%2529S%25280ezq5gf5tsjo1j554ral1s55%2529%2529/SearchPage.aspx,400
https://inspectorate.corrections.govt.nz/,https://inspectorate.corrections.govt.nz/about_us,https://inspectorate.corrections.govt.nz/about_us/test,403
https://inspectorate.corrections.govt.nz/,https://inspectorate.corrections.govt.nz/home/privacy%2C_copyright_and_terms_of_use,https://inspectorate.corrections.govt.nz/home/privacy%252C_copyright_and_terms_of_use,404
https://jobs.defence.govt.nz/home,https://jobs.defence.govt.nz/jobdetails/ajid/eb7k7/People-Capability-Operations-Manager%2C7913.html,https://jobs.defence.govt.nz/jobdetails/ajid/eb7k7/People-Capability-Operations-Manager%2525252C7913.html?isSignedIn=candidate&tracker=604330032,500
https://jobs.defence.govt.nz/home,https://jobs.defence.govt.nz/jobdetails/ajid/t59k7/Business-Solutions-Coordinator-Small-devices-%2C7953.html,https://jobs.defence.govt.nz/jobdetails/ajid/t59k7/Business-Solutions-Coordinator-Small-devices-%2525252C7953.html?isSignedIn=candidate&tracker=604330032,500
https://jobs.defence.govt.nz/home,https://jobs.defence.govt.nz/saml2/authenticate/candidate,"https://jobs.defence.govt.nz/resetPassword?tenant=mod&principalType=candidate&entityId=mod-email-candidate-idp&state=9a3a1828-80ed-4b03-9ea7-f4d9ee604e07,email&callback=https://is.talentappstore.com:443/commonauth",404
https://jobs.govt.nz/,https://jobs.govt.nz/sp/?in_logintype=Candidate&in_cancel_url=https://jobs.govt.nz&in_redirect_url=https://jobs.govt.nz/jobtools/JnCustomLogin.ssologin?in_organid=16563&in_token=Y,https://jobs.govt.nz/b2cdiaprdrmpubdir.onmicrosoft.com/B2C_1A_DIA_RealMe_LoginService/api/CombinedSigninAndSignup/unified?local=signup&csrf_token=eU5PU1d6aDhZK2FtOFRLRGF6WTdjUytwQ0diS0dhd3ZIVHlLY1lWTzBoYjVKaTVuMVg5UDdVaHlTODkxUnowNlNvVWhZalNNblRPQklCUmVXcDk3T2c9PTsyMDI2LTAzLTMxVDAzOjU4OjMyLjYwNDU0MTdaO25sM0kvRWNQdDV3NkpFeXd4UTFHNmc9PTt7Ik9yY2hlc3RyYXRpb25TdGVwIjoyfQ==&tx=StateProperties=eyJUSUQiOiI3M2Q5ZGRlYS1mYmYwLTQwYjktYmRmNS1hYWM4ZjVmZDJmOWEifQ&p=B2C_1A_DIA_RealMe_LoginService,404
https://jobs.govt.nz/,https://jobs.govt.nz/sp/?in_logintype=Recruiter&in_cancel_url=https://jobs.govt.nz&in_redirect_url=https://jobs.govt.nz/jobtools/jncustomorglogin.ssologin?in_organid=16562&in_token=Y,https://jobs.govt.nz/b2cdiaprdrmpubdir.onmicrosoft.com/B2C_1A_DIA_RealMe_LoginService/api/CombinedSigninAndSignup/unified?local=signup&csrf_token=MXdtbWpkV2NYay9uTFVrWnhhQ283QUdjYlgwLzZhUVFQNytaVklaa3BuZElOOWw3RGF3Rk45dnhhUC9qcVpYaGlydUFPdTVJeVpHUmhIK2JKRzNrZmc9PTsyMDI2LTAzLTMxVDAzOjU5OjAwLjc4MzEyMDZaOzQ4cEhmd3FGSjZFbFkzZHJET252cmc9PTt7Ik9yY2hlc3RyYXRpb25TdGVwIjoyfQ==&tx=StateProperties=eyJUSUQiOiI3M2Q5ZGRlYS1mYmYwLTQwYjktYmRmNS1hYWM4ZjVmZDJmOWEifQ&p=B2C_1A_DIA_RealMe_LoginService,404
https://kaorakaako.education.govt.nz/,https://kaorakaako.education.govt.nz/,https://kaorakaako.education.govt.nz/working-together/food-safety-and-health-and-safety/top-tips-for-food-safety,403
https://kaorakaako.education.govt.nz/,https://kaorakaako.education.govt.nz/,https://kaorakaako.education.govt.nz/working-together/programme-updates/launch-of-recipes-and-the-mahi-tahi-space,403
https://kaorakaako.education.govt.nz/,https://kaorakaako.education.govt.nz/,https://kaorakaako.education.govt.nz/working-together/success-stories/te-pa-o-rakaihautu,403
https://kaorakaako.education.govt.nz/,https://kaorakaako.education.govt.nz/,https://kaorakaako.education.govt.nz/working-together/waste-minimisation/getting-started-on-the-journey-to-minimise-waste,403
https://kaorakaako.education.govt.nz/,https://kaorakaako.education.govt.nz/working-together/guidance-and-support/measuring-uptake,https://kaorakaako.education.govt.nz/working-together/about-ka-ora-ka-ako/agreement-overview,403
https://kete-lbp.mbie.govt.nz/,https://kete-lbp.mbie.govt.nz/,https://kete-lbp.mbie.govt.nz/Account/Login/ExternalLogin?returnUrl=%2F&provider=https%3A%2F%2Fmbieolplbpprdb2c.b2clogin.com%2Fmbieolplbpprdb2c.onmicrosoft.com%2Fb2c_1a_signinmultisociallogin%2Fv2.0%2F,404
https://kete-lbp.mbie.govt.nz/,https://kete-lbp.mbie.govt.nz/advanced-building-practitioner-search/,https://kete-lbp.mbie.govt.nz/Account/Login/ExternalLogin?returnUrl=%2Fadvanced-building-practitioner-search%2F&provider=https%3A%2F%2Fmbieolplbpprdb2c.b2clogin.com%2Fmbieolplbpprdb2c.onmicrosoft.com%2Fb2c_1a_signinmultisociallogin%2Fv2.0%2F,404
https://kete.mbie.govt.nz/EW/EWPRSearch/,https://kete.mbie.govt.nz/EW/EWPRSearch/,https://kete.mbie.govt.nz/Account/Login/ExternalLogin?returnUrl=%2FEW%2FEWPRSearch%2F&provider=https%3A%2F%2Fmbieolpprdb2c.b2clogin.com%2Fmbieolpprdb2c.onmicrosoft.com%2Fb2c_1a_signinmultisociallogin%2Fv2.0%2F,404
https://kowhiti-whakapae.education.govt.nz/,https://kowhiti-whakapae.education.govt.nz/,https://kowhiti-whakapae.education.govt.nz/contact-us,405
https://kowhiti-whakapae.education.govt.nz/,https://kowhiti-whakapae.education.govt.nz/,https://kowhiti-whakapae.education.govt.nz/foundations-kowhiti-whakapae,405
https://kowhiti-whakapae.education.govt.nz/,https://kowhiti-whakapae.education.govt.nz/,https://kowhiti-whakapae.education.govt.nz/guides-references,405
https://kowhiti-whakapae.education.govt.nz/,https://kowhiti-whakapae.education.govt.nz/,https://kowhiti-whakapae.education.govt.nz/maths/create-communicate-maths,405
https://kowhiti-whakapae.education.govt.nz/,https://kowhiti-whakapae.education.govt.nz/,https://kowhiti-whakapae.education.govt.nz/maths/create-communicate-maths/notice-and-recognise,405
https://kowhiti-whakapae.education.govt.nz/,https://kowhiti-whakapae.education.govt.nz/,https://kowhiti-whakapae.education.govt.nz/maths/create-communicate-maths/respond,405
https://kowhiti-whakapae.education.govt.nz/,https://kowhiti-whakapae.education.govt.nz/,https://kowhiti-whakapae.education.govt.nz/maths/number-measurement/notice-and-recognise,405
https://kowhiti-whakapae.education.govt.nz/,https://kowhiti-whakapae.education.govt.nz/,https://kowhiti-whakapae.education.govt.nz/maths/pattern-relationships,405
https://kowhiti-whakapae.education.govt.nz/,https://kowhiti-whakapae.education.govt.nz/,https://kowhiti-whakapae.education.govt.nz/maths/pattern-relationships/notice-and-recognise,405
https://kowhiti-whakapae.education.govt.nz/,https://kowhiti-whakapae.education.govt.nz/,https://kowhiti-whakapae.education.govt.nz/oral-language-literacy/forms-functions-literacy/related-assessments/sione-explores-vehicles,405
https://kowhiti-whakapae.education.govt.nz/,https://kowhiti-whakapae.education.govt.nz/,https://kowhiti-whakapae.education.govt.nz/oral-language-literacy/learning-additional-language/lay-the-groundwork,405
https://kowhiti-whakapae.education.govt.nz/,https://kowhiti-whakapae.education.govt.nz/,https://kowhiti-whakapae.education.govt.nz/oral-language-literacy/learning-additional-language/related-assessments,405
https://kowhiti-whakapae.education.govt.nz/,https://kowhiti-whakapae.education.govt.nz/,https://kowhiti-whakapae.education.govt.nz/privacy,405
https://kowhiti-whakapae.education.govt.nz/,https://kowhiti-whakapae.education.govt.nz/,https://kowhiti-whakapae.education.govt.nz/social-emotional/agency-adaptability/related-assessments/tulis-growing-confidence,405
https://kowhiti-whakapae.education.govt.nz/,https://kowhiti-whakapae.education.govt.nz/,https://kowhiti-whakapae.education.govt.nz/social-emotional/connected-relationships-caring-others/related-assessments/hana-builds,405
https://kowhiti-whakapae.education.govt.nz/,https://kowhiti-whakapae.education.govt.nz/,https://kowhiti-whakapae.education.govt.nz/social-media-terms-use,405
https://kowhiti-whakapae.education.govt.nz/,https://kowhiti-whakapae.education.govt.nz/,https://kowhiti-whakapae.education.govt.nz/starting-guide,405
https://kowhiti-whakapae.education.govt.nz/,https://kowhiti-whakapae.education.govt.nz/assessments,https://kowhiti-whakapae.education.govt.nz/oral-language-literacy/learning-additional-language/related-assessments/nisrines-favourite-foods,405
https://kowhiti-whakapae.education.govt.nz/,https://kowhiti-whakapae.education.govt.nz/maths,https://kowhiti-whakapae.education.govt.nz/how-maths-learning-approached-kowhiti-whakapae,405
https://kowhiti-whakapae.education.govt.nz/,https://kowhiti-whakapae.education.govt.nz/maths,https://kowhiti-whakapae.education.govt.nz/what-does-maths-learning-refer,405
https://kowhiti-whakapae.education.govt.nz/,https://kowhiti-whakapae.education.govt.nz/maths,https://kowhiti-whakapae.education.govt.nz/why-maths-learning-important,405
https://kowhiti-whakapae.education.govt.nz/,https://kowhiti-whakapae.education.govt.nz/maths/create-communicate-maths/related-assessments,https://kowhiti-whakapae.education.govt.nz/maths/create-communicate-maths/related-assessments/aria-makes-connections,405
https://kowhiti-whakapae.education.govt.nz/,https://kowhiti-whakapae.education.govt.nz/maths/number-measurement,https://kowhiti-whakapae.education.govt.nz/how-do-foundations-impact-area,405
https://kowhiti-whakapae.education.govt.nz/,https://kowhiti-whakapae.education.govt.nz/maths/number-measurement,https://kowhiti-whakapae.education.govt.nz/how-number-and-measurement-woven-through-strands-te-whariki,405
https://kowhiti-whakapae.education.govt.nz/,https://kowhiti-whakapae.education.govt.nz/maths/number-measurement,https://kowhiti-whakapae.education.govt.nz/what-do-nga-matapono-aronui-mean,405
https://kowhiti-whakapae.education.govt.nz/,https://kowhiti-whakapae.education.govt.nz/maths/number-measurement,https://kowhiti-whakapae.education.govt.nz/what-number-and-measurement,405
https://kowhiti-whakapae.education.govt.nz/,https://kowhiti-whakapae.education.govt.nz/maths/number-measurement/related-assessments,https://kowhiti-whakapae.education.govt.nz/maths/number-measurement/related-assessments/maias-growing-sense-belonging,405
https://kowhiti-whakapae.education.govt.nz/,https://kowhiti-whakapae.education.govt.nz/maths/pattern-relationships/related-assessments,https://kowhiti-whakapae.education.govt.nz/maths/pattern-relationships/related-assessments/felixs-love-animals,405
https://kowhiti-whakapae.education.govt.nz/,https://kowhiti-whakapae.education.govt.nz/maths/pattern-relationships/related-assessments,https://kowhiti-whakapae.education.govt.nz/maths/pattern-relationships/related-assessments/ueas-got-beat,405
https://kowhiti-whakapae.education.govt.nz/,https://kowhiti-whakapae.education.govt.nz/maths/space-measurement,https://kowhiti-whakapae.education.govt.nz/how-area-woven-through-strands-te-whariki-6,405
https://kowhiti-whakapae.education.govt.nz/,https://kowhiti-whakapae.education.govt.nz/maths/space-measurement,https://kowhiti-whakapae.education.govt.nz/how-do-foundations-kowhiti-whakapae-impact-area-7,405
https://kowhiti-whakapae.education.govt.nz/,https://kowhiti-whakapae.education.govt.nz/maths/space-measurement,https://kowhiti-whakapae.education.govt.nz/what-do-nga-matapono-aronui-mean-space-and-measurement,405
https://kowhiti-whakapae.education.govt.nz/,https://kowhiti-whakapae.education.govt.nz/maths/space-measurement/related-assessments,https://kowhiti-whakapae.education.govt.nz/maths/space-measurement/related-assessments/stellas-architecture,405
https://kowhiti-whakapae.education.govt.nz/,https://kowhiti-whakapae.education.govt.nz/maths/space-measurement/related-assessments,https://kowhiti-whakapae.education.govt.nz/maths/space-measurement/related-assessments/tia-connects-te-taiao,405
https://kowhiti-whakapae.education.govt.nz/,https://kowhiti-whakapae.education.govt.nz/oral-language-literacy,https://kowhiti-whakapae.education.govt.nz/how-oral-language-literacy-approached-kowhiti-whakapae,405
https://kowhiti-whakapae.education.govt.nz/,https://kowhiti-whakapae.education.govt.nz/oral-language-literacy,https://kowhiti-whakapae.education.govt.nz/what-does-oral-language-literacy-refer,405
https://kowhiti-whakapae.education.govt.nz/,https://kowhiti-whakapae.education.govt.nz/oral-language-literacy,https://kowhiti-whakapae.education.govt.nz/why-oral-language-literacy-important,405
https://kowhiti-whakapae.education.govt.nz/,https://kowhiti-whakapae.education.govt.nz/oral-language-literacy/emergent-literacy,https://kowhiti-whakapae.education.govt.nz/how-do-foundations-kowhiti-whakapae-impact-area-3,405
https://kowhiti-whakapae.education.govt.nz/,https://kowhiti-whakapae.education.govt.nz/oral-language-literacy/emergent-literacy,https://kowhiti-whakapae.education.govt.nz/what-does-te-panui-me-te-tuhituhi-mean,405
https://kowhiti-whakapae.education.govt.nz/,https://kowhiti-whakapae.education.govt.nz/oral-language-literacy/emergent-literacy/related-assessments,https://kowhiti-whakapae.education.govt.nz/oral-language-literacy/emergent-literacy/related-assessments/sadies-writing,405
https://kowhiti-whakapae.education.govt.nz/,https://kowhiti-whakapae.education.govt.nz/oral-language-literacy/forms-functions-literacy,https://kowhiti-whakapae.education.govt.nz/what-are-forms-and-functions-literacy,405
https://kowhiti-whakapae.education.govt.nz/,https://kowhiti-whakapae.education.govt.nz/oral-language-literacy/forms-functions-literacy/related-assessments,https://kowhiti-whakapae.education.govt.nz/oral-language-literacy/forms-functions-literacy/related-assessments/maya-loves-waiata,405
https://kowhiti-whakapae.education.govt.nz/,https://kowhiti-whakapae.education.govt.nz/oral-language-literacy/learning-additional-language,https://kowhiti-whakapae.education.govt.nz/how-do-foundations-kowhiti-whakapae-impact-area-5,405
https://kowhiti-whakapae.education.govt.nz/,https://kowhiti-whakapae.education.govt.nz/oral-language-literacy/learning-additional-language,https://kowhiti-whakapae.education.govt.nz/what-does-nga-reo-mean,405
https://kowhiti-whakapae.education.govt.nz/,https://kowhiti-whakapae.education.govt.nz/oral-language-literacy/learning-additional-language,https://kowhiti-whakapae.education.govt.nz/what-learning-additional-language,405
https://kowhiti-whakapae.education.govt.nz/,https://kowhiti-whakapae.education.govt.nz/oral-language-literacy/understanding-using-language,https://kowhiti-whakapae.education.govt.nz/how-area-woven-through-strands-te-whariki-3,405
https://kowhiti-whakapae.education.govt.nz/,https://kowhiti-whakapae.education.govt.nz/oral-language-literacy/understanding-using-language,https://kowhiti-whakapae.education.govt.nz/how-do-foundations-kowhiti-whakapae-impact-area-2,405
https://kowhiti-whakapae.education.govt.nz/,https://kowhiti-whakapae.education.govt.nz/oral-language-literacy/understanding-using-language,https://kowhiti-whakapae.education.govt.nz/what-does-te-rere-o-te-reo-mean,405
https://kowhiti-whakapae.education.govt.nz/,https://kowhiti-whakapae.education.govt.nz/oral-language-literacy/understanding-using-language/related-assessments,https://kowhiti-whakapae.education.govt.nz/oral-language-literacy/understanding-using-language/related-assessments/adams-growing-communication,405
https://kowhiti-whakapae.education.govt.nz/,https://kowhiti-whakapae.education.govt.nz/oral-language-literacy/understanding-using-language/related-assessments,https://kowhiti-whakapae.education.govt.nz/oral-language-literacy/understanding-using-language/related-assessments/billie-starts-talk,405
https://kowhiti-whakapae.education.govt.nz/,https://kowhiti-whakapae.education.govt.nz/social-emotional,https://kowhiti-whakapae.education.govt.nz/how-social-emotional-learning-approached-kowhiti-whakapae,405
https://kowhiti-whakapae.education.govt.nz/,https://kowhiti-whakapae.education.govt.nz/social-emotional,https://kowhiti-whakapae.education.govt.nz/what-does-social-emotional-learning-refer,405
https://kowhiti-whakapae.education.govt.nz/,https://kowhiti-whakapae.education.govt.nz/social-emotional/agency-adaptability,https://kowhiti-whakapae.education.govt.nz/how-area-woven-through-strands-te-whariki-0,405
https://kowhiti-whakapae.education.govt.nz/,https://kowhiti-whakapae.education.govt.nz/social-emotional/agency-adaptability,https://kowhiti-whakapae.education.govt.nz/how-do-foundations-kowhiti-whakapae-impact-area-1,405
https://kowhiti-whakapae.education.govt.nz/,https://kowhiti-whakapae.education.govt.nz/social-emotional/agency-adaptability,https://kowhiti-whakapae.education.govt.nz/what-agency-and-adaptability,405
https://kowhiti-whakapae.education.govt.nz/,https://kowhiti-whakapae.education.govt.nz/social-emotional/agency-adaptability,https://kowhiti-whakapae.education.govt.nz/what-do-rangatiratanga-me-urutaunga-refer,405
https://kowhiti-whakapae.education.govt.nz/,https://kowhiti-whakapae.education.govt.nz/social-emotional/agency-adaptability/related-assessments,https://kowhiti-whakapae.education.govt.nz/social-emotional/agency-adaptability/related-assessments/meles-kai-time,405
https://kowhiti-whakapae.education.govt.nz/,https://kowhiti-whakapae.education.govt.nz/social-emotional/connected-relationships-caring-others,https://kowhiti-whakapae.education.govt.nz/what-do-whanaungatanga-me-manaakitanga-refer,405
https://kowhiti-whakapae.education.govt.nz/,https://kowhiti-whakapae.education.govt.nz/social-emotional/connected-relationships-caring-others/related-assessments,https://kowhiti-whakapae.education.govt.nz/social-emotional/connected-relationships-caring-others/related-assessments/new-place-kahu,405
https://kowhiti-whakapae.education.govt.nz/,https://kowhiti-whakapae.education.govt.nz/social-emotional/emotional-awareness-regulation-and-spiritual-connectedness,https://kowhiti-whakapae.education.govt.nz/how-area-woven-through-strands-te-whariki,405
https://kowhiti-whakapae.education.govt.nz/,https://kowhiti-whakapae.education.govt.nz/social-emotional/emotional-awareness-regulation-and-spiritual-connectedness,https://kowhiti-whakapae.education.govt.nz/how-do-foundations-kowhiti-whakapae-impact-area-0,405
https://kowhiti-whakapae.education.govt.nz/,https://kowhiti-whakapae.education.govt.nz/social-emotional/emotional-awareness-regulation-and-spiritual-connectedness,https://kowhiti-whakapae.education.govt.nz/what-does-kare-roto-me-wairuatanga-refer,405
https://kowhiti-whakapae.education.govt.nz/,https://kowhiti-whakapae.education.govt.nz/social-emotional/emotional-awareness-regulation-and-spiritual-connectedness,https://kowhiti-whakapae.education.govt.nz/what-emotional-awareness-regulation-and-spiritual-connectedness,405
https://kowhiti-whakapae.education.govt.nz/,https://kowhiti-whakapae.education.govt.nz/social-emotional/social-inclusion-action,https://kowhiti-whakapae.education.govt.nz/how-area-woven-through-strands-te-whariki-1,405
https://kowhiti-whakapae.education.govt.nz/,https://kowhiti-whakapae.education.govt.nz/social-emotional/social-inclusion-action,https://kowhiti-whakapae.education.govt.nz/how-do-foundations-kowhiti-whakapae-impact-area-6,405
https://kowhiti-whakapae.education.govt.nz/,https://kowhiti-whakapae.education.govt.nz/social-emotional/social-inclusion-action,https://kowhiti-whakapae.education.govt.nz/what-does-kotahitanga-me-kaitiakitanga-refer,405
https://learning.procurement.govt.nz/,https://learning.procurement.govt.nz/,https://api.business.govt.nz/b2cessmapprd.onmicrosoft.com/B2C_1A_signup_signin_saml_NZGP_LMS/samlp/sso/login?SAMLRequest=nVJNj9owEP0rke%2BJE5OFYAFSFtQWid1GC%2B1hL5HjDGAptlOPs%2F349WtCP7aHcujJ9njemzfzZoFCdz0vB382T%2FBlAPTRN90Z5OPHkgzOcCtQITdCA3Iv%2Bb582HGWpLx31ltpO%2FIGchshEMF5ZQ2JtpslqVkzyY9Fy8RMynkrpjCf3U2zBo75LJfzuzyDeVEULBUFiT6Dw4BckkAU4IgDbA16YXwIpWwap5N4kh3SnDPGs%2FyZRJvQjTLCj6iz9z1ySkWvkmZAZQAxOdkXn5gftGEyPLXoe9cm1mglnUV79Im0mt6zdZ2VNaqTGfrxUKa%2B9Fo%2FPr%2Bv6t3Dno7DooiWdvakQnflr0bX1uCgwe3BvSgJn552f6R0IFzgOiVhkHJwoMH435JEsGTkZRT76yUWEpP%2B3N8Ekqj6acu9Mm1Iuu1Ic01C%2FuFwqOLq4%2F5AVotLNT5O2K3%2BQ6wGL1rhxUXrgr4lW1zX7THI2G4q2yn5PXpnnRb%2B3yqzJBsjqo2PYyoHLVRXtq0LnoVRd539unYgPCyJdwMQurpW%2FXuvV68%3D&RelayState=https%3A%2F%2Flearning.procurement.govt.nz%2Fmy%2F&SigAlg=http%3A%2F%2Fwww.w3.org%2F2001%2F04%2Fxmldsig-more%23rsa-sha256&Signature=d4fZ8Eck6sOlqyjxrBbNsNDyIfNfP7LdDwDRi8%2FXFEO6QUbHzB2hR74tICRn1i7QG7K0cN0lpq1yEg9ULuPhQXQkFOxMDQ4jn9qaPlu1HxOfIrql7k2YSD6y5tT1EjiZHaZtcfa%2FuTflH4mJU344W3sEd0c5cIS6TE3UQu3anTINKpWn%2F7bnwJs0o0%2Fg9Guh5yA6D02xGhrHewo3yg%2FzBtOw9Och3Q81dClf4aJK7XrxPv2bZbJ27G6JySPA0Rs3kZXoFVM0uPJjvuRbiG7NCb3EHzWrxl5nLylDe8Oejl8N6mol9KC86sqYaJYTO2aaeskjzDH1Aj7Z5kLa%2BMJsAg%3D%3D,404
https://learning.procurement.govt.nz/,https://learning.procurement.govt.nz/,https://api.business.govt.nz/b2cessmapprd.onmicrosoft.com/B2C_1A_signup_signin_saml_NZGP_LMS/samlp/sso/login?SAMLRequest=nVJNj9owEP0rke%2FESdhCsAApC2qLxG6jhfawl2hwBrAUf9TjbD9%2BfU3ox%2FZQDj3ZHs9782bezAl050TVh7N5ws89Uki%2B6s6QGD4WrPdGWCBFwoBGEkGKXfWwFUWaCedtsNJ27BXkNgKI0AdlDUs26wVriuNhCm%2FKiZRwnN6V2WxaQi5RZpksynYmJ%2BOJLGezHCVLPqGniFywSBThRD1uDAUwIYayYjLKxqNxvs%2FuRJGJLH9myTp2owyEAXUOwZHgHJxKDz0pg0Tpyb6E1Hznh0LGpwbnfJtao5X0luwxpNJqfl%2BsmrxqSJ1M74ZDmebSa%2FP4%2FK5utg87PgyLE1ne2ZOK3VW%2FGl1ZQ71Gv0P%2FoiR%2BfNr%2BkdIh%2BMh1SuMgZe9Rowm%2FJUG0ZOAtOLnrZQSSUnd2N4EsqX%2Facq9MG5NuO3K4JpF4v9%2FXo%2FrDbs%2BW80s1MUzYL%2F9DrMYALQS4aJ3z12Tz67o9RhmbdW07Jb8lb63XEP6tMk%2FzIaLa0XFIFahBdVXb%2BuhZHHXX2S8rjxBwwYLvkfHlterfe738AQ%3D%3D&RelayState=https%3A%2F%2Flearning.procurement.govt.nz%2Flogin%2Findex.php&SigAlg=http%3A%2F%2Fwww.w3.org%2F2001%2F04%2Fxmldsig-more%23rsa-sha256&Signature=r6GmpDco72j00l%2BSbLnq4DizKukv0cM0eWVMVM4a1IqwPaBAQqXZjZ7Lzr0oNrgmqwAOlO59dfItf2JA3ezxUx9SgP4rxbuLWnDtAybPk3ropuB3auSKAaXSyQvG%2BuG3F0V41gQkKV%2Blo7NQOeUcyqtyBvkGTrHX3o2qWLcPJHeKDSzVTnpv5eIvmwCVJPEaDAc9OAfcwUR2rw0xZe1REplamHuCSoL%2BhDSRU%2F50J7lO3itgJQvREylP0jQPJMF2a6eDpSHxVNZGV7Wp0m3ngQpg0xZUJ0TiAjYQP%2BVADBXRunACyrmddvX%2BOauErDbq3PIjH8hcp7j%2FQs8O1Gmfcg%3D%3D,404
https://learning.procurement.govt.nz/,https://learning.procurement.govt.nz/course/index.php?categoryid=24,https://api.business.govt.nz/b2cessmapprd.onmicrosoft.com/B2C_1A_signup_signin_saml_NZGP_LMS/samlp/sso/login?SAMLRequest=nVJNb9swDP0rhu62%2FNElqZAEcBNsC5B2RpPu0ItBy0wiwJI8Ue4%2Bfv0UZ1u7w3LYSRLF9%2FjIxzmB7npRDv5kHvHLgOSjb7ozJMaPBRucERZIkTCgkYSXYlfeb0WepKJ31ltpO%2FYGch0BROi8soZFm%2FWC1QdsoDnMJsWsBZnNQE6bd3kmW9nMbicop0U6LZpJc4PAos%2FoKCAXLBAFONGAG0MejA%2BhNJ%2FEaREX2T69EXkh8ttnFq1DN8qAH1En73sSnEOvkmYgZZAoOdoXn5gfvMlleGroe9cm1mglnSV78Im0mt%2Flqzora1JHM%2FTjoUx97rV%2BeP5Q1dv7HR%2BHxYks7%2BxRhe7K342urKFBo9uhe1ESnx63r1I6BBe4jkkYpBwcajT%2BjyQIloy8Oaf%2BcolBUtKf%2BqtAFlW%2FbLlTpg1J1x1pLkkkPu73VVx92u3Zcn6uJsYJu%2BV%2FiNXooQUPZ61z%2FpZsflm3hyBjs65sp%2BT36L11Gvy%2FVWZJNkZUGx%2FGVIEaVFe2rQuehVF3nf26cggeF8y7ARlfXqr%2BvdfLnw%3D%3D&RelayState=https%3A%2F%2Flearning.procurement.govt.nz%2Fcourse%2Fview.php%3Fid%3D57&SigAlg=http%3A%2F%2Fwww.w3.org%2F2001%2F04%2Fxmldsig-more%23rsa-sha256&Signature=XeIWsYjb0Ygx5r9KoiaqjaW8d3z%2FT85nlFCqj8wUmMrjSVrGUZ7ryiqdjjN%2BeryXUZ%2BaugTFvaLVe0nBRw3mH78%2Fc5KdFnyDPcNivWr2eVtLIEYurE5JSxdBlq%2BH14IWAVlPgqglriviVUzrzzQfGDNTeiABMyX68x4%2FlQiNWxy1VUjqoKPbQjVce8mQTb7DsefERPZnJxsG53W8KSl0TbdyFSM7i4JnSkFWhm018DWIFu70%2FRyu4dCDBiFZZZeT3wDbdYF1J76uC50AGq8Tk8X6fhgEc%2FD2v7krTqO%2FOqYPmevgCsqpj7wTwwYtIc%2Fhxpn4sPnwj6R7iaGaJ%2Bo9Zw%3D%3D,404
https://learning.procurement.govt.nz/,https://learning.procurement.govt.nz/course/index.php?categoryid=24,https://api.business.govt.nz/b2cessmapprd.onmicrosoft.com/B2C_1A_signup_signin_saml_NZGP_LMS/samlp/sso/login?SAMLRequest=nVJNb9swDP0rhu62bMeNESEJ4CbYFiDtjCbboReDlpVEgPUxUW67%2FfopTtt1h%2BWwkySK7%2FGRj3ME1VtWDf6kH8SPQaCPXlSvkY0fCzI4zQygRKZBCWSes111t2V5kjLrjDfc9OQD5DoCEIXz0mgSbdYL0tyIWQEt521eTruy7abAgU9KOJSzPJ8VZcr5TVbOikNBou%2FCYUAuSCAKcMRBbDR60D6E0nwap5N4ku3TguUTlmaPJFqHbqQGP6JO3ltklIKVSTug1AIxOZonn%2BhftM15eCqw1nWJ0UpyZ9AcfMKNorf5qsmqBuVRD3Y8pG7OvTb3j5%2FrZnu3o%2BOwKKKhvTnK0F311ujKaByUcDvhniQX3x62f6T0AlzgOiZhkHxwQgnt3yVBsGTkzSnayyUGjok92atAEtWvttxK3YWk6460lyRkX%2Fb7Oq6%2F7vZkOT9XY%2BOE3fI%2FxCrhoQMPZ61z%2BpFsflm3%2ByBjs65NL%2FnP6JNxCvy%2FVWZJNkZkFx%2FGVCYUyL7qOhc8C6Pue%2FO8cgK8WBDvBkHo8lL1771e%2FgY%3D&RelayState=https%3A%2F%2Flearning.procurement.govt.nz%2Fcourse%2Fview.php%3Fid%3D66&SigAlg=http%3A%2F%2Fwww.w3.org%2F2001%2F04%2Fxmldsig-more%23rsa-sha256&Signature=EmVNk53RqkgF1%2FPnPVhHSMJ7emxeBKtk%2FRrnjJt9m1%2BEo0Yr72ZZgbNqo2GkDuBQJ%2Fq8iVR3nKp90cZMdpOHjVcWPGSvHdnBrKTZoxesNMk02%2BuxmKIMRWfcpeYZ%2BjDWEVSUWh9BNV%2B1%2F5c%2FSF%2F2a5t53iNPSrUKZNCOu%2Bi%2BWHO6mskeQNb6uNzjkn02tMZNe6FmhzqTL%2B3DCZbbEYD8Df4lyAoL7etz3GMWgP%2B8GgKcqjXOAUc9MtSGH%2BYl%2FJoyoVjFYrq3srFZsMg7Js8cDK5FWcPXtnNuCq3zW3aBWi91cx1UJFpAX8%2BtKR%2FMAhntTziZdYfcrdpHZrjcN2814Q%3D%3D,404
https://learning.procurement.govt.nz/,https://learning.procurement.govt.nz/course/index.php?categoryid=24,https://api.business.govt.nz/b2cessmapprd.onmicrosoft.com/B2C_1A_signup_signin_saml_NZGP_LMS/samlp/sso/login?SAMLRequest=nVJNb9swDP0rhu62HDtwUyEJ4CbYFiDtjCbdoReDselEgPUxUe4%2Bfv0Up1u7w3LYSRLF9%2FjIxzmB6q0oB3%2FSj%2Fh1QPLRd9VrEuPHgg1OCwMkSWhQSMI3Ylfeb0WWpMI6401jevYOch0BROi8NJpFm%2FWC1XCbz3K4Sbvuti2wxQ7SIsubQ5ums7Sd5RlgMb0pZliw6As6CsgFC0QBTjTgRpMH7UMozYo4zeN8sk%2BnIsvFNHtm0Tp0IzX4EXXy3pLgHKxMDgNJjUTJ0bz4RP%2Fkh6wJTwXWujYxWsnGGTKdTxqj%2BF22qidlTfKoBzseUtfnXuuH549Vvb3f8XFYnMjw3hxl6K783ejKaBoUuh26F9ng0%2BP2TUqP4ALXMQmDbAaHCrX%2FIwmCJSNvxsleLjE0lNiTvQpkUfVqy53UbUi67sjhkkTi035fxdXn3Z4t5%2BdqYpywW%2F6HWIUeWvBw1jrn78nml3V7CDI268r0svkRfTBOgf%2B3ykkyGSOyjbsxVaAC2Zdt64JnYdR9b76tHILHBfNuQMaXl6p%2F7%2FXyFw%3D%3D&RelayState=https%3A%2F%2Flearning.procurement.govt.nz%2Fcourse%2Fview.php%3Fid%3D60&SigAlg=http%3A%2F%2Fwww.w3.org%2F2001%2F04%2Fxmldsig-more%23rsa-sha256&Signature=t2ifX3glew2zZOpssWB82KiJNaJC5YuMsslcsHQhQUNDonfZk8tBi0kLxFJrkPJTWv9P7st%2BfZAZcgLt1q1H%2F%2Bw%2B7D4oX0gjl7UbsTuLQVSANWp9ttsqe2%2F60s4XmVmEsvdYuuNeDaOfk1VUo9LL2jVFxvrnpZAij87JeB8Q6IsQTZ6d3rjz%2BZpArMfMzo3v3xIk867yYc3SmvF5O7TvQzVPfSWE2QBn%2F1NGWx%2B4%2B8hI9OARvAtmVVCBWaZ5Vjt%2BhCZ%2FDkU1bYxdQ%2FumONOnYPvdwPyZ21g26ExvXAw0wzy3EMiJkSwYxSrczBELmtZnZ28ds0k%2FQLa7WQrgrNNGUg%3D%3D,404
https://learning.procurement.govt.nz/,https://learning.procurement.govt.nz/course/index.php?categoryid=24,https://api.business.govt.nz/b2cessmapprd.onmicrosoft.com/B2C_1A_signup_signin_saml_NZGP_LMS/samlp/sso/login?SAMLRequest=nVJNb9swDP0rhu7%2BbpNWSAK4CbYFSDujyXboxaAlJhFgSZ4odx%2B%2Fvoqztd1hOewkieIj3%2BPjjEB3Pa8GfzSP%2BG1A8tEP3Rni48ecDc5wC6SIG9BI3Au%2Bre43vEgy3jvrrbAdewe5jAAidF5Zw6L1as4acXONcipBtvlkgtje3ki8msq8yG5hDyDKUuA0nHDNoq%2FoKCDnLBQKcKIB14Y8GB9CWTGJszIu8112xYuSl9MnFq2CGmXAj6ij9z3xNIVeJe1AyiBRcrDPPjG%2F0rYQ4amh751MrNFKOEt27xNhdXpXLJu8akgdzNCPhzLNSWvz8PSxbjb323QcVkpk084eVFBX%2FRG6tIYGjW6L7lkJ%2FPK4eaPSIbhQ65CEQYrBoUbjXylBsGSsW6TUny8xCEr6Y38RyKL6ty13ysiQdNmR9pxE%2FNNuV8f15%2B2OLWanbnycsFv8B1mNHiR4OHGdpe%2BLzc7r9hBorFe17ZT4GX2wToP%2FN8s8yceIkvF%2BTOWoQXWVlC54Fkbddfb70iF4nDPvBmTp4tz1771evAA%3D&RelayState=https%3A%2F%2Flearning.procurement.govt.nz%2Fgrade%2Freport%2Fuser%2Findex.php%3Fid%3D58&SigAlg=http%3A%2F%2Fwww.w3.org%2F2001%2F04%2Fxmldsig-more%23rsa-sha256&Signature=NGtq4VcxujKVjCUoM5jGucoko6GUBxXV5gVU%2FAWTWtbfy%2FZor%2BdMHq7o2tgpCtWr4NbZRNiOW9jwqh%2FjT%2B8hPFNoijp%2FMpH3gHhIYxAZ2Sw0Wxh0Cj39y9jPOVDzOtQszkYha7whScZDx90NlW2Kw6%2Bo86R6JM%2ByvCvcQGFX17R8dR1Z4aryCHPtHpFzOALgCkKYipZcvfLQvCT3swpgtsMCcjzSRKmOAlBJAVBuQvqGy4uDpmBa2MrqtH4ejvjo2XAO62NseWbg2oNOIBQjdKAKArBMJXv985KQdcT1%2Fb5L4RApdhVEuzRT9ejmfVgTAjS5B0j5TottWNGZM%2BDikg%3D%3D,404
https://learning.procurement.govt.nz/,https://learning.procurement.govt.nz/course/index.php?categoryid=24,https://api.business.govt.nz/b2cessmapprd.onmicrosoft.com/B2C_1A_signup_signin_saml_NZGP_LMS/samlp/sso/login?SAMLRequest=nVJNj9owEP0rke%2BJg8MGsAApC2qLxG6jhfawl2jiOGAptlOPs%2F349WtCP7aHcujJ9njemzfzZomgu54Xgz%2BbJ%2FllkOijb7ozyMePFRmc4RZQITegJXIv%2BKF42HOWpLx31lthO%2FIGchsBiNJ5ZQ2JdtsVqe4YTKFdsFnesDQHkHWb3s3ruchaAU0ucgY1LGazeUaiz9JhQK5IIApwxEHuDHowPoRSlsdpFmeTYzrlLOPTxTOJtqEbZcCPqLP3PXJKoVdJPaAyEjE52RefmB%2B0ZiI8NfS9axJrtBLOom19Iqym92xTTYoK1ckM%2FXgoU116rR6f35fV%2FuFAx2FRREs7e1Khu%2BJXoxtrcNDSHaR7UUJ%2Betr%2FkdJJcIHrlIRBisFJLY3%2FLQmCJSMvo9hfLzEITPpzfxNIovKnLffKNCHptiP1NQn5h%2BOxjMuPhyNZLy%2FV%2BDhht%2F4PsVp6aMDDReuSviVbXtftMcjYbUvbKfE9emedBv9vlZNkMkZUE7djKpcaVFc0jQuehVF3nf26cRK8XBHvBkno%2Blr1771evwI%3D&RelayState=https%3A%2F%2Flearning.procurement.govt.nz%2Fcourse%2Fview.php%3Fid%3D62&SigAlg=http%3A%2F%2Fwww.w3.org%2F2001%2F04%2Fxmldsig-more%23rsa-sha256&Signature=fYw1YIX%2FYyq1ukuh7ZswyIR5%2BOENyeCVXYvVR89ivLbYH4nVX3u4XVmbqA4%2Bn2yWcaorfWBCtuj0AFQRa7UsvY0RNdpY5%2BXJ96vrrEZvicqGkAySQlKo2gEoTgkM1O%2BvtEis%2B72PRPXZCBNUk6I8QWYiquhvQrkqxLN1EJDfh6W9tccuuuXowcHu%2FyhfoFwkw5aGlwimnWTREnUpu%2FSQ6HuGBqeXGqU7I5k4pa6NhALeziDlql%2FwkQLxwcNC8F4yzINULO%2F6gfacMY1W26FCLbUO5IDr%2F0WjvdSTeaYHaG0uu9rmdA0R4IDR0d3ZJgRowGl%2BC3p%2F7NwRJEvFiCRVBQ%3D%3D,404
https://learning.procurement.govt.nz/,https://learning.procurement.govt.nz/course/index.php?categoryid=24,https://api.business.govt.nz/b2cessmapprd.onmicrosoft.com/B2C_1A_signup_signin_saml_NZGP_LMS/samlp/sso/login?SAMLRequest=nVJNj9owEP0rke%2BJSYACFiBlQW2R2G20sD3sJXLsCViKP%2Bpxth%2B%2Fvia03e2hHCpZsj2eN%2FPePC%2BR686xsg9n8whfesCQfNOdQTY8rEjvDbMcFTLDNSALgh3K%2Bz0rshFz3gYrbEfeQG4jOCL4oKwhyW67IjXkXM7mfDFppu2kkdM5zIrZeC6gbSdTyRfzRTGWjWilJMln8BiRKxILRThiDzuDgZsQQ6PiXToap%2BP8OJqwYhzXM0m2UY0yPAyocwgOGaXcqazpURlAzE72JWTmB20KEa%2BaO%2BdlZo1Wwlu0bciE1fSu2NR5WaM6md4NmzL1RWv98Pyhqvf3BzoMiyJa2tmTiurK30I31mCvwR%2FAvygBT4%2F7VyodcB9rnbI4SNF70GDCH0o8WjLULSi66yHlAjN3djeBJKl%2B2XKnjIxJtx1prknIPh6PVVp9OhzJennpxoYJ%2B%2FV%2FkNUQuOSBX7gu6dtiy%2Bt3e4g0dtvKdkp8T95br3n4N8s8y4eIkmk7pDLQXHWllD56FkfddfbrxgMPsCLB90Do%2Btr173%2B9%2Fgk%3D&RelayState=https%3A%2F%2Flearning.procurement.govt.nz%2Fcourse%2Fview.php%3Fid%3D48&SigAlg=http%3A%2F%2Fwww.w3.org%2F2001%2F04%2Fxmldsig-more%23rsa-sha256&Signature=d40XQgYB1J4flJ4YUc4aslftXnH4%2FDZiyFR9ZZPTDxzyRt7nnGbcYmrl1eHe2AP%2BMWcW1V7SmxxyVfVjpB9j1m6814QxAurQvrhlR3dvPT6Uh1s9Bw%2F8DRcXlqkIAcPwktg7TJd%2BgNk060ZVJRgo5p0g9BX7%2BDaKL%2F5xuOhZpagYv%2BaXMxvB5rZ3Y1LF0l719%2BDigMmQhaJ4LglM7bkRdeuIO3ejwEbz%2B4Lkkh3tw1cKrnUuv%2FnmXX0f2SiC%2B5V5OHYkNG4MilZ9HKxacuuXYKtBcTsUSTcWVf%2F2r8xL3KcgXlMKtUfkoZfACNDkXOdiW2qxESVlwYxYfzLX%2F7ErlA%3D%3D,404
https://learning.procurement.govt.nz/,https://learning.procurement.govt.nz/course/index.php?categoryid=24,https://api.business.govt.nz/b2cessmapprd.onmicrosoft.com/B2C_1A_signup_signin_saml_NZGP_LMS/samlp/sso/login?SAMLRequest=nVJNj9owEP0rke%2FE5IsSC5CyoLZI7DZa2B72EhlnApbij3qc7cevrwltd3soh55sj%2Be9eTNvFshVb1k1%2BLN%2BhC8DoI%2B%2BqV4jGz%2BWZHCaGY4SmeYKkHnB9tX9jqXxlFlnvBGmJ28gtxEcEZyXRpNou1mSBkpRvJsnZZ6lRSGKIuF5KY6zrivzsoB5BnyeCsFFNyPRZ3AYkEsSiAIccYCtRs%2B1D6FpOptMs0mWHKY5SzOWz59JtAndSM39iDp7b5FRyq2MjwNKDYjxybz4WP%2Bgx1SEp%2BLWujY2WknhDJrOx8Ioepeum6RqUJ70YMdD6ubSa%2FPw%2FKFudvd7Og6LIhram5MM3VW%2FG10bjYMCtwf3IgU8Pe5epfTAXeA6xWGQYnCgQPs%2FkniwZORNKdrrZcIFxvZsbwJJVP%2By5U7qNiTdduR4TUL28XCoJ%2FWn%2FYGsFpdqbJywW%2F2HWAWet9zzi9YFfUu2uK7bQ5Cx3dSml%2BJ79N44xf2%2FVSZxMkZkO%2BnGVAaKy75qWxc8C6Pue%2FN17YB7WBLvBiB0da36916vfgI%3D&RelayState=https%3A%2F%2Flearning.procurement.govt.nz%2Fgrade%2Freport%2Fuser%2Findex.php%3Fid%3D60&SigAlg=http%3A%2F%2Fwww.w3.org%2F2001%2F04%2Fxmldsig-more%23rsa-sha256&Signature=brnbisHxtCr%2FX4X5KchhHnAxylhyt4nI8YlrqE2wDOmaVN0L%2BM6teHfMsJSY3%2FzggdechGbNLnAcKJ2nu0vJN1UtecwwHC%2BNla5gjav3x0KF0stJXYmAgT9K8m%2FtRP9LeTw9HXpCzwZfkGsq5EZ0yfDbjTzQIv0hg4dn4Ii71GoYg%2BI43vuD9%2FDJG%2B8Ez4SFkQAP9oRcPYVV7g7CQyD5s34noIShUWvh9Ojv4iOPAIEUkPnk3SzQkuFSiQiPU6Mk6FRIwzfKOynt3Z%2BnwifcX0m9tHCQN9TN%2B7F7qABUzZh1mgRCnrBVGOX4DWObExzi5UHPEM8g6JJmxeqgXXloVg%3D%3D,404
https://learning.procurement.govt.nz/,https://learning.procurement.govt.nz/course/index.php?categoryid=24,https://api.business.govt.nz/b2cessmapprd.onmicrosoft.com/B2C_1A_signup_signin_saml_NZGP_LMS/samlp/sso/login?SAMLRequest=nVLbjtowEP2VyO%2BJQwgpawFSFtQWid1GC%2B3DvkTGnoCl%2BFKPs718fU3oZftQHipZsj2eM3POHC%2BQ696xeghn8wSfB8CQfNW9QTY%2BLMngDbMcFTLDNSALgu3rhx0rspw5b4MVtievILcRHBF8UNaQZLtZkraa5SDv5KyY3VXVcSr5XLypyhLmVdXN824uSilzLrqyIMkn8BiRSxILRTjiAFuDgZsQQ3lRpfk0nU4OecmKaVzPJNlENcrwMKLOIThklHKnsuOAygBidrIvITPf6bEQ8aq5c15m1mglvEXbhUxYTe%2BLdTupW1QnM7hxU6a9aG0fn9817e5hT8dhUURLe3tSUV39S%2BjaGhw0%2BD34FyXg49PuD5UeuI%2B1TlkcpBg8aDDhNyUeLRnrFhTd9ZBygZk7u5tAkjQ%2FbblXRsak244cr0nI3h8OTdp82B%2FIanHpxsYJ%2B9V%2FkNUQuOSBX7gu6Otii%2Bt3e4w0tpvG9kp8S95ar3n4N8tJNhkjSqbdmMpAc9XXUvroWRx139svaw88wJIEPwChq2vXv%2F%2F16gc%3D&RelayState=https%3A%2F%2Flearning.procurement.govt.nz%2Fcourse%2Fview.php%3Fid%3D63&SigAlg=http%3A%2F%2Fwww.w3.org%2F2001%2F04%2Fxmldsig-more%23rsa-sha256&Signature=0Rp1xmR8o05EB0PVhidzVHcu4306JYpELdcWPHKF8MeLjEybnlKlpUSAsPG4TPppBUduMiw7HgPBG5ywuCe52zfTfBbFKLPGYw2kLBXsII1shrMTEt1GYwbSTalQGxVQ1OfT5HIXFrpNXMvTR%2Bps9B9qMakpSBhznogdPOozyThYzEq80K7HqLqxe9C1vLyJQA3wTRHENSHG7hrgIkdm57XaFLvAhBqmiYZh0uDsjqzOf1aXbD0XRDE2WD6KbeKyhXyiITih4ZzdRGG%2FIPZKX0rx736O4CXpNrnuXnAwv3TAYYuYFyGqJ5nUklemY4FU8D0%2BRV%2BXPVjdtBsNU3aopw%3D%3D,404
https://learning.procurement.govt.nz/,https://learning.procurement.govt.nz/course/index.php?categoryid=24,https://api.business.govt.nz/b2cessmapprd.onmicrosoft.com/B2C_1A_signup_signin_saml_NZGP_LMS/samlp/sso/login?SAMLRequest=nVLJbtswEP0VgXeJ1uY4hG1AsdHWgJMKsZtDLsKYom0C4lIOlS5fH1rO1kN86InkcN6bN%2FNmiqA6y6reH%2FW9%2BNkL9NFv1Wlkw8eM9E4zAyiRaVACmedsU92uWZaMmHXGG2468gFyGQGIwnlpNIlWyxlpyjLN0raYTMoS8nF6Ja7HRcHzouX5BHZlAdf7suV8fAUkehAOA3JGAlGAI%2FZipdGD9iE0ysbxKI%2FzdDsqWJazsngk0TJ0IzX4AXX03iKjFKxMdj1KLRCTg3nyif5LdxkPTwXWujYxWknuDJq9T7hR9CZbNGnVoDzo3g6H1M2p1%2Bbu8WvdrG83dBgWRTS0MwcZuqteG10Yjb0SbiPck%2BTix%2F36XUonwAWuQxIGyXsnlND%2BTRIESwbejKI9X2LgmNijvQgkUf1iy43UbUi67MjunITs23Zbx%2FX3zZbMp6dqbJiwm%2F%2BHWCU8tODhpHVKP5JNz%2Bt2F2SslrXpJP8TfTFOgf9cZZqkQ0S28X5IZUKB7Kq2dcGzMOquM78WToAXM%2BJdLwidn6v%2Bu9fzZw%3D%3D&RelayState=https%3A%2F%2Flearning.procurement.govt.nz%2Fcourse%2Fview.php%3Fid%3D64&SigAlg=http%3A%2F%2Fwww.w3.org%2F2001%2F04%2Fxmldsig-more%23rsa-sha256&Signature=eQPmkTyY0r4NLo4Box8DvwG4pUZ%2BND2a6Hm0ytwKa0lGuPRpnl2Q9Lk4vypdcse4RyPg5Yl97mjQP9ZZZ%2Frqlt5EjrzTJbZWZFHRuejpyP2Os6IxY1WLFQYtRUB2boo54QxhU%2BZx4TBBEK02qlcXP%2BB9QTAlLN6uQZ9im%2FOVEIat6GgQG2%2FQvaER51EuGgWZ2xQcRNn9LGl44WiFD27FJakht4xhF6N1SoHIEQLY8rlDTD3hem4Hw0and1EmlP0rUbLdiiFO4rlAOPws%2F3Bk%2F1FZpZEEpCn2pXdbe7AP9aZFaQ7mKAWqjbgzYzIJrBAZdXbqssNjN384exkRhl0rog%3D%3D,404
https://learning.procurement.govt.nz/,https://learning.procurement.govt.nz/course/index.php?categoryid=24,https://api.business.govt.nz/b2cessmapprd.onmicrosoft.com/B2C_1A_signup_signin_saml_NZGP_LMS/samlp/sso/login?SAMLRequest=nVLJbtswEP0VgXeJ2mzHhG1AsdHWgJMKsdtDLgJNjWwC4lIOlS5fH1rukh7qQ08kh%2FPevJk3C%2BSqt6wa%2FFk%2FwZcB0EffVK%2BRjR9LMjjNDEeJTHMFyLxg%2B%2Bphx%2FIkZdYZb4TpyRvIbQRHBOel0STabpakmbVF2ZXQTuFuNklnEyFE3k7KbNLNYZp28%2BNdMc%2BnmQBOos%2FgMCCXJBAFOOIAW42eax9CaT6N0yIuskNasrxgZf5Mok3oRmruR9TZe4uMUm5lchxQakBMTubFJ%2FoHPeYiPBW31rWJ0UoKZ9B0PhFG0ft83WRVg%2FKkBzseUjeXXpvH5%2Fd1s3vY03FYFNHQ3pxk6K761ejaaBwUuD24Fyng09Puj5QeuAtcpyQMUgwOFGj%2FWxIPloy8OUV7vcRcYGLP9iaQRPVPW%2B6lbkPSbUeO1yRkHw6HOq4%2F7g9ktbhUY%2BOE3eo%2FxCrwvOWeX7Qu6FuyxXXdHoOM7aY2vRTfo3fGKe7%2FrTJLsjEi27gbUxkoLvuqbV3wLIy6783XtQPuYUm8G4DQ1bXq33u9egU%3D&RelayState=https%3A%2F%2Flearning.procurement.govt.nz%2Fcourse%2Fview.php%3Fid%3D74&SigAlg=http%3A%2F%2Fwww.w3.org%2F2001%2F04%2Fxmldsig-more%23rsa-sha256&Signature=J9GJTo%2BdE1f5582JbEgiYEh1R6xjJROP1jYC%2FS4bMeXoOnf3EscSdJOitRdngUZFwmP5EPEPB6zaxViCuI%2FBage2esuH7AUwdIi1TyfbSWCscM36nbFbjBquyfBJbP5LDPvrCpViSN4H%2FBEU0VFRRJci8bFmHFaeUp3%2BRY%2BQW3uBlw68uDw%2FChBJgJKeAUnuVuG9Ccw450wTkoDaWXqV6v%2BDxtrN5E9UQSpcmIzztvwBKFpp2b3IpPIuC%2BBoTkFHYOJ9DdqY9mFO%2BP2ApmrDyUf4C3xp%2F8QAvtxc5LofDr5OoAprE87JWGmyQw06%2FlsYZePjyOMuqBljdslAJGHAiw%3D%3D,404
https://learning.procurement.govt.nz/,https://learning.procurement.govt.nz/course/index.php?categoryid=24,https://api.business.govt.nz/b2cessmapprd.onmicrosoft.com/B2C_1A_signup_signin_saml_NZGP_LMS/samlp/sso/login?SAMLRequest=nVLJbtswEP0VgXeJWhw5IWwDio22BpxUiN0echFGFGUTEJdyqHT5%2BtByl%2FRQH3oiOTNv5r15XCCowbJq9Cf9JL6MAn30TQ0a2ZRYktFpZgAlMg1KIPOc7auHHcuTlFlnvOFmIG8g1xGAKJyXRpNou1mSZta3%2Fc1dB%2FOinWVF2eY37W3XijIt%2B9sMeF6G5J0o5nMg0WfhMCCXJDQKcMRRbDV60D6E0ryM0yIuskM6Y3nBZvNnEm2CGqnBT6iT9xYZpWBl0o4otUBMjubFJ%2FoHbXMengqsdV1itJLcGTS9T7hR9D5fN1nVoDzq0U6H1M1Za%2FP4%2FL5udg97Oi2LIho6mKMM6qpfQtdG46iE2wv3Irn49LT7Q2UQ4EKvYxIWyUcnlND%2BNyUIlkx9c4r2comBY2JP9iqQRPVPW%2B6l7kLRdUfaSxGyD4dDHdcf9weyWpynsWnDbvUfZJXw0IGHM9cFfdtscfluj4HGdlObQfLv0TvjFPh%2Fs8ySbIrILu6nUiYUyKHqOhc8C6seBvN17QR4sSTejYLQ1WXq3%2F969Qo%3D&RelayState=https%3A%2F%2Flearning.procurement.govt.nz%2Fgrade%2Freport%2Fuser%2Findex.php%3Fid%3D65&SigAlg=http%3A%2F%2Fwww.w3.org%2F2001%2F04%2Fxmldsig-more%23rsa-sha256&Signature=vId2VNM%2FB0aoWzelYtPt56uCHDD5GEv7clOag5bYD%2BC2hNWY%2BdHHSpIabpkczlrzcn3Qh51QHMUNjYxn85Yd4386R%2B%2BdL%2FzDEQfT%2B5vXAp6WUDtncli9cOfXXbuhWmbClO4efMNCDxjAxvTDMdcf5Ex2jk9fwE%2BBXcE2JBeLlV7YV7nOChyKEvsX1kxGH7p%2F2fh9CkFpMv0nt8gprdl524DKDuTb0nqPd859Azx9ggNuVgHMEd6qa%2Byc5tAp5MvU%2ByBfU7t%2FW3HzOQFMV3dJ7aCPLJ6HltcL2BDJulitfAs23kmzav9x8GdMyKZOCGox7rfpJtigoOOBH9j36CO5pA%3D%3D,404
https://learning.procurement.govt.nz/,https://learning.procurement.govt.nz/course/index.php?categoryid=24,https://api.business.govt.nz/b2cessmapprd.onmicrosoft.com/B2C_1A_signup_signin_saml_NZGP_LMS/samlp/sso/login?SAMLRequest=nVLJbtswEP0VgXeL2uqFsA0oNtoacFIhdnrIRaCokU1AXMqh0uXrS8ttkx7qQ08kh%2FPevJk3S%2BSqt6wc%2FFk%2FwpcB0EffVK%2BRjR8rMjjNDEeJTHMFyLxgh%2FJ%2Bz7I4YdYZb4TpyRvIbQRHBOel0STabVekLtqmmebzWTFbzBYiW4huPu2SZlF0U4DuXdFA2s2KuWhyEn0GhwG5IoEowBEH2Gn0XPsQSrLpJMkneXpMCpblrEifSbQN3UjN%2FYg6e2%2BRUcqtjJsBpQbE%2BGRefKx%2F0CYT4am4ta6NjVZSOIOm87Ewit5lmzota5QnPdjxkLq%2B9Fo%2FPH%2Bo6v39gY7DooiG9uYkQ3fl70Y3RuOgwB3AvUgBT4%2F7Vyk9cBe4TnEYpBgcKND%2BjyQeLBl5M4r2eplwgbE925tAElW%2FbLmTug1Jtx1prknIPh6P1aT6dDiS9fJSjY0Tduv%2FEKvA85Z7ftG6pG%2FJltd1ewgydtvK9FJ8j94bp7j%2Ft8o0TseIbCfdmMpAcdmXbeuCZ2HUfW%2B%2BbhxwDyvi3QCErq9V%2F97r9U8%3D&RelayState=https%3A%2F%2Flearning.procurement.govt.nz%2Fcourse%2Fview.php%3Fid%3D65&SigAlg=http%3A%2F%2Fwww.w3.org%2F2001%2F04%2Fxmldsig-more%23rsa-sha256&Signature=IS2SPvalNos7VCkNZgo2QlCxPavkVKdV%2F98Cb9taOGzIlfGcYrjejAttgUtf2E94Lf1nVf4bZrfB4RlRYnlG11tfFi1VsNBiPszY%2Bj0hHwn5AYtYA5LNAVRIEVyl6IhBTOdMVYAkGGe%2FXQwVOJgUVYCq7mQR94iRQOh6VjfxvporsoCqsR84efdVPkw45mBM0uBArCLsHvUZhaGzrNRqeqdOm81uTycdrSBuhqsVEHStjWALLv0Rvayynnw1cism1r6ON5lEXBWe78f2HA%2FzxnxB4m8SNV69AMncoLX45gSAyGJeVGB7rwTvSeunGykIMQoyZyUq6DmQkoQ%2B6iK6Yw%3D%3D,404
https://learning.procurement.govt.nz/,https://learning.procurement.govt.nz/course/index.php?categoryid=24,https://api.business.govt.nz/b2cessmapprd.onmicrosoft.com/B2C_1A_signup_signin_saml_NZGP_LMS/samlp/sso/login?SAMLRequest=nVLLbtswEPwVgXc9KClGStgGFBttDTipELs55CKsqLVNQCRVLpU%2Bvr603Ed6iA89kVzuzM7u7JxA94OoRn8yj%2FhlRPLRN90bEtPHgo3OCAukSBjQSMJLsavutyJPMjE46620PXsFuY4AInReWcOizXrBmnfZDZSc81JinvEZFAXn8gbgtiuxbWe3UmLRll3XHlj0hI4CcsECUYATjbgx5MH4EMryWZwVccH3WSnyQuTlM4vWoRtlwE%2Bok%2FcDiTSFQSXtSMogUXK0Lz4xP9I2l%2BGpYRhcl1ijlXSW7MEn0ur0Ll81vGpIHc04TIcyzbnX5uH5Q91s73fpNKyUyKa9ParQXfW70ZU1NGp0O3QvSuLnx%2B1fKT2CC1zHJAxSjg41Gv9HEgRLJt48peFyiUFSMpyGq0AW1b9suVOmC0nXHWkvSSQ%2B7vd1XH%2Fa7dlyfq4mpgm75X%2BI1eihAw9nrfP0Ndn8sm4PQcZmXdteye%2FRe%2Bs0%2BLdV8oRPEdXFhylVoAbVV13ngmdh1H1vv64cgscF825Eli4vVf%2Fd6%2BVP&RelayState=https%3A%2F%2Flearning.procurement.govt.nz%2Fcourse%2Fview.php%3Fid%3D58&SigAlg=http%3A%2F%2Fwww.w3.org%2F2001%2F04%2Fxmldsig-more%23rsa-sha256&Signature=HW2cHHhKdv0ac0zkpWBXFPQYAIukdaCgKmcQ3c22XuZ%2FAzIe7p78twkC16BMHVRYwvp1kBzoCnjix8PqlaKSdpegA%2FpWgE5uD0frg2W1jzxQO0dLTfjOyCPY0qj%2Btu6%2BCuTFq7OjDLq1lADrArtH%2BNlz77KWfYvjtBMW7bfZOYMeGGHf4qnAQW52eNMtPIhUgb62i10HkPDDtcip1TefHwTwMMgDqKaZuW3KE2G7O5%2FaOrKU%2BdPA%2B6WFpSiUOUIjjZCrAbkU3AxPQn4lRWtm63J3%2Bq6TyqBGJ%2FdNOaVQ5EBeDcTKcNtO%2F46J%2B87XeQ%2FvXEy8tFYhnjHsKPcmxoGOUQ%3D%3D,404
https://learning.procurement.govt.nz/,https://learning.procurement.govt.nz/course/index.php?categoryid=24,https://api.business.govt.nz/b2cessmapprd.onmicrosoft.com/B2C_1A_signup_signin_saml_NZGP_LMS/samlp/sso/login?SAMLRequest=nVLLbtswEPwVgXeJ1iNWQNgGFBttDTipETs95CJQ5NomID7KpdLH15eW0yY91IeeSC53Zmd3doZc9441QziZR%2Fg6AIbku%2B4NsvFjTgZvmOWokBmuAVkQbNfcb1iRTZjzNlhhe%2FIOch3BEcEHZQ1J1qs5aWUtCsk7cXvbFWUlcxBSwLQub3iVC1nd1HnNp3kuygNJvoDHiJyTSBThiAOsDQZuQgxNimk6KdMy308qVpSsqp9JsordKMPDiDqF4JBRyp3KugGVAcTsaF9CZn7SrhDxqblzXmbWaCW8RXsImbCa3hXLNm9aVEczuPFQpj332j48f9y2m%2FsdHYdFES3t7VHF7prfjS6twUGD34F%2FUQKeHjdvUnrgPnIdszhIMXjQYMIfSTxaMvIWFN3lknKBmTu5q0CSbF9tuVNGxqTrjnSXJGSf9vttuv2825PF7FyNjRP2i%2F8QqyFwyQM%2Fa53R92Szy7o9RBnr1db2SvxIPlivefi3yjzLx4iS6WFMZaC56hspffQsjrrv7belBx5gToIfgNDFperfe734BQ%3D%3D&RelayState=https%3A%2F%2Flearning.procurement.govt.nz%2Fgrade%2Freport%2Fuser%2Findex.php%3Fid%3D66&SigAlg=http%3A%2F%2Fwww.w3.org%2F2001%2F04%2Fxmldsig-more%23rsa-sha256&Signature=Doc3lgO0hkHZrHF2OmJDG2hdJu4RaI2%2FXKd%2B4wTIWL9THDiZVO87s0IugQqxPYYPRp5QdezpICWU5%2BGEhN%2FJ00JhjORDofTJMJkYkaogTYXTuuwrd2ZxM%2BmpGPvS63jiyD%2F832Y3g37fv8OXPamx4gIkPieiRSnfzNYIJ5dJolJ28NZ0pMU9%2B9Y2ktGeGaqCYoXDlW5p%2BXp3zz8JFlr36Itmz8Kaso4jISsAQYpgOFrKJLqFu5Un2pF6BU6KBwtx%2B0olpY%2F0%2BRgNPkWWRWj%2FAnb%2BzlCWycBu7oo5IVXV1jZpTARb0yKj%2FedehD%2FN060PZjv8D7s9lttEI4GI8zfP4A%3D%3D,404
https://learning.procurement.govt.nz/,https://learning.procurement.govt.nz/course/index.php?categoryid=24,https://api.business.govt.nz/b2cessmapprd.onmicrosoft.com/B2C_1A_signup_signin_saml_NZGP_LMS/samlp/sso/login?SAMLRequest=nVLLbtswEPwVgXeJEiUrCWEbUGy0NeCkQuz2kIuwkmibgPgol0ofXx9a7iM91IeeSC53Zmd3do6gBsur0Z%2F0k%2FgyCvTRNzVo5NPHgoxOcwMokWtQArnv%2BK562HKWpNw6401nBvIGch0BiMJ5aTSJNusFaWYsnaVFWZQzlrdwe2C3d4e2TMtMtP0NA1akRX6TsbsyI9Fn4TAgFyQQBTjiKDYaPWgfQikr4zSP82yfFpzlPCueSbQO3UgNfkKdvLfIKQUrk3ZEqQVicjQvPtE%2FaMu68FRgresTo5XsnEFz8ElnFL1nqyarGpRHPdrpkLo599o8Pr%2Bvm%2B3Djk7DooiGDuYoQ3fVr0ZXRuOohNsJ9yI78elp%2B0fKIMAFrmMSBtmNTiih%2FW9JECyZeBlFe7nE0GFiT%2FYqkET1T1vupe5D0nVH2ksS8g%2F7fR3XH3d7spyfq%2FFpwm75H2KV8NCDh7PWOX1LNr%2Bs22OQsVnXZpDd9%2BidcQr8v1VmSTZFZB8fplQuFMih6nsXPAujHgbzdeUEeLEg3o2C0OWl6t97vXwF&RelayState=https%3A%2F%2Flearning.procurement.govt.nz%2Fgrade%2Freport%2Fuser%2Findex.php%3Fid%3D64&SigAlg=http%3A%2F%2Fwww.w3.org%2F2001%2F04%2Fxmldsig-more%23rsa-sha256&Signature=Vps4Hc0Zf5Jr2z%2BwgqigjNnym2Jvg3dYeeyePYR5gznYXU6WFn6hjjLW7p8Zu1kxyhIpjpkF1ctrBVDg4SFehCUDxoM2B8c2oHpnpGvGaUg9U11FV4ip7edwWGoBFXmZ2uRsHlrlMpGnps4qHax9aVHtg7njL%2FnGWYLUea%2FWd6GqK4ltiub9ToyiogfwPK0B9g5T2rJDyjRA2CACufZ9R8syiTQUv86k4QqhBaJMNEpNeIZdD3cfJ2cbXlfOzKTYNGmOZ7AY1dZXurKwQMpjtntp8bXoffnKXU53H%2Br4Wqf6D9EYmkKMyRzrAavfCe4CQYVHAzQDI4gWx3lCl6E7Mg%3D%3D,404
https://learning.procurement.govt.nz/,https://learning.procurement.govt.nz/course/index.php?categoryid=24,https://api.business.govt.nz/b2cessmapprd.onmicrosoft.com/B2C_1A_signup_signin_saml_NZGP_LMS/samlp/sso/login?SAMLRequest=nVLLbtswEPwVgXeJetgyTNgGFBttDTipETs95CJQ1MomID7KpdLH15eW0yY91IeeSC53Zmd3doFc9ZZVgz%2FrR%2Fg6AProu%2Bo1svFjSQanmeEokWmuAJkX7FDd71iepMw6440wPXkHuY3giOC8NJpE282S1E02KzOAmZhPsqaDWS54kTcF7%2BZd1kynXVamUM67admS6As4DMglCUQBjjjAVqPn2odQmpdxWsRFdkwnLC9YPnkm0SZ0IzX3I%2BrsvUVGKbcyaQaUGhCTk3nxif5Jm1yEp%2BLWujYxWknhDJrOJ8Ioepev66yqUZ70YMdD6vrSa%2F3w%2FHFf7%2B4PdBwWRTS0NycZuqt%2BN7o2GgcF7gDuRQp4ety9SemBu8B1SsIgxeBAgfZ%2FJPFgycibU7TXS8wFJvZsbwJJtH%2B15U7qNiTddqS5JiH7dDzu4%2F3nw5GsFpdqbJywW%2F2HWAWet9zzi9YFfU%2B2uK7bQ5Cx3exNL8WP6INxivt%2Fq8ySbIzINu7GVAaKy75qWxc8C6Pue%2FNt7YB7WBLvBiB0da36916vfgE%3D&RelayState=https%3A%2F%2Flearning.procurement.govt.nz%2Fgrade%2Freport%2Fuser%2Findex.php%3Fid%3D48&SigAlg=http%3A%2F%2Fwww.w3.org%2F2001%2F04%2Fxmldsig-more%23rsa-sha256&Signature=iG3q90Xz8eydYSKT3jm0SwiL49z6CpMyzNaY1DOr%2BDWB%2F5GC61ptTFvFKQkMEOvar590lNWF53y4s7%2BYQhTnnDuG6znLau0Q8%2BVLQR1%2B9bpUYULRElSwW2qTIbL%2BB0jJxV8j7uQpDgX26GMjXHBjwXvZgesdubJy35OY2xaOENyp8zE4HwuNbNA21qFPdfczdlZNZbsx91Ld8%2BwDR%2BPwa3%2BCMif0GRqqIZOM%2F7nbXihAcgeL6YIVw95ZxRZLKGHYh2nJszBeDY9w7gkrlivKVorGCufyAGKbMQ1z%2FM1%2FGJHp7Zs8eTmp4pPQ4OVMEMjC9QAryjQB4aIe0sRfexym7Q%3D%3D,404
https://learning.procurement.govt.nz/,https://learning.procurement.govt.nz/course/index.php?categoryid=24,https://api.business.govt.nz/b2cessmapprd.onmicrosoft.com/B2C_1A_signup_signin_saml_NZGP_LMS/samlp/sso/login?SAMLRequest=nVLLbtswEPwVgXeJEuU6MWEbUGy0NeCkQuz0kIuwomibgPgol0ofX19abpv0UB96IrncmZ3d2TmC7h2vhnAyj%2FLLIDEk33RvkI8fCzJ4wy2gQm5AS%2BRB8F11v%2BUsy7nzNlhhe%2FIGch0BiNIHZQ1JNusFaW6nbctY2U5YcTNrb6GdvCuBibzMy9kMBIhDPr2RsiwYST5LjxG5IJEowhEHuTEYwIQYytk0zcu0LPb5hLOST4pnkqxjN8pAGFGnEBxySsGprB1QGYmYHe1LyMwP2jIRnxqc811mjVbCW7SHkAmr6R1bNUXVoDqawY2HMs251%2Bbh%2BUPdbO93dBwWRbS0t0cVu6t%2BN7qyBgct%2FU76FyXk0%2BP2VUovwUeuYxYHKQYvtTThjySIloy8jKK7XFIQmLmTuwokSf3Lljtluph03ZH2koT8435fp%2FWn3Z4s5%2BdqfJywX%2F6HWC0DdBDgrHVO35LNL%2Bv2EGVs1rXtlfievLdeQ%2Fi3yiIrxojq0sOYyqUG1Vdd56NncdR9b7%2BuvIQgFyT4QRK6vFT9e6%2BXPwE%3D&RelayState=https%3A%2F%2Flearning.procurement.govt.nz%2Fgrade%2Freport%2Fuser%2Findex.php%3Fid%3D63&SigAlg=http%3A%2F%2Fwww.w3.org%2F2001%2F04%2Fxmldsig-more%23rsa-sha256&Signature=OP%2F9nnIcGcgnqGG5dLQuJ7u3g%2BuJ1fyalIkZeiThZaCxNzkkS3xuy3Ju%2BTMynJLDeaqy4hO%2F07go6kltGdrFlHXFz5mA7KWeB2X0%2FS1FbR9tBaJZZYIEirNOvJNVPuI0jhXX44cqahHGT%2BoN3%2FX%2FY%2BJpgzlg%2B0vPLX2nyLUpEvRXcAJY6EMOFtwO7iSBJMKW680jXnWgtBtrWXvATt%2B%2FVwwgYf2EIgiKx5%2BVlFU6Wlw0yW5pZIeluS4YKYDLTqIoOZGHL71HTTI%2BzOvpho3agwOyDYyRAw4gRf%2BqSnWEl19oGnKM21me%2BwfSM977u8wdI65A2Jy%2BclgJp76RW3JUuw%3D%3D,404
https://learning.procurement.govt.nz/,https://learning.procurement.govt.nz/course/index.php?categoryid=24,https://api.business.govt.nz/b2cessmapprd.onmicrosoft.com/B2C_1A_signup_signin_saml_NZGP_LMS/samlp/sso/login?SAMLRequest=nVLLbtswEPwVgXeLekV2CNuAYqOtAScVYreHXASKWtsExEe5VPr4%2BtBym6SH%2BtATyeXO7OzOzpGr3rJq8Cf9CN8GQB%2F9UL1GNn4syOA0MxwlMs0VIPOC7ar7LcvihFlnvBGmJ%2B8g1xEcEZyXRpNos16Qhk%2BTWXmbi%2BImLbuET8sZFKKd3WZpcsiTaVrmIAqAthAk%2BgoOA3JBAlGAIw6w0ei59iGUZOUkySd5uk8KluXsZvZEonXoRmruR9TJe4uMUm5l3A4oNSDGR%2FPsY%2F2LtpkIT8WtdV1stJLCGTQHHwuj6F22atKqQXnUgx0PqZtzr83D08e62d7v6Dgsimhob44ydFf9aXRlNA4K3A7csxTw5XH7JqUH7gLXMQ6DFIMDBdq%2FSuLBkpE3o2gvlwkXGNuTvQokUf3bljupu5B03ZH2koTs035fT%2BrPuz1Zzs%2FV2Dhht%2FwPsQo877jnZ61z%2Bp5sflm3hyBjs65NL8XP6INxivt%2Fq0zjdIzIbnIYUxkoLvuq61zwLIy67833lQPuYUG8G4DQ5aXq33u9fAE%3D&RelayState=https%3A%2F%2Flearning.procurement.govt.nz%2Fgrade%2Freport%2Fuser%2Findex.php%3Fid%3D62&SigAlg=http%3A%2F%2Fwww.w3.org%2F2001%2F04%2Fxmldsig-more%23rsa-sha256&Signature=QXsDHbBtyxR1JdGzCA1mWYv2gzW41P4dGFuLW71mU98x4t7j%2FY9YDCqH99kvpTRdvvXLUPzl6DrTZ1KTanESe8quueUBdZcA7xfhs055L5YF%2BlwNdQ1C4a60F8NbmG91ZwSqflYgpCckTAGXhh9nWrVToO%2BHNKy0QquAxrV92uUg0MvR6l924wTcTMsARNSMs9%2FVEFP9a2CwBBKJDA9Y0uJTJJUTruSakGcWjCz%2FgdyIKIbzoz3NgAWgdb8feI4b6QZLL90XgTU1eypigzr5VlCDrKyXEXrdUtMQ4ySR9YG%2FOEW9vVXzIz6bqbF%2F04gRvkmXk4%2FHvUxjU0kMgKxcVw%3D%3D,404
https://learning.procurement.govt.nz/,https://learning.procurement.govt.nz/course/index.php?categoryid=24,https://api.business.govt.nz/b2cessmapprd.onmicrosoft.com/B2C_1A_signup_signin_saml_NZGP_LMS/samlp/sso/login?SAMLRequest=nVLLbtswEPwVgXeLkuwmKmEbUGy0NeCkQuz2kIuwotY2AfFRLpU%2Bvj603Ed6qA89kVzuzM7u7JxA905UQziZR%2FwyIIXkm%2B4NifFjwQZvhAVSJAxoJBGk2FX3W1GkmXDeBittz15BriOACH1Q1rBks16wpntblEX75gYBunaGLeSzUnaY3balnOaZzG9ljll2KHOWfEZPEblgkSjCiQbcGApgQgxlxc0km06m%2BT6biWIqZuUTS9axG2UgjKhTCI4E5%2BBU2g6kDBKlR%2FscUvODt4WMTw3O%2BS61RivpLdlDSKXV%2FK5YNXnVkDqawY2HMs251%2Bbh6X3dbO93fBwWJ7K8t0cVu6t%2BNbqyhgaNfof%2BWUn89Lj9I6VH8JHrmMZBysGjRhN%2BS4JoychbcHKXywQkpe7krgJZUv%2B05U6ZLiZdd6S9JJH4sN%2FXk%2Frjbs%2BW83M1MU7YL%2F9DrMYAHQQ4a53z12Tzy7o9RBmbdW17Jb8n76zXEP6tMk%2FzMaK6yWFMFahB9VXX%2BehZHHXf268rjxBwwYIfkPHlperfe718AQ%3D%3D&RelayState=https%3A%2F%2Flearning.procurement.govt.nz%2Fgrade%2Freport%2Fuser%2Findex.php%3Fid%3D74&SigAlg=http%3A%2F%2Fwww.w3.org%2F2001%2F04%2Fxmldsig-more%23rsa-sha256&Signature=g2K0B1LHpXcqXY%2Bgu6CHZ3phtQm3bpqDRbe8QUaxkRWWNyK65oe9Oa582s%2FjrgUZPyGoyZJDNvoISvNH%2BJ%2B5Owwod6NlMCB6TAwl4QHlsleVIBc%2BdAelPv6SUIID7%2Bz96CmwFhqtzPALj5pIYqKgb18AAg1rrQQbyuKdRLAQh9UHVBou%2Bm8q4P0c0qfa3cMVUJd%2BxB8g7HSJG9KalXA1PK8QBDIRRhmCkdlDnTAR3MBBJMyQO5D%2BvNz31Glk%2Bh7h3dVHlPyWwXzrOURhpYWv4mQ0yTJo8y2qVO3rERBCkYasNfRZW7a5QiMMf%2B8Xijkeu7Q7pt8ydWmOHFpl9yXPTw%3D%3D,404
https://learning.procurement.govt.nz/,https://learning.procurement.govt.nz/course/index.php?categoryid=24,https://api.business.govt.nz/b2cessmapprd.onmicrosoft.com/B2C_1A_signup_signin_saml_NZGP_LMS/samlp/sso/login?SAMLRequest=nVLLbtswEPwVgXfrZTmJCNuAYqOtAScVYreHXIQVtbEJiI9yqfTx9aHlNkkP9aEnksud2dmdnROo3vJq8Ef9gN8GJB%2F9UL0mPn4s2OA0N0CSuAaFxL3gu%2Bpuy%2FM45dYZb4Tp2TvIZQQQofPSaBZt1gvWiAIxLVBcF%2B3NDIqrrE07yMryBrCEsphed20%2BK%2FNZlrHoKzoKyAULRAFONOBGkwftQyjNrybpdDLN9mnB8ylPs0cWrUM3UoMfUUfvLfEkASvjdiCpkSg%2BmGcf619Jm4vwVGCt62KjlRTOkHnysTAquc1XTVY1JA96sOMhdXPqtbl%2F%2FFg327tdMg4rITJJbw4ydFf9aXRlNA0K3Q7dsxT45WH7JqVHcIHrEIdBisGhQu1fJUGwZOTNE7LnywQExfZoLwJZVP%2B25VbqLiRddqQ9JxH%2FtN%2FXk%2Frzbs%2BW81M1Pk7YLf9DrEIPHXg4aZ0n78nm53W7DzI269r0UvyMPhinwP9bZRZnY0R2k6cxlaMC2Vdd54JnYdR9b76vHILHBfNuQJYsz1X%2F3uvlCw%3D%3D&RelayState=https%3A%2F%2Flearning.procurement.govt.nz%2Fgrade%2Freport%2Fuser%2Findex.php%3Fid%3D57&SigAlg=http%3A%2F%2Fwww.w3.org%2F2001%2F04%2Fxmldsig-more%23rsa-sha256&Signature=fNyK8lo198zfOyFS8SU3SQpEVy4wb4jqMrkPyklQHKXrKfFzwcyH8GCJEwSK80FUuaJH%2BopMn%2Fgoo%2FoLrA5XCmGz9eTYc%2B1FhVxxXbud0hqYMEIEOy6EJXBTYkbdf5BhNYVuNgiiCqMjnWMVWhP38caB2L%2FvmnklPCLYx%2F9vKjcsI0G3ZLmonXEPlJUuSTvKK8YnYWqbVGchblmllMjc%2FjHTULHEF2cuBP3htK6XJiDCO0cHOjmBiN0D60KCzLG8iVSCkRqRW%2FjcrNPmDaQftGfELH%2FKV4CZBjkm2NEN8tY8CRkyxKGcHice4mZjZI1Ha%2FoejLflWjZHvmKYtBJZsQ%3D%3D,404
https://learning.procurement.govt.nz/,https://learning.procurement.govt.nz/course/info.php?id=108,https://api.business.govt.nz/b2cessmapprd.onmicrosoft.com/B2C_1A_signup_signin_saml_NZGP_LMS/samlp/sso/login?SAMLRequest=nVLLbtswEPwVgXeJEi0rNmEbUGy0NeCkQuz2kItASRubgPgol0ofXx9abpP0UB96IrncmZ3d2QUK1VteDv6kH%2BDbAOijH6rXyMePJRmc5kagRK6FAuS%2B5fvybsdZknLrjDet6ck7yHWEQATnpdEk2m6WpM6gmLJ5UzTFDSsm0%2FwmT9s0y7MG5s18lnXNLG%2Bms45NcxJ9BYcBuSSBKMARB9hq9EL7EEpZEaeTeJId0pwzxiezRxJtQjdSCz%2BiTt5b5JQKK5NmQKkBMTmaZ5%2FoX7RhbXgqYa3rEqOVbJ1B8%2BST1ih6y9Z1VtYoj3qw4yF1fe61vn%2F8WNW7uz0dh0URDe3NUYbuyj%2BNro3GQYHbg3uWLXx52L1J6UG4wHVMwiDbwYEC7V8liWDJyMso2sslFi0m9mSvAklU%2FbblVuouJF13pLkkIf90OFRx9Xl%2FIKvFuRofJ%2BxW%2FyFWgRed8OKsdUHfky0u63YfZGw3lell%2BzP6YJwS%2Ft8qsyQbI7KLn8ZUDkrIvuw6FzwLo%2B57833tQHhYEu8GIHR1qfr3Xq9eAA%3D%3D&RelayState=https%3A%2F%2Flearning.procurement.govt.nz%2Fcourse%2Fview.php%3Fid%3D108&SigAlg=http%3A%2F%2Fwww.w3.org%2F2001%2F04%2Fxmldsig-more%23rsa-sha256&Signature=tywCx3HYX7KAT0dx2slrsK11Uw6OZeF37V2MNbnwjKNVO43hAHGNi6cevUpxs6dSm%2BJ4upRfdWLwbsQGUpNlF0BKylOig9svfu2%2FaYGGT%2FEOYTyjEG48g6TLWz0Xeh33pTdajNI3udRYbgfSzR%2Bg9oI5902n79OQOIP1i%2BVIReMtKX3EajyCQaze%2B2mnhZXzi3zfBqMJryN7yKGdKnaF7wAGQe1%2FcBTKUKruKax%2B3JD360fHM%2BbHILzc1zO9zPlkTZMT2716ql%2BwUaJiPc1%2BuylMlVxQfcoupOSOwHsWC5Q8m%2B5lPcWrDqvA%2BoGhOASLa7o3W4BQdeN2hyYYT3EWHQ%3D%3D,404
https://learning.procurement.govt.nz/,https://learning.procurement.govt.nz/course/info.php?id=108,https://api.business.govt.nz/b2cessmapprd.onmicrosoft.com/B2C_1A_signup_signin_saml_NZGP_LMS/samlp/sso/login?SAMLRequest=nVLLbtswEPwVgXeJEmXZEWEbUGy0NeCkQuz2kItAUbRNQHyESyVtvz60nLTpoT70RHJ3Z3dmh3Ngqre0GvxJP4inQYCPfqheAx0TCzQ4TQ0DCVQzJYB6TnfV3ZaSJKXWGW%2B46dEHyHUEAxDOS6NRtFkvUJMXbXsjynxWzrJJXuaHCb%2BZtkVByml5YEWWkrILiYITFH0XDgJygUKjAAcYxEaDZ9qHUEqmcZrHebZPJ5QQms8eUbQOaqRmfkSdvLdAMWZWJu0AUguA5GiefaJ%2F4Zbw8FTMWtclRivJnQFz8Ak3Ct%2BSVZNVDcijHux4SN2ctTb3j5%2FrZnu3w%2BOyMIDBvTnKoK56F7oyGgYl3E64Z8nFt4ftHyq9YC70OiZhkXxwQgntf1NiwZKxL8FgL5eYcUjsyV4Foqh%2Bs%2BVW6i4UXXekvRQB%2FbLf13H9dbdHy%2Fl5Gh037Jb%2FQVYJzzrm2ZnrHH9sNr98t%2FtAY7OuTS%2F5z%2BiTcYr5f7PMkmyMyC4%2BjKVUKCb7qutc8Cysuu%2FNy8oJ5sUCeTcIhJeXqX%2F%2F6%2BUr&RelayState=https%3A%2F%2Flearning.procurement.govt.nz%2Fgrade%2Freport%2Fuser%2Findex.php%3Fid%3D108&SigAlg=http%3A%2F%2Fwww.w3.org%2F2001%2F04%2Fxmldsig-more%23rsa-sha256&Signature=NkhPTemsIHOymiSgBWYegPnbRiyDrv7KHDfkR3JSYGAfNOPBSZ4QHEyaiij6q4q7dgMgahSqL4Zk3wYsuGmnivPr%2BFNyhChZDrNhW2EBAP%2FdvraLVVsymW4wylxhfOuDb0R%2FAlUFrL4c2ghfBo8xQcISjrBCchIoig3acGDp2yulJknHY8HCmokxCzmyd4B5mpD5wSep0wvje%2BVUq2oIf%2FIR5%2FQu6ewja4dZagEVw4eK1V3ED%2F0l5epPXiDgVkRuLoBMbOCITDHKZ5okBJm8UAx%2BbG9U0J3JgZyYCN9XZGBIu4D9irnmzp4KTPVQB5WuU%2BZDOtu1%2BOau2YfY2miqLA%3D%3D,404
https://learning.procurement.govt.nz/,https://learning.procurement.govt.nz/course/info.php?id=109,https://api.business.govt.nz/b2cessmapprd.onmicrosoft.com/B2C_1A_signup_signin_saml_NZGP_LMS/samlp/sso/login?SAMLRequest=nVJNb9swDP0rhu62bMX2MiEJ4CbYFiDtjCbdoRdDltlEgCV5otx9%2FPoqztZ1h%2BWwkySK7%2FGRjwsUuh94NfqTuYevI6CPvuveIJ8%2BlmR0hluBCrkRGpB7yffV7Y6zJOWDs95K25M3kOsIgQjOK2tItN0sSSNTyGWWF6zI50WWpnI2f%2Fe%2BnLVdIcqilFmXFaWANmeMRF%2FAYUAuSSAKcMQRtga9MD6EUlbG6SyeZYc054xxNn8k0SZ0o4zwE%2Brk%2FYCcUjGopB1RGUBMjvbZJ%2BYnbZkMTy2GwXWJNVpJZ9E%2B%2BURaTW%2FYusmqBtXRjMN0KNOce23uHj%2FWze52T6dhUURLe3tUobvqd6Nra3DU4PbgnpWEh%2FvdHyk9CBe4jkkYpBwdaDD%2BVZIIlky8jOJwucRCYjKchqtAEtW%2FbLlRpgtJ1x1pL0nIPx0OdVx%2F3h%2FIanGuxqcJu9V%2FiNXgRSe8OGtd0Ldki8u63QUZ201teyV%2FRB%2Bs08L%2FW2WWZFNEdfHTlMpBC9VXXeeCZ2HUfW%2B%2FrR0ID0vi3QiEri5V%2F97r1Qs%3D&RelayState=https%3A%2F%2Flearning.procurement.govt.nz%2Fgrade%2Freport%2Fuser%2Findex.php%3Fid%3D109&SigAlg=http%3A%2F%2Fwww.w3.org%2F2001%2F04%2Fxmldsig-more%23rsa-sha256&Signature=qOAGx04Qru%2B7LBbOuXxD5PepgPYV63EsqTOvELEJugM%2FgT3P1UEkVjqd5f82sRZU4YhsXRe2v%2FmltVrb98oxB9e%2BDvOy6Kc%2BlNGFUz1Hv6R%2F1OoIm13fVQjNCu1lYnC2%2BU53Xh0XjRLK22oLS58hciYnLP4Y6J4P12%2BqX7payWDbh2GQEHbg%2FZrFoofXQmc8gWSU6J8qnKrzek1g2btoorwirEQWAhmMkmwRQNXFeUt67%2BsxuGd8PSm7rQQM7M0Bmf3wlAlm6615AyPHWPbG2sDyxzzJtWQN44i18sFus9nnIoHNKkLL8ETBt37JT%2BxztTpUXTOwGVB5bgcbt4YfQg%3D%3D,404
https://learning.procurement.govt.nz/,https://learning.procurement.govt.nz/course/info.php?id=109,https://api.business.govt.nz/b2cessmapprd.onmicrosoft.com/B2C_1A_signup_signin_saml_NZGP_LMS/samlp/sso/login?SAMLRequest=nVLLbtswEPwVgXeJEqPYDmEbUGy0NeCkQuz2kItAUWubgPgol0ofXx9a7iM91IeeSC53Zmd3do5C945XQziZJ%2FgyAIbkm%2B4N8vFjQQZvuBWokBuhAXmQfFc9bDnLcu68DVbanryBXEcIRPBBWUOSzXpBmnZasjafCcbaCZRienc7u50UkE%2FEnTwwkKwsWpiWwIAkn8FjRC5IJIpwxAE2BoMwIYZyNknzm%2FSm2OclZ4yz2TNJ1rEbZUQYUacQHHJKhVNZO6AygJgd7UvIzA%2FaMhmfWjjnu8waraS3aA8hk1bTe7ZqiqpBdTSDGw9lmnOvzePz%2B7rZPuzoOCyKaGlvjyp2V%2F1qdGUNDhr8DvyLkvDpaftHSg%2FCR65jFgcpBw8aTPgtSURLRl5G0V0uqZCYuZO7CiRJ%2FdOWe2W6mHTdkfaShPzDfl%2Bn9cfdnizn52p8nLBf%2FodYDUF0Ioiz1jl9Sza%2FrNtjlLFZ17ZX8nvyznotwr9VFlkxRlSXHsZUDlqovuo6Hz2Lo%2B57%2B3XlQQRYkOAHIHR5qfr3Xi9fAQ%3D%3D&RelayState=https%3A%2F%2Flearning.procurement.govt.nz%2Fcourse%2Fview.php%3Fid%3D109&SigAlg=http%3A%2F%2Fwww.w3.org%2F2001%2F04%2Fxmldsig-more%23rsa-sha256&Signature=Y9TrPYW8dF3dCMpfO9xuZA2wFKv1IyF4ROFX2lvafp8MAQmtykk%2BVUogyfxvx3vanEOFnd8aJRIOcMkmKk5MAuuDZibHK%2B%2F%2B8zvt%2FINo1JO2xgnvmzkVyDj2dXPWQZHgLPsYlJtgcFg1XzhK7UnnaTds8X0frxTnoElsZfgp7hu2RH60qdHmvl90Tu66dHua8uHjMOr3GEikymkW1%2FFcR7MgL8fQUbfbh%2FrH7Ul7THI3QcYkacSrvrYb4LPyAcyzMnzqAPs2y8aFpjoE31KqKpVwE56wiIt9yUbOmESaodRS0SMhHHRJKuO3mJRJ3%2FeFfO2a%2FpIvGbV3bEb%2FOJ9D0w%3D%3D,404
https://learning.procurement.govt.nz/,https://learning.procurement.govt.nz/course/info.php?id=143,https://api.business.govt.nz/b2cessmapprd.onmicrosoft.com/B2C_1A_signup_signin_saml_NZGP_LMS/samlp/sso/login?SAMLRequest=nVJNj9owEP0rke%2BJSQhssQApC2qLxG6jhfawl2hiO2Ap%2FqjH2X78%2BprQj%2B2hHHqyPZ735s28WSLo3rFqCGfzJD8PEkPyVfcG2fixIoM3zAIqZAa0RBY4O1QPe1ZkE%2Ba8DZbbnryC3EYAovRBWUOS3XZFmvLuDZ917Qzact6VCxAdL%2BZ5OxVdOSnLOzGTAhZtx%2BcFST5JjxG5IpEowhEHuTMYwIQYmhTzdDJNp%2FlxUrIiZ%2BXimSTb2I0yEEbUOQSHjFJwKmsHVEYiZif7EjLznbYFj08NznmRWaMV9xZtFzJuNb0vNk1eNahOZnDjoUxz6bV5fH5XN%2FuHAx2HRREt7e1Jxe6qX41urMFBS3%2BQ%2FkVx%2BfFp%2F0dKL8FHrlMWB8kHL7U04bckiJaMvAVFd72kwDFzZ3cTSJL6py33yoiYdNuR9pqE7P3xWKf1h8ORrJeXamycsF%2F%2Fh1gtAwgIcNG6pK%2FJltd1e4wydtva9op%2FS95aryH8W2We5WNEibQbU5nUoPpKCB89i6Pue%2Ftl4yUEuSLBD5LQ9bXq33u9%2FgE%3D&RelayState=https%3A%2F%2Flearning.procurement.govt.nz%2Fgrade%2Freport%2Fuser%2Findex.php%3Fid%3D143&SigAlg=http%3A%2F%2Fwww.w3.org%2F2001%2F04%2Fxmldsig-more%23rsa-sha256&Signature=x4OucVTaHw%2FqiLIeZdAx6F8v8kd9gw%2BlNxHiXDGMOHpaj9x%2BxMvsh9zk99pQlpNjKACo8OC1Hc0TthIXjsVNuk4B8S40t2ucG13Z2eKgbYNhOWWZdVOUertf2vTSoqtCkH%2F0qpytcmhDvPX8nbtzHZ52yWVGdioRqVGzpLVWkuhMl8YSojNc9LbuA5rjs4Wl6Idmz2hGlGZaKAUrMYN3ZeR%2BPLPHBBVXp9zg%2B9%2BbK2B5UAeXld566623q04PEysMCAaEveiEqD5tzT6SMV33EQsxG2od2TskLSX%2BnyBVud5prDOha1UBqjqDn0sGKbDUtDzR4xQ88%2BlL2XVZUMeNFA%3D%3D,404
https://learning.procurement.govt.nz/,https://learning.procurement.govt.nz/course/info.php?id=143,https://api.business.govt.nz/b2cessmapprd.onmicrosoft.com/B2C_1A_signup_signin_saml_NZGP_LMS/samlp/sso/login?SAMLRequest=nVLJjtswDP0VQ3db3toaQhLAk6BtgMw0mKQ9zMWgbToRYC0V5eny9VWcLtNDc%2BhJEsX3%2BMjHBYEaragnf9aP%2BHlC8tFXNWoS88eSTU4LAyRJaFBIwnfiUN%2FvRJ6kwjrjTWdG9gJyGwFE6Lw0mkXbzZI1VdGXZQlpVQ7YVnmLb3Co%2BhKHcsjKIR2KHgpoizyvWPQJHQXkkgWiACeacKvJg%2FYhlOav47SIi%2ByYliLPRPnqiUWb0I3U4GfU2XtLgnOwMmknkhqJkpN59on%2Bztu8C08F1ro%2BMVrJzhkyg086o%2Fhdvm6yuiF50pOdD6mbS6%2FNw9O7fbO7P%2FB5WJzI8NGcZOiu%2FtXo2miaFLoDumfZ4cfH3R8pI4ILXKckDLKbHCrU%2FrckCJbMvDkne73E0FFiz%2FYmkEX7n7bcSd2HpNuOtNckEu%2BPx328%2F3A4stXiUk3ME3ar%2FxCr0EMPHi5aF%2Fwl2eK6bg9BxnazN6PsvkVvjVPg%2F60yS7I5Ivt4mFMFKpBj3fcueBZGPY7my9oheFwy7yZkfHWt%2Bvder34A&RelayState=https%3A%2F%2Flearning.procurement.govt.nz%2Fcourse%2Fview.php%3Fid%3D143&SigAlg=http%3A%2F%2Fwww.w3.org%2F2001%2F04%2Fxmldsig-more%23rsa-sha256&Signature=Nzg3DHOrc97dGC%2BhnVLOjJ%2BCqeneuZ3va%2B7v%2FWs%2BYerUUuIAiSJwfA1PXTi1FXK%2FizC%2BmGexWBNgTC09Wwwni12FhPla4M7BTX2tqolmClcYvnkXSnanNVyIVzeFPXmmh%2BINqaRb8wVskEkHp93lJYCuRacr6vZpadizsCl7wFDNm0y4AAhEmEM4jwiyk378WYN0sgx5hHDXxpujw5dIJPDOutjmZWw36G2XQv22dqslXE75Ap4rTkiGGRsFW586I1bBOLBN8ilfgyJP3ugRjdMKv6aKna3Nw%2BsNavLhd0fpenov2IwATKrBHCfp6Y79EjX7IsbBOm4f2dV4HnHEAA%3D%3D,404
https://learning.procurement.govt.nz/,https://learning.procurement.govt.nz/course/info.php?id=144,https://api.business.govt.nz/b2cessmapprd.onmicrosoft.com/B2C_1A_signup_signin_saml_NZGP_LMS/samlp/sso/login?SAMLRequest=nVJNb9swDP0rhu7%2BTupVSAK4CbYFSDujSXfoxaBlOhFgSZ4odx%2B%2Ffoqzrd1hOewkieJ7fOTjgkD1Ay9Hd9KP%2BGVEcsE31Wvi08eSjVZzAySJa1BI3Am%2BL%2B93PIsSPljjjDA9ewO5jgAitE4azYLtZsnqDrokbyEvWtHN5zibNXmBeXKLBeRwI5LiHczFbVdkDQs%2BoyWPXDJP5OFEI241OdDOh5LsJkzyME8PyYxnGU%2FzZxZsfDdSg5tQJ%2BcG4nEMg4yakaRGouhoXlykf8RNJvxTwTDYNjJaSWENmc5Fwqj4LlvXaVmTPOpxmA6p63Ov9cPzh6re3e%2FjaVgxkYl7c5S%2Bu%2FJ3o2ujaVRo92hfpMCnx92rlB7Beq5j5AcpRosKtfsjCbwlE28W03C5hCAoGk7DVSALql%2B23End%2BqTrjjSXJOIfD4cqrD7tD2y1OFfj04Tt6j%2FEKnTQgoOz1kX8lmxxWbcHL2O7qUwvxffgvbEK3L9VplE6RWQbdlMqRwWyL9vWes%2F8qPvefF1bBIdL5uyILF5dqv6916uf&RelayState=https%3A%2F%2Flearning.procurement.govt.nz%2Fgrade%2Freport%2Fuser%2Findex.php%3Fid%3D144&SigAlg=http%3A%2F%2Fwww.w3.org%2F2001%2F04%2Fxmldsig-more%23rsa-sha256&Signature=mOoVVN8wgChu5u%2BH8C3ahNDcXg8Iu5pjqXALkLqRvoQ9fGJmUdvOw6qnlRUiA5wIR1GGEgvS5mRlQ2IdaABdGpLU1L9g2ReuThxTYUwspbp5n0RPkJkfTWVONg4Ug276%2BTbEHPl4v1SGQhvFWQKgmyOa%2F722qJn1%2FHUlXNGcC%2FaSXiow58o6KR25yFjmnbs1DdehBZZzDi72s%2BLbhAiM3joFhVkwtTn9bgyif1zcs9X2Jjp8kLN%2FRrb8d%2FZ4k4rafi6hqt0z%2B1TmkGeM51lj9Y8gWpROtFgwCyPPBCy94eMBW8dIKhl3B0vcrrUE6UievrncarpS8vfMGb7uDsaoGg%3D%3D,404
https://learning.procurement.govt.nz/,https://learning.procurement.govt.nz/course/info.php?id=144,https://api.business.govt.nz/b2cessmapprd.onmicrosoft.com/B2C_1A_signup_signin_saml_NZGP_LMS/samlp/sso/login?SAMLRequest=nVJNj9owEP0rke%2FEiQN0sQApC2qLxG6jhfawl8hxJmAp%2FqjH2X78%2BprQj%2B2hHHqyPZ735s28WaLQvePlEM7mCT4PgCH5qnuDfPxYkcEbbgUq5EZoQB4kP5QPe87SjDtvg5W2J68gtxECEXxQ1pBkt12Repbn2bSZyWIOWS7fLDrWyWx%2B17B5nt%2BJ6azICraARVt0JPkEHiNyRSJRhCMOsDMYhAkxlLH5JCsmRX7MppwxXmTPJNnGbpQRYUSdQ3DIKRVOpc2AygBierIvITXfacNkfGrhnG9Ta7SS3qLtQiqtpvdsU%2BdljepkBjceytSXXuvH53dVvX840HFYFNHS3p5U7K781ejGGhw0%2BAP4FyXh49P%2Bj5QehI9cpzQOUg4eNJjwW5KIloy8jKK7XiZCYurO7iaQJNVPW%2B6VaWPSbUeaaxLy98djNak%2BHI5kvbxU4%2BOE%2Ffo%2FxGoIohVBXLQu6Wuy5XXdHqOM3bayvZLfkrfWaxH%2BrTJP8zGi2kk3pnLQQvVl2%2FroWRx139svGw8iwIoEPwCh62vVv%2Fd6%2FQM%3D&RelayState=https%3A%2F%2Flearning.procurement.govt.nz%2Fcourse%2Fview.php%3Fid%3D144&SigAlg=http%3A%2F%2Fwww.w3.org%2F2001%2F04%2Fxmldsig-more%23rsa-sha256&Signature=tuPPyP%2BVfJASGtmzSZHu%2FmFm0IIJ5yhDQm2y6jwxK2wLbDRcwr01TTxDFZlvBGUwvi2MgwqlEjy15HXzoXc8%2FzvO%2BfG5I%2BUH00K9fVOiKNKVAZ022UeZxQOyCm6rCRgEk2vw1jAW9eU7z2c1eElD4XajBSSokeCa%2FqOSAPblLjRjCFKvsrGy6d4cnf%2BdS7S5Q4cWWLCGf5LoLFupeK%2F4ZTG0oFo92Zg99x4zjntyawQO8M6f974%2BUDP%2FPKBSusnNYWT%2FqTfShuj4yzDjAsDuzHS1Pz8hAh3VDYk4P3BfH8NwF8URz1SxMcIlpns6zSuVO6FZ%2BkntXNyQ8jqRAE1vhQ%3D%3D,404
https://learning.procurement.govt.nz/,https://learning.procurement.govt.nz/course/info.php?id=145,https://api.business.govt.nz/b2cessmapprd.onmicrosoft.com/B2C_1A_signup_signin_saml_NZGP_LMS/samlp/sso/login?SAMLRequest=nVLLbtswEPwVgXc9LSsCYRtQbLQ14KRC7PaQi7AiaZuA%2BCiXSh9fX1pO2%2FRQH3oiudyZnd3ZBYIaLG1Gf9ZP4sso0Eff1KCRTh9LMjpNDaBEqkEJpJ7RffOwo0WSUeuMN8wM5A3kNgIQhfPSaBJtN0vS8Yrf1X12x2BW5hWv5gAgyrLq2YxXTFR1zXuoj%2FM5I9Fn4TAglyQQBTjiKLYaPWgfQllRxdksnuWHrKRFTsv6mUSb0I3U4CfU2XuLNE3ByqQfUWqBmJzMi0%2F0j7QvWHgqsNbxxGglmTNojj5hRqX3xbrLmw7lSY92OqTuLr12j8%2Fv2273sE%2BnYaWIJh3MSYbuml%2BNro3GUQm3F%2B5FMvHpafdHyiDABa5TEgbJRieU0P63JAiWTLxFivZ6iYFhYs%2F2JpBE7ast91LzkHTbkf6ahPTD4dDG7cf9gawWl2p0mrBb%2FYdYJTxw8HDRukjfki2u6%2FYYZGw3rRkk%2Bx69M06B%2F7fKPMmniOTxcUqlQoEcGs5d8CyMehjM17UT4MWSeDcKkq6uVf%2Fe69VP&RelayState=https%3A%2F%2Flearning.procurement.govt.nz%2Fcourse%2Fview.php%3Fid%3D145&SigAlg=http%3A%2F%2Fwww.w3.org%2F2001%2F04%2Fxmldsig-more%23rsa-sha256&Signature=pum6sI%2BQ8%2Bxi952rkMVvFgRyv5w%2FHFKon7RzFdrp0TkrPBWQ0OrqffybMugmFduvoVR%2F%2FMhxNlDLjCr0CehFbThQ5BI2cUJ53E5sqbfy1ymFUut3u0bITwLNz0pV26myQ7GPADl%2B1Q0FrCwcmG8B%2FTWnBoc5owdPTWGDWAKlb0q9RNCji1eCVhk%2FhzyfguRrklcObPO2JwlhbNAROkLWwhPPot17Xba3WuUSkHC7yC8lMxgbI5CAWtKH%2B0AhKnObwzOdfBMEkLeES1TaI6SoEqBfYs3wLmNDf6L9oWXro4ACqERbQ6A10ORqdDpmJuMgNJfPFaZROFLfjaJ3yBUSkA%3D%3D,404
https://learning.procurement.govt.nz/,https://learning.procurement.govt.nz/course/info.php?id=145,https://api.business.govt.nz/b2cessmapprd.onmicrosoft.com/B2C_1A_signup_signin_saml_NZGP_LMS/samlp/sso/login?SAMLRequest=nVLLbtswEPwVgXeJeiVRCNuAYqOtAScVYreHXIQ1RdkExEe5VPr4%2BtBym6SH%2BtATyeXO7OzOzhDUYFk9%2BqN%2BFN9GgT76oQaNbPqYk9FpZgAlMg1KIPOcbev7DcuTlFlnvOFmIO8glxGAKJyXRpNovZqTVqRdVlR9md%2F20PV9BWVRwU3f55moqvymLIvimsPtVcFJ9FU4DMg5CUQBjjiKtUYP2odQml%2FHaREX2S4tWZ6yq%2ByJRKvQjdTgJ9TRe4uMUrAy2Y8otUBMDubZJ%2FoX3ec8PBVY67rEaCW5M2h6n3Cj6F2%2BbLO6RXnQo50OqdtTr%2B3D08em3dxv6TQsimjoYA4ydFf%2FaXRpNI5KuK1wz5KLL4%2BbNymDABe4DkkYJB%2BdUEL7V0kQLJl4c4r2fImBY2KP9iKQRM1vW%2B6k7kLSZUf25yRkn3a7Jm4%2Bb3dkMTtVY9OE3eI%2FxCrhoQMPJ60z%2Bp5sdl63hyBjvWrMIPnP6INxCvy%2FVWZJNkVkF%2FdTKhMK5FB3nQuehVEPg%2Fm%2BdAK8mBPvRkHo4lz1771evAA%3D&RelayState=https%3A%2F%2Flearning.procurement.govt.nz%2Fgrade%2Freport%2Fuser%2Findex.php%3Fid%3D145&SigAlg=http%3A%2F%2Fwww.w3.org%2F2001%2F04%2Fxmldsig-more%23rsa-sha256&Signature=RxwnLsEOUsXS9iYUStqvt6gwsZUOrbXCNKXG8ZuwbxShgHOvDOFfhOr1IUZzcZ1XrOsEGn2k8VCB584RteVQmNEyUo%2FtnbplzzkeRMj1x9BcmtAxa5rkQZP7VPdSFT2XNkfaFVxwAQmxvjUIzp6tdxBXfhRXbAPOeWZGYZDdDsVVaQ%2BwuVxbbqQUZakxT%2FemHKgLIUiEunO72nhShbVUcih1vkiibxcf4Sc6EODJr0CM%2FRtQndj3ESkHqIYR1zQ9sCjm5hcKhI2WVfOGLOmKwqnMyhhluUR90I0FhfVQh3U9lI%2FHoy4LVQ0wRooD%2Fvt46q85es0SAx%2FUX%2FLa%2BJvOJA%3D%3D,404
https://learning.procurement.govt.nz/,https://learning.procurement.govt.nz/course/info.php?id=186,https://api.business.govt.nz/b2cessmapprd.onmicrosoft.com/B2C_1A_signup_signin_saml_NZGP_LMS/samlp/sso/login?SAMLRequest=nVJNj9owEP0rke%2BJExNAWICUBbVFYrdoYXvYS2ScCViKP%2Bpxth%2B%2FviZsu9tDOfRkezzvzZt5M0ehO8erPpzNI3ztAUPyXXcG%2BfCxIL033ApUyI3QgDxIvq%2Fut5xlOXfeBittR95BbiMEIvigrCHJZr0g9VTkMD6y2ZiNJm3eTseFaPNxAwVjTdlOymlZ5HlezOSMJF%2FAY0QuSCSKcMQeNgaDMCGGcjZJ81E6Kg55yRnjo%2FKZJOvYjTIiDKhzCA45pcKp7NijMoCYnexLyMxPemQyPrVwzjeZNVpJb9G2IZNW0zu2qouqRnUyvRsOZepLr%2FXD88ddvb3f02FYFNHSzp5U7K763ejKGuw1%2BD34FyXh6XH7JqUD4SPXKYuDlL0HDSb8kSSiJQMvo%2Biul1RIzNzZ3QSSZPdqy50yTUy67cjxmoT80%2BGwS3ef9weynF%2Bq8WHCfvkfYjUE0YggLlrn9D3Z%2FLpuD1HGZr2znZI%2Fkg%2FWaxH%2BrbLIiiGimrQdUjloobqqaXz0LI666%2By3lQcRYEGC74HQ5bXq33u9%2FAU%3D&RelayState=https%3A%2F%2Flearning.procurement.govt.nz%2Fgrade%2Freport%2Fuser%2Findex.php%3Fid%3D186&SigAlg=http%3A%2F%2Fwww.w3.org%2F2001%2F04%2Fxmldsig-more%23rsa-sha256&Signature=QmOfAoWx3gCVp%2Bn%2FxfzaNiONy2T6D9lzmQO0XeTaHFXIDKsxfOsLj51FJ5y8EMogyfaJwKFHX450YEMjRl3asjxmBxQf89ERkDY%2FE%2BQunkPpvIdwpZhR8KPfdhMREXGCrL2i3pofj1kJBAgOaQqu%2F0UvAysXu%2Fy8L8XTWAeKBocAtEFXUoz2sG5a0oYQWqQS4KwPwz7c54pbp9snVZvxGkTQQBYsZ%2FC8Au9j2slCaKUWXKt3ZTAgwJ0SVZRks8Qc1djf5s18EsJ35zuWZ2BkFlgLVFTrAUXNvr6bUhzX859sAsEtk%2F9FGG%2BIXzSTpLPga9oig08oYAvfC7X2gHGZCg%3D%3D,404
https://learning.procurement.govt.nz/,https://learning.procurement.govt.nz/course/info.php?id=186,https://api.business.govt.nz/b2cessmapprd.onmicrosoft.com/B2C_1A_signup_signin_saml_NZGP_LMS/samlp/sso/login?SAMLRequest=nVLLbtswEPwVgXeJeqSOS9gGFBttDTipELs95CKsqJVNQCRVLpU%2Bvj603Ed6qA89kVzu7M7s7IJA94MoR38yj%2FhlRPLRN90bEtPHko3OCAukSBjQSMJLsS%2FvdyJPUjE46620PXsFuY4AInReWcOi7WbJasiyG%2By6Ip%2FJougalOHVvr2V83Qu3xTzAvIGMpC3M2DRZ3QUkEsWCgU40YhbQx6MD6E0n8VpERfZIb0ReS6K2ROLNkGNMuAn1Mn7gQTnMKikGUkZJEqO9tkn5gdvchmeGobBtYk1WklnyXY%2BkVbzu3xdZ2VN6mjGYTqUqc9a64en91W9u9%2FzaVicyPLeHlVQV%2F4SuraGRo1uj%2B5ZSfz0uPtDpUdwodYxCYOUo0ONxv%2BmBMGSqW7OabhcYpCUDKfhKpBF1U9b7pRpQ9J1R5pLEokPh0MVVx%2F3B7ZanLuJacJu9R9kNXpowcOZ64K%2FLra4rNtDoLHdVLZX8nv0zjoN%2Ft8ssySbIqqNuylVoAbVl23rgmdh1H1vv64dgscl825ExleXrn%2Fv9eoF&RelayState=https%3A%2F%2Flearning.procurement.govt.nz%2Fcourse%2Fview.php%3Fid%3D186&SigAlg=http%3A%2F%2Fwww.w3.org%2F2001%2F04%2Fxmldsig-more%23rsa-sha256&Signature=UmKt6FbgByq7YDHyNBR3VW%2F5UWjOC9WJRikSblbxTMC%2BW5fmVvKMUtHr%2FJvdIKd%2F0K%2FfUDFqp8NbeYJxgVBNDgcOeype6L2ysZdKpNXII8%2FUy4z4fub3BkRekgArW%2FC2irrTQvQ12Dcq5e%2FllPfAb76PSHHCsroPuKx9jAepfp%2BVhDn027zGQNQtR72QsAYfW6ISTR%2Bciks2qI0mPJM%2B6z0NTrHWiO7y%2F7bZgymVqVSRPtUlWQJr808AZZ8J1TJy02tzgjgdfCgrNXrYdl6Zi3hrWDJKoSjs1k2LcNreu9HoDnQucli9xG%2FyCIIT3pn%2FVll3M5e%2F60mIf1bLzcxb5w%3D%3D,404
https://learning.procurement.govt.nz/,https://learning.procurement.govt.nz/course/info.php?id=223,https://api.business.govt.nz/b2cessmapprd.onmicrosoft.com/B2C_1A_signup_signin_saml_NZGP_LMS/samlp/sso/login?SAMLRequest=nVJNj9owEP0rke%2BJk0AoWICUBbVFYrfRwu5hL9HEMWAp%2FqjH2X78%2BprQ%2FeihHPZkezzvzZt5M0dQnWVl70%2F6XnzvBfrop%2Bo0suFjQXqnmQGUyDQogcxztitvtyxPUmad8YabjryDXEcAonBeGk2izXpB6pSP0lnTcM6ns2kKs0OTNk0xGRdFOm3amZjApwJ4wQ8jEj0KhwG5IIEowBF7sdHoQfsQSvNJnI7iUbZPxyzP2Hj6RKJ16EZq8APq5L1FRilYmTQ9Si0Qk6N59on%2BTZuch6cCa12bGK0kdwbNwSfcKHqTr%2BqsrFEedW%2BHQ%2Br63Gt99%2FSlqre3OzoMiyIa2pmjDN2VL42ujMZeCbcT7lly8XC%2FfZPSCXCB65iEQfLeCSW0f5UEwZKBN6doL5cYOCb2ZK8CSVT9teVG6jYkXXekuSQh%2B7rfV3H1bbcny%2Fm5Ghsm7JYfEKuEhxY8nLXO6Xuy%2BWXd7oKMzboyneS%2Fos%2FGKfD%2FV5kl2RCRbXwYUplQILuybV3wLIy668yPlRPgxYJ41wtCl5eq%2F%2B718g8%3D&RelayState=https%3A%2F%2Flearning.procurement.govt.nz%2Fcourse%2Fview.php%3Fid%3D223&SigAlg=http%3A%2F%2Fwww.w3.org%2F2001%2F04%2Fxmldsig-more%23rsa-sha256&Signature=DnKUk8G5rYFyI1zHbIsbpWxfh1p57WnmSx7JYikPL%2FzA8P1hr2JGxZR6Zr%2BCbD9TM0zbiFo9GU%2Fpq9i%2Fq41Gvy2CvOFDzqraXCYtIlMD2ycdbD%2BHKSCUrgNOmjkizGJyn47Y0asHjn0vZJb2LTkZQUCqRCx%2BLqZH9Qrqzc7wmugh8QKZVGqcvgFW5NjP38NMXyrgBqXETntYOYqjSsio%2BR%2B6vSFzRSJBmByptS5jEfr8kymToCUwLfv5VpdxjmGguMm%2FY%2Fh9ldirwtJ4S1FTjpOGHXSeJhVMbizMLjhusOGDLBY1uJzyrqDA0yidLEChSXB6An%2FpTAjmd5yl0tW2mA%3D%3D,404
https://learning.procurement.govt.nz/,https://learning.procurement.govt.nz/course/info.php?id=223,https://api.business.govt.nz/b2cessmapprd.onmicrosoft.com/B2C_1A_signup_signin_saml_NZGP_LMS/samlp/sso/login?SAMLRequest=nVLLbtswEPwVgXeJkvyIStgGFBttDTipELs95CJQ1MomID7CpdLH14eWkzY91IeeSC53Zmd3doFc9ZaVgz%2FpB3gaAH30Q%2FUa2fixJIPTzHCUyDRXgMwLti%2FvdixPUmad8UaYnryDXEdwRHBeGk2i7WZJ6nnxYcZnXZeLNG95O5u286yBWQdN16STrktFMU2zIi1uSPQNHAbkkgSiAEccYKvRc%2B1DKM3ncTqJJ9khnbI8Y3nxSKJN6EZq7kfUyXuLjFJuZdIMKDUgJkfz7BP9iza5CE%2FFrXVtYrSSwhk0nU%2BEUfQ2X9dZWaM86sGOh9T1udf6%2FvFTVe%2Fu9nQcFkU0tDdHGbor3xpdG42DArcH9ywFfH3Y%2FZHSA3eB65iEQYrBgQLtf0viwZKRN6doL5eYC0zsyV4Fkqh6teVW6jYkXXekuSQh%2B3w4VHH1ZX8gq8W5Ghsn7Fb%2FIVaB5y33%2FKx1Qd%2BTLS7rdh9kbDeV6aX4GX00TnH%2Fb5VZko0R2cbdmMpAcdmXbeuCZ2HUfW%2B%2Brx1wD0vi3QCEri5V%2F97r1Qs%3D&RelayState=https%3A%2F%2Flearning.procurement.govt.nz%2Fgrade%2Freport%2Fuser%2Findex.php%3Fid%3D223&SigAlg=http%3A%2F%2Fwww.w3.org%2F2001%2F04%2Fxmldsig-more%23rsa-sha256&Signature=xl73XqHcqndSfciNQVmtX4%2FKoGDUXz2%2BL6CDAPXeOFSNGJfj0JEK2maaZIsVpN4eFLU%2B1ukZ2A5ZRIg3Zr1ARiswbZYOIed%2BeEha%2FYVyDewCkSlECUVqTl%2F5rbrPfskdkUUwPG%2FGIqWwihxyT5UEO7p9Z8dgNbfGUZTMbawacQOFicE8gdyldbwH0Hjh86vyZAHgu6L4aIe%2FyFb86%2BrUPVod3yqoQsmD6aaXc7vbwMvc%2FLD8a2QyZeiqGxNL4zY%2BBQlQBjgCRv9eFdeomu7AnJIblIZSjuDUyFuUG7Ikf3LpX57%2BTzjsP3pE%2BwSmcHOGZDc4%2Fu8b%2BJvV2qOX6867Xw%3D%3D,404
https://learning.procurement.govt.nz/,https://learning.procurement.govt.nz/course/info.php?id=364,https://api.business.govt.nz/b2cessmapprd.onmicrosoft.com/B2C_1A_signup_signin_saml_NZGP_LMS/samlp/sso/login?SAMLRequest=nVJNj9owEP0rke%2BJEyclYAFSFtQWid1GC9vDXiLjGLDkr3qc7cevrwltd3soh55sj%2Be9eTNv5sC0crQZwtk8ii%2BDgJB808oAHT8WaPCGWgYSqGFaAA2c7pr7LSVZTp23wXKr0BvIbQQDED5Ia1CyWS9QV5Cynk0nJS8npCb5oeez47TiPSurivC6LqaETGtWvTui5LPwEJELFIkiHGAQGwOBmRBDOZmkeZmWxT6vKCGUzJ5Rso7dSMPCiDqH4IBizJzMDgNIIwCyk30JmfmBD4THp2bO%2BT6zRkvuLdhjyLjV%2BI6suqLpQJ7M4MZDmu7Sa%2Ffw%2FKHttvc7PA4LA1is7EnG7prfja6sgUELvxP%2BRXLx9Lh9laIE85HrlMVB8sELLUz4I4lFS0ZegsFdLynjkLmzuwlESfvLljtp%2Bph025HDNQnox%2F2%2BTdtPuz1azi%2FV6Dhhv%2FwPsVoE1rPALlrn%2BC3Z%2FLpuD1HGZt1aJfn35L31moV%2FqyyyYozIPj2OqVRoJlXT9z56FketlP268oIFsUDBDwLh5bXq33u9%2FAk%3D&RelayState=https%3A%2F%2Flearning.procurement.govt.nz%2Fgrade%2Freport%2Fuser%2Findex.php%3Fid%3D364&SigAlg=http%3A%2F%2Fwww.w3.org%2F2001%2F04%2Fxmldsig-more%23rsa-sha256&Signature=I9VAhFll%2FjX5D2eYmTwOeNl8sL6KZq6MctTdb%2BKvIJsIhRow7TBakUNZKzRVCwBDQZvIZm8vxhbmV3f9VTsK4Ai2nfR%2FWsX%2FljyPUcqqtbPpEhpyD3e5ggss0PpREqnBS57Uz%2FJxvtG%2FP4p%2BmzVYQkbvwLfRqdkZvgWuTNgcopKGQa%2FgdV3MLjeIX70uWs52H552uCuYlSXYRQl9EFb7RM%2BUUsOnHDFy7%2BVH2DEPME%2Bz5rHw1zF8KjpQ2dB7E7UJmrVz83tdqIRRH%2FP4ire2uOGchIC8XfZQDErP1%2BeySqNIFuOhEzpqFi0l4M3cizLIvsZOYiQhv15jeziykHoSTQ%3D%3D,404
https://learning.procurement.govt.nz/,https://learning.procurement.govt.nz/course/info.php?id=364,https://api.business.govt.nz/b2cessmapprd.onmicrosoft.com/B2C_1A_signup_signin_saml_NZGP_LMS/samlp/sso/login?SAMLRequest=nVJNj9owEP0rke%2Fkw2FTsAApC2qLxG6jhfawl2jiDGAptlOPs%2F349TWhH9tDOfRkezzvzZt5syDQXS%2FKwZ%2FNE34ekHz0VXeGxPixZIMzwgIpEgY0kvBS7MuHneBxKnpnvZW2Y68gtxFAhM4ra1i03SxZnU95zjPM%2BN28OL6BIi8gl7O8mcs73mbzJocZwhTT2YxFn9BRQC5ZIApwogG3hjwYH0IpLyZpPsmzQzoVnIu8eGbRJnSjDPgRdfa%2BJ5Ek0Ku4GUgZJIpP9sXH5nvScBmeGvretbE1WklnyR59LK1O7vm6zsqa1MkM%2FXgoU196rR%2Bf31X17mGfjMNKiGzS2ZMK3ZW%2FGl1bQ4NGt0f3oiR%2BfNr9kdIhuMB1isMg5eBQo%2FG%2FJUGwZOTlCfXXywQkxf25vwlkUfXTlntl2pB025HmmkTi%2FeFQTaoP%2BwNbLS7VxDhht%2FoPsRo9tODhonWRvCZbXNftMcjYbirbKfktemudBv9vlVmcjRHVTo5jqkANqivb1gXPwqi7zn5ZOwSPS%2BbdgCxZXav%2BvderHw%3D%3D&RelayState=https%3A%2F%2Flearning.procurement.govt.nz%2Fcourse%2Fview.php%3Fid%3D364&SigAlg=http%3A%2F%2Fwww.w3.org%2F2001%2F04%2Fxmldsig-more%23rsa-sha256&Signature=C0qjaKXeEcyNdCnO8tE%2ByzC1Pab0SDN0KrNYBPY6lUXgj%2FrQH%2BaybdTAe3lJhqtkBv4araBv5fqkhGRfqAVM%2FQ1fngz2B9ahuexvba4FFvp9djqL9Mhv3hIH0WOf7niuaAvVU0B%2FZ3QNT71sjqOiw6hS0jr8YS2mzXziGaD3IMkIj0wwV6OBizUHsXY55DEmTA6vq%2Ft8CaXcGK38SsOqOkX7nOEyx2PO38lBpAiwUEAxYYzQScWVZ%2B3J0JncSuxRXOVRQISGvGsr6aPp8uS0ZJYcjVOg2T%2FNBp9ZNy%2B5ZqM%2B09Lm%2F7gnFfWtjr4pgK3zxAjReJfQCquR5c%2FHdSIXag%3D%3D,404
https://learning.procurement.govt.nz/,https://learning.procurement.govt.nz/course/info.php?id=365,https://api.business.govt.nz/b2cessmapprd.onmicrosoft.com/B2C_1A_signup_signin_saml_NZGP_LMS/samlp/sso/login?SAMLRequest=nVJNb%2BIwEP0rke%2BJkxBoagFSCtpdJNqNCttDL9HgGLAUf6zH6X78%2BprQrz2Uw548Hs%2BbeW%2Bepwiqs6zq%2FVHfi5%2B9QB%2F9Vp1GNjzMSO80M4ASmQYlkHnONtXtmuVJyqwz3nDTkQ%2BQywhAFM5Lo0m0Ws5IMy7aIiv4FUzKUbu%2FBiiveRbiyZ4LgAnfjeGKt2VRpiR6EA4DckZCowBH7MVKowftQyrNJ3E6ikfZNi1YnrFx%2BUiiZVAjNfgBdfTeIqMUrEx2PUotEJODefKJ%2Fkt3OQ9XBda6NjFaSe4Mmr1PuFH0Jl80WdWgPOjeDofUzUlrc%2Ff4tW7Wtxs6LIsiGtqZgwzqqlehC6OxV8JthHuSXPy4X79T6QS40OuQhEXy3gkltH%2BjBMGSoW9O0Z6DGDgm9mgvAklUv9hyI3Ubii47sjsXIfu23dZx%2FX2zJfPpaRobNuzm%2F0FWCQ8teDhxndKPzabn73YXaKyWtekk%2FxN9MU6B%2F5xllmRDRrbxfihlQoHsqrZ1wbOw6q4zvxZOgBcz4l0vCJ2fp%2F77r%2BfP&RelayState=https%3A%2F%2Flearning.procurement.govt.nz%2Fcourse%2Fview.php%3Fid%3D20&SigAlg=http%3A%2F%2Fwww.w3.org%2F2001%2F04%2Fxmldsig-more%23rsa-sha256&Signature=OZNEjHsplhSpDr5%2BmNQbbp2UDuUoKn0tafv6%2F3en%2F%2BA7IJkbgMaOFk9ut9%2FpW3UUgmXqxOnVQsuFPSQzy7HD7%2BrolJbACuOka00dtT%2BTTKZDGGuL5yxztkxT%2B%2FZF7zPfbljZCr8epWDVHYykVpN4PzjkCopHgfE9Uxoyex16RgT6dY0J9UNdc3KaYVNB4JVxOnNbPSQ5%2FgTTm6royS4brHnk%2FxhQ%2B3jVlJ%2BGZsPh49ruIWZ8BztlPKE2aRDy6X7OdsIcbWddEguhjhAdgHliBOX5cH10i6d%2BiNW83C%2FpGahLBm3RHeo7bmtGu02%2FPQyPlPUkw1yE%2BeK9UYHzrqt%2B9w%3D%3D,404
https://learning.procurement.govt.nz/,https://learning.procurement.govt.nz/course/info.php?id=365,https://api.business.govt.nz/b2cessmapprd.onmicrosoft.com/B2C_1A_signup_signin_saml_NZGP_LMS/samlp/sso/login?SAMLRequest=nVJNj9owEP0rke%2BJkxAIawFSFtQWid1GC%2B1hL5FxJmAp%2FqjH2X78%2BjWhH9tDOfRkezzvzZt5s0CuesuqwZ%2F1E3wZAH30TfUa2fixJIPTzHCUyDRXgMwLtq8edixPUmad8UaYnryB3EZwRHBeGk2i7WZJmrIFXnRF2c3LtMjSSQd35fw4nRdiks7uUpi17bQTZcanJPoMDgNySQJRgCMOsNXoufYhlOazOJ3Ek%2ByQFizPWDp9JtEmdCM19yPq7L1FRim3MjkOKDUgJifz4hP9gx5zEZ6KW%2BvaxGglhTNoOp8Io%2Bh9vm6yqkF50oMdD6mbS6%2FN4%2FP7utk97Ok4LIpoaG9OMnRX%2FWp0bTQOCtwe3IsU8Olp90dKD9wFrlMSBikGBwq0%2Fy2JB0tG3pyivV5iLjCxZ3sTSKL6py33Urch6bYjx2sSsg%2BHQx3XH%2FcHslpcqrFxwm71H2IVeN5yzy9aF%2FQt2eK6bo9BxnZTm16K79E74xT3%2F1aZJdkYkW3cjakMFJd91bYueBZG3ffm69oB97Ak3g1A6Opa9e%2B9Xr0C&RelayState=https%3A%2F%2Flearning.procurement.govt.nz%2Fcourse%2Fview.php%3Fid%3D365&SigAlg=http%3A%2F%2Fwww.w3.org%2F2001%2F04%2Fxmldsig-more%23rsa-sha256&Signature=hTiqXrtqO6ndnCOsxTW88g2icCaN9ckRyBKPCOOjQMQHdM8zjPeTDpld0IykJ%2BiVgevf9S8%2Fenkk%2B87%2F4UzVTc2pit6x8Q63m4E0b2U2C8AXgClb6%2BDr3%2BGcq8Of7mBkzLMf%2FIlON%2FfUzATh2z%2B3puW6TJDbmejVM3A4%2B0%2BR9BRVNYBnQtpopU3F5NniIQ4zPsmdIBtU7o40OUYFwOfJigdnc5MF%2B5WtVRfIyrcaIJe2KatmKZeGfRrnfLES0KqztFDuTpbkOgx7x2WmX6j91Vcyt2TCofWFA0u1%2FVZBximPMxZmx%2B05npHZbDbe5nU3XzE8Ljxp9LUEm%2FErXf%2BG4Q%3D%3D,404
https://learning.procurement.govt.nz/,https://learning.procurement.govt.nz/course/info.php?id=365,https://api.business.govt.nz/b2cessmapprd.onmicrosoft.com/B2C_1A_signup_signin_saml_NZGP_LMS/samlp/sso/login?SAMLRequest=nVLJbtswEP0VgXeJWhLZIWwDio22BpxUiN0echEoamQTEJdyqHT5%2BtByl%2FRQH3oiOZz35s28WSBXg2XV6E%2F6Cb6MgD76pgaNbPpYktFpZjhKZJorQOYF21cPO5YnKbPOeCPMQN5AriM4IjgvjSbRdrMkjejTu76AeT8vZ3OR3qWd6G%2Bzm06UxS2UKWRtXmbQin5Gos%2FgMCCXJBAFOOIIW42eax9CaV7GaREX2SG9YXnKitkziTahG6m5n1An7y0ySrmVSTui1ICYHM2LT%2FQP2uYiPBW31nWJ0UoKZ9D0PhFG0ft83WRVg%2FKoRzsdUjfnXpvH5%2Fd1s3vY02lYFNHQwRxl6K761ejaaBwVuD24Fyng09Puj5QBuAtcxyQMUowOFGj%2FWxIPlky8OUV7ucRcYGJP9iqQRPVPW%2B6l7kLSdUfaSxKyD4dDHdcf9weyWpyrsWnCbvUfYhV43nHPz1oX9C3Z4rJuj0HGdlObQYrv0TvjFPf%2FVpkl2RSRXdxPqQwUl0PVdS54FkY9DObr2gH3sCTejUDo6lL1771evQI%3D&RelayState=https%3A%2F%2Flearning.procurement.govt.nz%2Fgrade%2Freport%2Fuser%2Findex.php%3Fid%3D365&SigAlg=http%3A%2F%2Fwww.w3.org%2F2001%2F04%2Fxmldsig-more%23rsa-sha256&Signature=d32PdKdz1eWjXfYrz2jBsC03W4TF9pwVQJZt59i4MJMvO4zzV9QYtmQbNgVfccYyllO9mvI4BEnPQpyAMDd7cEcxD3GNjvvvn03ygB4qd6pBO06I2zSFGFtqCBQKqGg8jNLYRJF3TGsWWN8tc7BVcEXxzhUg1lTtHRjV0F68kDzvZZapZiNUfC4lmZD%2FIcH%2B9ZQ0%2FyrR0KJSSe1XldtQEEx2R6%2BgIyVJSySxc7ONWW4hRIAUbMy2zF86Q0j1GASPnAaDXXPL73gS2cGTd4RpD1sXrEcaDL7QxmtRviMcB88hvDKFeKnDOmhfePMni38AkfvTVQYG%2BzgN7Nh%2FVUNK7g%3D%3D,404
https://learning.procurement.govt.nz/,https://learning.procurement.govt.nz/course/info.php?id=366,https://api.business.govt.nz/b2cessmapprd.onmicrosoft.com/B2C_1A_signup_signin_saml_NZGP_LMS/samlp/sso/login?SAMLRequest=nVJNj9owEP0rke%2BJE4dSZAFSFtQWid2ihfawl2hiG7AUf9TjbD9%2BfU3YtttDOfTk8XjezHvzPEcwvefNEM%2F2UX0ZFMbsm%2Bkt8vFhQYZguQPUyC0YhTwKvm%2Fut5wVJffBRSdcT15BbiMAUYWonSXZZr0gbT2rZc2qUs7EtOrYpJ5IqFN0LCcwq2dv31TTUsKx7EqSfVYBE3JBUqMERxzUxmIEG1OqZNO8rPO6OpQTzhhn9RPJ1kmNthBH1DlGj5xS8LroBtRWIRYn9xwL%2B4N2TKSrAe%2BDLJw1WgSH7hgL4Qy9Y6u2alrUJzv48dC2vWhtH57e79rt%2FZ6Oy6KIjvbupJO65pfQlbM4GBX2KjxroT49bv9Q6RWE1OtUpEWKISijbPxNCZIlY19G0V%2BDHAQW%2FuxvAkm2e7HlTluZim470l2LkH84HHb57uP%2BQJbzyzQ%2Bbjgs%2F4OsUREkRLhwndPXzebX7%2FaQaGzWO9dr8T1754KB%2BG%2BWVVGNGS3z41jKlQHdN1KG5Fladd%2B7r6ugIKoFiWFQhC6vU%2F%2F%2B18uf&RelayState=https%3A%2F%2Flearning.procurement.govt.nz%2Fcourse%2Fview.php%3Fid%3D366&SigAlg=http%3A%2F%2Fwww.w3.org%2F2001%2F04%2Fxmldsig-more%23rsa-sha256&Signature=UQ9BMqgY8UWWo3D3alNIa12%2BjliQBWGgYhtoqYIPfqCeFjxGa3T7Zd4t3gTti0gk%2BBcZ%2BKGGJpjTuqk%2FSaf0N4c8tt8pyssSu%2F3ZyfJruWqeemnMRHb25%2BTCkI8cxJb%2FKsCCL8svpybDvJd3GGVpF%2F5U3xPXDoiTEsrPuazSLkPb3ssgJndh2NL8t7lysBmVyVVIM1rzR30%2FzOXx8xH%2FOBzOWdUOW2IwoTI7EVLdxQGLaRh4sFW%2B1xOVbPiiyyIaz%2Bi0v7Yqre8JzZ2qMDqy2fsrZdsCDG2PO%2F8bbtKWsHPxtfxfOqbhXZeNtje4Oe129LjqmY3tKV8nZm6%2BHb6ONQ%3D%3D,404
https://learning.procurement.govt.nz/,https://learning.procurement.govt.nz/course/info.php?id=366,https://api.business.govt.nz/b2cessmapprd.onmicrosoft.com/B2C_1A_signup_signin_saml_NZGP_LMS/samlp/sso/login?SAMLRequest=nVLLbtswEPwVgXeJEp1ECWEbUGy0NeCkQuz2kItAUSubgPgol0ofXx9a7iM91IeeSC53Zmd3do5CD45XYziaJ%2FgyAobkmx4M8uljQUZvuBWokBuhAXmQfFc9bDnLcu68DVbagbyBXEYIRPBBWUOSzXpBmtsWhCiLTvasLGdXZXvdAsvLvpPXt31XFHd9kcNN2ecFST6Dx4hckEgU4YgjbAwGYUIM5ewmzWfprNjnV5wxnt89k2Qdu1FGhAl1DMEhp1Q4lbUjKgOI2cG%2BhMz8oC2T8amFc77LrNFKeou2D5m0mt6zVVNUDaqDGd10KNOcem0en9%2FXzfZhR6dhUURLB3tQsbvqV6Mra3DU4HfgX5SET0%2FbP1IGED5yHbI4SDl60GDCb0kiWjLxMorufEmFxMwd3UUgSeqfttwr08Wky4605yTkH%2Fb7Oq0%2F7vZkOT9V49OE%2FfI%2FxGoIohNBnLTO6Vuy%2BXndHqOMzbq2g5Lfk3fWaxH%2BrbLIiimiurSfUjlooYaq63z0LI56GOzXlQcRYEGCH4HQ5bnq33u9fAU%3D&RelayState=https%3A%2F%2Flearning.procurement.govt.nz%2Fgrade%2Freport%2Fuser%2Findex.php%3Fid%3D366&SigAlg=http%3A%2F%2Fwww.w3.org%2F2001%2F04%2Fxmldsig-more%23rsa-sha256&Signature=E%2FFQPIRp%2FDyq4QTB%2BldVe%2BZGfAxNF2f219BKkWOMtoXWdxG67Ry4qL9b3zA7qTZOVR7WdcI7XQuIFDu0uehtWsUYLDi1p3E%2Fa0EkLiRtaEzGySKuyeErzFz0mihrZSjC0eR9mWfnOSGw2nB7JExyyEMt%2BW9qLdkWWpexFeA2jW6d%2BLe5KvhIOWx5uMp%2BEQpOIfPgEx8rlb1Ia2Ak7%2FfxhIAWurQnQ2%2BDuBUHPJH1RAhWeD5uOzT0j%2FrstuljUK%2BLTFgVNUlL36f%2BY05KoIFamNChHRbyKyaL4cI7BiXtSqU3AxLK6FKrG2%2F%2BQMuUNoMhr8Wwk70iGts4pDIaLj2OPA%3D%3D,404
https://learning.procurement.govt.nz/,https://learning.procurement.govt.nz/course/info.php?id=39,https://api.business.govt.nz/b2cessmapprd.onmicrosoft.com/B2C_1A_signup_signin_saml_NZGP_LMS/samlp/sso/login?SAMLRequest=nVLJbtswEP0VgXeJWp2EsA0oNtoacFIhdnvIRRhRtE1AXMqh0uXrQ8td0kN96InkcN6bN%2FNmjqAGy%2BrRn%2FST%2BDIK9NE3NWhk08eCjE4zAyiRaVACmedsVz9sWZ6kzDrjDTcDeQO5jgBE4bw0mkSb9YK0txXP8upQVl2ZlrObFIqCQ1FVacHvyqLjHG664nA3m92S6LNwGJALEogCHHEUG40etA%2BhNJ%2FFaREX2T4tWZ6zonwm0Tp0IzX4CXXy3iKjFKxMuhGlFojJ0bz4RP%2BgXc7DU4G1rk%2BMVpI7g%2BbgE24Uvc9XbVa3KI96tNMhdXvutX18ft%2B024cdnYZFEQ0dzFGG7upfja6MxlEJtxPuRXLx6Wn7R8ogwAWuYxIGyUcnlND%2BtyQIlky8OUV7ucTAMbEnexVIouanLfdS9yHpuiPdJQnZh%2F2%2BiZuPuz1Zzs%2FV2DRht%2FwPsUp46MHDWeucviWbX9btMcjYrBszSP49emecAv9vlVmSTRHZx4cplQkFcqj73gXPwqiHwXxdOQFeLIh3oyB0ean6914vXwE%3D&RelayState=https%3A%2F%2Flearning.procurement.govt.nz%2Fcourse%2Fview.php%3Fid%3D39&SigAlg=http%3A%2F%2Fwww.w3.org%2F2001%2F04%2Fxmldsig-more%23rsa-sha256&Signature=K60xpw0UXaowYupzV%2BgJiJgPbnJ3CefJV1W%2FGv9ckQMvJ9n%2BTDvzmoyvRpdxHmO%2BAGHRaN0i1sj%2BzmWdw3QLfouE6DXjRoylyV8JXm7RLSb49%2BOGgvcabRnTCgWgdOPBy9V1gob5DFDIMx3pxk0b1yrngQgKE%2BnbLLpIbeMWXfH4N%2Fg5APMAofFlZJRbgillf9ZM7kDUyyWBEwx2WuC%2BRcJf%2B9pqyqwIsSTR9EspG%2Fwisilz%2Bkj9BkNOizuNk0osJ4BR9aLcHi3Ohh2bHnK7fStVvVAuPJgH40j1bOrc8d1tcl2Y%2FMRF8%2BMO90gNgtAYnhfxxaUcKMeWFTcngRQbAg%3D%3D,404
https://learning.procurement.govt.nz/,https://learning.procurement.govt.nz/course/info.php?id=39,https://api.business.govt.nz/b2cessmapprd.onmicrosoft.com/B2C_1A_signup_signin_saml_NZGP_LMS/samlp/sso/login?SAMLRequest=nVLLbtswEPwVgXeJEhPLDmEbUGy0NeCkQuz2kIuwomibgPgol0ofXx9a7iM91IeeSC53Zmd3do6ge8erIZzMk%2FwySAzJN90b5OPHggzecAuokBvQEnkQfFc9bDnLcu68DVbYnryBXEcAovRBWUOSzXpBmukkP0AhiqKA23LaAROiKyczmM7KdjJpWTltZ528a%2B%2BAJJ%2Blx4hckEgU4YiD3BgMYEIM5axM85v0ptjnt5wxns%2BeSbKO3SgDYUSdQnDIKQWnsnZAZSRidrQvITM%2FaMtEfGpwzneZNVoJb9EeQiaspvds1RRVg%2BpoBjceyjTnXpvH5%2Fd1s33Y0XFYFNHS3h5V7K761ejKGhy09DvpX5SQn562f6T0EnzkOmZxkGLwUksTfkuCaMnIyyi6yyUFgZk7uatAktQ%2FbblXpotJ1x1pL0nIP%2Bz3dVp%2F3O3Jcn6uxscJ%2B%2BV%2FiNUyQAcBzlrn9C3Z%2FLJuj1HGZl3bXonvyTvrNYR%2FqyyyYoyoLj2MqVxqUH3VdT56Fkfd9%2FbryksIckGCHyShy0vVv%2Fd6%2BQo%3D&RelayState=https%3A%2F%2Flearning.procurement.govt.nz%2Fgrade%2Freport%2Fuser%2Findex.php%3Fid%3D39&SigAlg=http%3A%2F%2Fwww.w3.org%2F2001%2F04%2Fxmldsig-more%23rsa-sha256&Signature=k72Z5p1wYKTMPDNvlVtUasa4K2YBJz3Kq0SjCvq8f7PdA0pJWTP77FY2jOKU9wEaqrmL90Jtj5FS3fGL%2F5okXicnZNUU%2BrkuinTHR0f8fA%2BoLBvNQdt0hmnslt0UMQtR5B%2BnF5n0O6L4SGp0OGn4k5IZD%2FuOWOM%2BD8X85VFG8drwSR6W89qyHo1fEjV5E1sxZpZjMmthjh5NXtHBfPwWQDtshpzgcaPDPVgQ8FXbzaIROoXqUe2m4VIpr%2FbaauyTh7%2FfnUUGm14mD9m4d3YouTHU%2FVCutUduB4NqpMP4Ri2ozfjg4HR54q8uyKa3U0WYTgaU97bJnWokvQwRC6Rb3A%3D%3D,404
https://learning.procurement.govt.nz/,https://learning.procurement.govt.nz/course/info.php?id=40,https://api.business.govt.nz/b2cessmapprd.onmicrosoft.com/B2C_1A_signup_signin_saml_NZGP_LMS/samlp/sso/login?SAMLRequest=nVJNj9owEP0rke%2BJ4xBgsQApC2qLxG6jhfawl2jiOGAptlOPs%2F349WtCP7aHcujJ9njezHtvZomgu54Xgz%2BbJ%2FllkOijb7ozyMePFRmc4RZQITegJXIv%2BKF42PMsSXnvrLfCduQN5DYCEKXzyhoS7bYrUrG8vcun08kUZtN2AXPWsnYyb1jOFk0KtajbOhMAi%2FkdiT5LhwG5IqFQgCMOcmfQg%2FEhlGazOJ3EE3ZMc54xns%2BeSbQNapQBP6LO3vfIKYVeJfWAykjE5GRffGJ%2B0NAlPDX0vWsSa7QSzqJtfSKspvfZpmJFhepkhn48lKkuWqvH5%2FdltX840NEsimhpZ08qqCt%2BCd1Yg4OW7iDdixLy09P%2BD5VOggu1TkkwUgxOamn8b0oQRjLWzSj210sMApP%2B3N8Ekqj8OZZ7ZZqQdHsi9TUJ%2BYfjsYzLj4cjWS8v3fjosFv%2FB1ktPTTg4cJ1Sd8WW17X7THQ2G1L2ynxPXpnnQb%2Fb5YsYWNENXE7pnKpQXVF07gws2B119mvGyfByxXxbpCErq9d%2F97r9Ss%3D&RelayState=https%3A%2F%2Flearning.procurement.govt.nz%2Fgrade%2Freport%2Fuser%2Findex.php%3Fid%3D40&SigAlg=http%3A%2F%2Fwww.w3.org%2F2001%2F04%2Fxmldsig-more%23rsa-sha256&Signature=HrGWoxxZfpRMP7MY57CR4cZcFP9lrf8eEwyS%2BvUtair2jAUd2BUP%2FtUno8ntPM2viKT3KVrhnE4V8b%2F748aE5r0Bdh5B5FE8KW%2Fd7%2BEji4O5WANDRrAZZAtzVwZbksEWWWSuhoKF95otXHRYFoS%2Bdwe%2FGmo6wrWiYGfzcqwP3GYLKz%2B5PoFwCrf%2FpdB1NqBofg9Y2RTt6CT1jz9MHHn2t1DcUCocsal9ZLx91lbvL2U0noqc283YVRM2uVho2CV9umkHRoPtay4dSPkXhnOdbVv7GL7fqdFsrsuDhlK62tNvHJpEBos0hzZxowJr%2FK8qQvvO89fNRliVpsiGRbWI5w%3D%3D,404
https://learning.procurement.govt.nz/,https://learning.procurement.govt.nz/course/info.php?id=40,https://api.business.govt.nz/b2cessmapprd.onmicrosoft.com/B2C_1A_signup_signin_saml_NZGP_LMS/samlp/sso/login?SAMLRequest=nVJNj9sgEP0rFvcYQ%2FqRoCSSN1HbSNmttcn2sBcLwzhBMuAyePvx65c47XZ7aA49AcO8N2%2FmzQKl7XpRDvHk7uHrABiz77ZzKMaPJRmCE16iQeGkBRRRiX15uxM8L0QffPTKd%2BQV5DpCIkKIxjuSbTdLUqup5tN5wVhbzNp5o4um0VKxZgYzzuctew9yxtq3XHOSfYGACbkkiSjBEQfYOozSxRQq%2BLtJMZ1M2aF4IzgTfP5Isk3qxjgZR9Qpxh4FpbI3eTOgcYCYH%2F1TzN1P2nCVnlb2fdC5d9ao4NG3MVfe0hu%2BrllZozm6oR8P4%2Bpzr%2FXd48eq3t3u6Tgsiuhp548mdVf%2BbnTtHQ4Wwh7Ck1HwcL%2F7I6UDGRLXMU%2BDVEMACy6%2BSJLJkpGXU%2Bwvl4lUmPen%2FiqQZNUvW26M0ynpuiPNJQnFp8OhmlSf9weyWpyriXHCYfUfYi1EqWWUZ60L%2BppscVm3uyRju6l8Z9SP7IMPVsZ%2Fq2Q5GyNGT9oxVYCVpiu1DsmzNOqu89%2FWAWSEJYlhAEJXl6p%2F7%2FXqGQ%3D%3D&RelayState=https%3A%2F%2Flearning.procurement.govt.nz%2Fcourse%2Fview.php%3Fid%3D40&SigAlg=http%3A%2F%2Fwww.w3.org%2F2001%2F04%2Fxmldsig-more%23rsa-sha256&Signature=neICY4QlDNdRkpVTn8Zkb9MgbwVpcsTvHrqMuaULnFvNoQI96wkZo4odDCOLhbWIo%2BJgr7EJJp1EG0U9YaIvc%2Fk0E%2F2L34rVaKey3WPMrXMofEUgVpj40DFMGJ1UWLftbyCm1O7FEExzTkoE2yvGGmAOCOuKS6HNFzpal23GHiYOnqIaaiFFJ%2BbB8EejaxC6xLJo2R1Njs5Em19mD0F5tuS21hDC%2BAwTnordfbteOXvKou0c6yOMm5E%2BSVG2fWaYtptDg7IHNxkvqZ%2BEVpoe48aJ8T%2Fc8T21Jg3WCuZzyrBH9C7mmD3oj7Khwz3gUF7ldLWQsXHEJS4Wo%2BKHEIq4TA%3D%3D,404
https://learning.procurement.govt.nz/,https://learning.procurement.govt.nz/course/info.php?id=41,https://api.business.govt.nz/b2cessmapprd.onmicrosoft.com/B2C_1A_signup_signin_saml_NZGP_LMS/samlp/sso/login?SAMLRequest=nVJNj9owEP0rke%2FEwUDCWoCUBbVFYrfRQnvYS2ScCViKP%2Bpxth%2B%2Ffk3ox%2FZQDj3ZHs9782beLFDozvGyD2fzBF96wJB8051BPnwsSe8NtwIVciM0IA%2BS78uHHWdpxp23wUrbkTeQ2wiBCD4oa0iy3SxJ3UyLtpUtE3lWZLO7dp5P2ByKIrtjTdbkxWw%2BbWfHNpeMJJ%2FBY0QuSSSKcMQetgaDMCGGMpaPssloMj5kU84YZ5NnkmxiN8qIMKDOITjklAqn0mOPygBierIvITU%2F6JHJ%2BNTCOd%2Bk1mglvUXbhlRaTe%2FZuh6XNaqT6d1wKFNfeq0fn99X9e5hT4dhUURLO3tSsbvyV6Nra7DX4PfgX5SET0%2B7P1I6ED5yndI4SNl70GDCb0kiWjLwMoruehkJiak7u5tAklQ%2FbblXpolJtx05XpOQfzgcqlH1cX8gq8WlGh8m7Ff%2FIVZDEI0I4qJ1Qd%2BSLa7r9hhlbDeV7ZT8nryzXovwb5XjdDxEVDNqh1QOWqiubBofPYuj7jr7de1BBFiS4HsgdHWt%2Bvder14B&RelayState=https%3A%2F%2Flearning.procurement.govt.nz%2Fcourse%2Fview.php%3Fid%3D41&SigAlg=http%3A%2F%2Fwww.w3.org%2F2001%2F04%2Fxmldsig-more%23rsa-sha256&Signature=vHNEgLK2n9pBO4l3QVYKbSzuH%2Fq8k39Hejp4GUme6xGXu8n8z2VTKmZYqMiUR1KrOdt7khYmGyHHwGnvvIJV9QQDvdA1zmEj3EiCWrDJbz23sTSehv84%2FVOMIZ2cAjqSO5xLOwRdSVmOggJo47kZibxtHWVQLBqmKQYPkBF9jvQ9VvyVNUOmRgQmiJeThX%2FDXx3rNii1Az4C9WajAzM%2BLXIC2Jf71%2F4zB70uQgChV1vhnKySJ91dIowt9DX9kZIYnB%2Flq3ahFKROj%2FyHqNYOcdFUSe2At01nT8sVCDaN5Q1IZFPh8amqoduihjRM9SFxJEqsQvmVPnifE8ZIGltQRA%3D%3D,404
https://learning.procurement.govt.nz/,https://learning.procurement.govt.nz/course/info.php?id=41,https://api.business.govt.nz/b2cessmapprd.onmicrosoft.com/B2C_1A_signup_signin_saml_NZGP_LMS/samlp/sso/login?SAMLRequest=nVLJbtswEP0VgXeLkrwTtgHFRlsDTirEbg%2B5CGNqYhMQl3KodPn60HKX9FAfeuJwOG%2FmvXlcEOjWibILZ%2FOIXzqkkHzTrSHRPyxZ542wQIqEAY0kghT78n4nijQTzttgpW3ZG8htBBChD8oalmw3S1aPs0kum9kI5HR%2BHMOkaHKJozkMCzkd59kMYwSTZprNWPIZPUXkksVGEU7U4dZQABNiKismg2w4GOaHbCSKXBTzJ5ZsohplIPSocwiOBOfgVHrsSBkkSk%2F2JaTmBz8WMl41OOeb1BqtpLdkn0MqreZ3xbrOy5rUyXSuP5SpL1rrh6f3Vb273%2FN%2BWZzI8taeVFRX%2FhK6toY6jX6P%2FkVJ%2FPS4%2B0OlRfCx1ymNi5SdR40m%2FKYE0ZK%2Bb8HJXYMBSErd2d0EsqT6acudMk0suu3I8VpE4sPhUA2qj%2FsDWy0u00S%2FYb%2F6D7IaAzQQ4MJ1wd82W1y%2F20Oksd1UtlXye%2FLOeg3h3yzzNO8zqhk896UCNai2bBofPYurblv7de0RAi5Z8B0yvrpO%2Fftfr14B&RelayState=https%3A%2F%2Flearning.procurement.govt.nz%2Fgrade%2Freport%2Fuser%2Findex.php%3Fid%3D41&SigAlg=http%3A%2F%2Fwww.w3.org%2F2001%2F04%2Fxmldsig-more%23rsa-sha256&Signature=g%2BuSZiShx5HTsJI%2BaODrX1Gs6wQSHqO1HvqE8yhYAU6zZrZ55%2FAI89RsnidcgvydufT%2BsldRjENNsfZg%2Fp4lZjsnrQXaKcxkcl6UYuJJp%2FNexaiEiZ46L8GdCYus8ZsjXLmyBVJv4K4sGCB1z8gWEWeOQ6G02TiwP5Gj093O6d60ozyHhw5NW9d0U9mjuzrD7G6y9cz56SHyklzGkjadM5%2FMWUjYYSYZkN5cOogkKbwi3kBLkkftA1l1ISwhL0OLhuIHrjt9RAn7xdxJV37Ld4QiMa%2BnlXeEiqJnBuCjzIjn2BVI6gjsmKrMQA5E6aNdGOmnTQJUcWnEYGGi7MLU2A%3D%3D,404
https://learning.procurement.govt.nz/,https://learning.procurement.govt.nz/course/info.php?id=48,https://api.business.govt.nz/b2cessmapprd.onmicrosoft.com/B2C_1A_signup_signin_saml_NZGP_LMS/samlp/sso/login?SAMLRequest=nVLJjtswDP0VQ3cvkZvEFZIAngRtA2SmxiTtYS4GbTOJAGupKE%2BXrx%2FF6TI9NIeeJFF8j498XBCo3opy8Gf9iF8GJB99U70mMX4s2eC0MECShAaFJHwr9uX9TvAkE9YZb1rTs1eQ2wggQuel0SzabpasPmYZzOZF0QEUs3xaZFk%2BL5Dn8wZ4cWzmHCd8Omswf8uiz%2BgoIJcsEAU40YBbTR60D6GMz%2BIsj%2FPJIXsjeC6m%2BROLNqEbqcGPqLP3lkSagpVJM5DUSJSczLNP9I%2B04W14KrDWdYnRSrbOkDn6pDUqvePrelLWJE96sOMhdX3ptX54el%2FVu%2Ft9Og4rJTJpb04ydFf%2BanRtNA0K3R7ds2zx0%2BPuj5QewQWuUxIG2Q4OFWr%2FWxIES0ZenpK9XmJoKbFnexPIouqnLXdSdyHptiPNNYnEh8OhiquP%2BwNbLS7VxDhht%2FoPsQo9dODhonWRviZbXNftIcjYbirTy%2FZ79M44Bf7fKifJZIzILj6OqQIVyL7sOhc8C6Pue%2FN17RA8Lpl3A7J0da36916vXgA%3D&RelayState=https%3A%2F%2Flearning.procurement.govt.nz%2Fmod%2Fpage%2Fview.php%3Fid%3D263&SigAlg=http%3A%2F%2Fwww.w3.org%2F2001%2F04%2Fxmldsig-more%23rsa-sha256&Signature=VNtj%2BfvVgvowE5jp4Dv7kTaQnSemUv8eUKzK2lKSoDOZ2YLVKpoMLwx5Aovh2l1z%2BVmOnD7jON1rne3wWl8MHppe%2F%2BJyEiW07MkytWgiFRagrg6%2Fuwh4JiceWz%2B69do%2BDxi1cQqohScwTO5ieF5JZn1lwN7wijyP1LmxtyMJTDnfjIfG%2BN7gfXriCg5oj2eLwBkgWqXX8o8e4gPwSDIEJAR9%2F5qNQtG0jOyBJSoqrIR4uH5KRdSdq%2FdumYKoeHd4%2BL9kQhkmasYKdFeatcsI0HsyZzl1Ifvv5OkEXjXE6figPPscU%2FzNeP5DFsMI8H5wZo9C9k4cidqgS4tR9Qu%2BuQ%3D%3D,404
https://learning.procurement.govt.nz/,https://learning.procurement.govt.nz/course/info.php?id=52,https://api.business.govt.nz/b2cessmapprd.onmicrosoft.com/B2C_1A_signup_signin_saml_NZGP_LMS/samlp/sso/login?SAMLRequest=nVJNj9owEP0rke%2FEiUMotQApC2qLxG6jhfawl2iSDGAptlOPs%2F349WtCP7aHcujJ9njemzfzZkGgu14Wgz%2BbR%2FwyIPnom%2B4MyfFjyQZnpAVSJA1oJOkbuS%2Fud1LEieyd9baxHXsFuY0AInReWcOi7WbJqulsmmQzrJsckjd5mr2FdC5yxGM2hzZvU5G39RwTAYJFn9FRQC5ZIApwogG3hjwYH0KJmE2SbJKlh2QqhZDJ%2FIlFm9CNMuBH1Nn7niTn0Ku4HkgZJIpP9tnH5gevRROeGvretbE1WjXOkj36uLGa34l1lRYVqZMZ%2BvFQprr0Wj08vS%2Br3f2ej8PiRJZ39qRCd8WvRtfW0KDR7dE9qwY%2FPe7%2BSOkQXOA6xWGQzeBQo%2FG%2FJUGwZOQVnPrrZQINxf25vwlkUfnTljtl2pB025H6mkTyw%2BFQTsqP%2BwNbLS7V5Dhht%2FoPsRo9tODhonXBX5Mtruv2EGRsN6XtVPM9emedBv9vlWmcjhHVTo5jqkQNqiva1gXPwqi7zn5dOwSPS%2BbdgIyvrlX%2F3uvVCw%3D%3D&RelayState=https%3A%2F%2Flearning.procurement.govt.nz%2Fgrade%2Freport%2Fuser%2Findex.php%3Fid%3D52&SigAlg=http%3A%2F%2Fwww.w3.org%2F2001%2F04%2Fxmldsig-more%23rsa-sha256&Signature=um3s%2BpXbdM2MO833GCTcLnZMbmq9nP4HF%2FQmi3GMnufshz408kmJrnwAAxYgxfTMNsFpbnH%2F0Zhn1ihiY4ygBaMcZFA68AhKC1OEAAfL4qwOw%2BZO04MqEiACjYYvw21oS2BiTDHCLnbGAPPWUlpeUR4vvqGGeR8ibzQ6IP20AI3jBuRN30JOZsg%2BaNTka6MVrJvlVxNyBAOOYXsvzKiPwwqf%2BotqnX%2FpNrm12Yz56HYlkm8GNeXnIQq7RqS5GLvZGp1kKTNQdDcBfPxlYtOoUaggH6CWiashECDE5FYIlTgPTHM1OIYS09Iew9NBbGI3nVy%2B7vTlU4LQMade3nQ9xw%3D%3D,404
https://learning.procurement.govt.nz/,https://learning.procurement.govt.nz/course/info.php?id=52,https://api.business.govt.nz/b2cessmapprd.onmicrosoft.com/B2C_1A_signup_signin_saml_NZGP_LMS/samlp/sso/login?SAMLRequest=nVLLbtswEPwVgXeLomQnDmEbUGy0NeCkQuz2kItAUSubgPgol0ofXx9a7iM91IeeSC53Zmd3doFC946XQziZJ%2FgyAIbkm%2B4N8vFjSQZvuBWokBuhAXmQfF8%2B7HieZtx5G6y0PXkDuY4QiOCDsoYk282S1LOigFyy4m4%2B7aa3c8ayossadjPvZs2sYUXbFC1jd5AJknwGjxG5JJEowhEH2BoMwoQYyvKbSVZMCnbIpjzPeXH7TJJN7EYZEUbUKQSHnFLhVNoMqAwgpkf7ElLzgza5jE8tnPNtao1W0lu0XUil1fQ%2BX9esrFEdzeDGQ5n63Gv9%2BPy%2BqncPezoOiyJa2tujit2VvxpdW4ODBr8H%2F6IkfHra%2FZHSg%2FCR65jGQcrBgwYTfksS0ZKRN6foLpeJkJi6k7sKJEn105Z7ZdqYdN2R5pKE%2FMPhUE2qj%2FsDWS3O1fg4Yb%2F6D7EagmhFEGetC%2FqWbHFZt8coY7upbK%2Fk9%2BSd9VqEf6tkKRsjqp10YyoHLVRftq2PnsVR9739uvYgAixJ8AMQurpU%2FXuvV68%3D&RelayState=https%3A%2F%2Flearning.procurement.govt.nz%2Fcourse%2Fview.php%3Fid%3D52&SigAlg=http%3A%2F%2Fwww.w3.org%2F2001%2F04%2Fxmldsig-more%23rsa-sha256&Signature=zqYEvJNekwJnobjgtvFBe9GXSSD7Z7r3ZHBHgBUFrlt56iIj%2FbD4M%2Fau87aXnjdxrEBzL4weilsombTVGc7Fg4HM4287znO2KO3DGmGhyV4A4ZgfvY%2FOwzpDhKpa0UgkL455uQCSsIemZBO3z3UjKKXOXvMfEStyMuUN%2Fv7N%2FljwM8Ejjfz1a%2FjJtAlJKo1DzyN7LccfKEJ3%2BxkevHELVY8Mri4dghisbvK76Loj%2B3YbgmY2snEj9nWmzkBO4bPtjEgXgQ8OkmkXwARiRE6%2BMgIKKuAKsPf08EvNSg8fFsZUIZYaVdrvztLFKArUOeiRvAswjEZLB1%2BHoEEAi5%2BWQg%3D%3D,404
https://learning.procurement.govt.nz/,https://learning.procurement.govt.nz/course/info.php?id=53,https://api.business.govt.nz/b2cessmapprd.onmicrosoft.com/B2C_1A_signup_signin_saml_NZGP_LMS/samlp/sso/login?SAMLRequest=nVJNc9owEP0rHt2xbAEO0QAzDkxbZkjqCbSHXDyyvIBmrI9q5fTj10eYNkkP5dCTpNW%2Bt2%2F37RyF7hwv%2B3Ayj%2FCtBwzJD90Z5MPHgvTecCtQITdCA%2FIg%2Ba6833KWZtx5G6y0HXkHuY4QiOCDsoYkm%2FWC1AeW53lTyNkU2kkxu70VxewmkzI7sNnNhAk5nTBoilwUJPkKHiNyQSJRhCP2sDEYhAkxlLFilI1H43yfTThjfDx9Isk6dqOMCAPqFIJDTqlwKm16VAYQ06N9Dqn5RRsm41ML53ybWqOV9BbtIaTSanrHVnVe1qiOpnfDoUx97rV%2BePpY1dv7HR2GRREt7exRxe7KP42urMFeg9%2BBf1YSvjxu36R0IHzkOqZxkLL3oMGEV0kiWjLwMoruchkJiak7uatAklS%2FbblTpo1J1x1pLknIP%2B331aj6vNuT5fxcjQ8T9sv%2FEKshiFYEcdY6p%2B%2FJ5pd1e4gyNuvKdkr%2BTD5Yr0X4t8o8zYeIakeHIZWDFqor29ZHz%2BKou85%2BX3kQARYk%2BB4IXV6q%2Fr3Xyxc%3D&RelayState=https%3A%2F%2Flearning.procurement.govt.nz%2Fgrade%2Freport%2Fuser%2Findex.php%3Fid%3D53&SigAlg=http%3A%2F%2Fwww.w3.org%2F2001%2F04%2Fxmldsig-more%23rsa-sha256&Signature=V1ebKZgVGq2VLfpW8LEDmSLx%2FSITTXWVEEux64UD84SjtkncJO3ZB%2FFLUN442OOwgEpg9OXcM7HZe6DLXM1ty9slfqIP6%2BRVANTatYDAtrjF03Hq6kqO%2FvNv5bT1Kbozndb9L9RE%2FsmxnJqQTxzXs%2FNEJGKnncOMFmIMCkrPDzhLCM%2FR7fBTY%2B92VYuoTr7EylaeGowRRDXxS6ZsmHtnuKUAFosMBNtWor%2BHI2Z4xVi2jwwmkDnsIubsCKhErA%2BhgJajG%2BcK3OjG2y%2BRQvM5GpeepvpIoObD1vNVFRa6kSRJZeFzT4ihXQSmlnpMI3r4%2FiaPgk%2FWPH%2FZl2NXNjnrWg%3D%3D,404
https://learning.procurement.govt.nz/,https://learning.procurement.govt.nz/course/info.php?id=53,https://api.business.govt.nz/b2cessmapprd.onmicrosoft.com/B2C_1A_signup_signin_saml_NZGP_LMS/samlp/sso/login?SAMLRequest=nVLLbtswEPwVgXeJFpU6FWEbUGy0NeCkQuz2kItAUSubgPgol0ofXx9a7iM91IeeSC53Zmd3doFCD45XYziZR%2FgyAobkmx4M8uljSUZvuBWokBuhAXmQfF%2Fd7zjLZtx5G6y0A3kFuY4QiOCDsoYk282SNK1gbcFaKGXOyrLs5qy%2F7W5ZwaDt2XwuWN%2FmcCNK%2BZYkn8FjRC5JJIpwxBG2BoMwIYZmbJ7OirTID7MbznL%2BpngiySZ2o4wIE%2BoUgkNOqXAqa0dUBhCzo30OmflBWybjUwvnfJdZo5X0Fm0fMmk1vWPrJq8aVEczuulQpjn32jw8va%2Bb3f2eTsOiiJYO9qhid9WvRtfW4KjB78E%2FKwmfHnd%2FpAwgfOQ6ZnGQcvSgwYTfkkS0ZOJlFN3lkgqJmTu5q0CS1D9tuVOmi0nXHWkvScg%2FHA51Wn%2FcH8hqca7Gpwn71X%2BI1RBEJ4I4a13Q12SLy7o9RBnbTW0HJb8n76zXIvxbZZ7lU0R1aT%2BlctBCDVXX%2BehZHPUw2K9rDyLAkgQ%2FAqGrS9W%2F93r1Ag%3D%3D&RelayState=https%3A%2F%2Flearning.procurement.govt.nz%2Fcourse%2Fview.php%3Fid%3D53&SigAlg=http%3A%2F%2Fwww.w3.org%2F2001%2F04%2Fxmldsig-more%23rsa-sha256&Signature=xsUcre74tKVUJS6v0L8k3oCWFK4Gvchqoavp2qSNY%2FpswpuebmjcZUCV3Tm8UcxwoDpV06klyiVz1voKQHlglSrdy5LyU1zCZSQXmeNXuVwRKWGkwb0WVYFthWM3a%2BESGblboUv%2FSsNI7%2FfKqY7s%2BitMW6loanawIP1xufOsBlIYtEmOdGtOQxA65Ll8t5Afgx5Q0xPD0oPee4rY55CUOhcfyk4T9%2BnHkDUkzHHyGUossGy5hRemA9cpK94uaSCVfHs22vjiur7aQPD9tI%2F3hbryT3TTSttsJrlwu54pDMJdMgzMjjyfDHam22AvpmcbUvZnkPbCjPXF2DA6ioSffw%3D%3D,404
https://learning.procurement.govt.nz/,https://learning.procurement.govt.nz/course/info.php?id=54,https://api.business.govt.nz/b2cessmapprd.onmicrosoft.com/B2C_1A_signup_signin_saml_NZGP_LMS/samlp/sso/login?SAMLRequest=nVJNb9swDP0rhu62bDdJXSEJ4CbYFiDtjCbboReDkelEgCV5otx9%2FPoqzj66w3LYSRLF9%2FjIxzmB7npRDv5knvDLgOSjb7ozJMaPBRucERZIkTCgkYSXYlc%2BbEWepKJ31ltpO%2FYGch0BROi8soZFm%2FWC1U2RThCyooU2K6YIs8msnU6gvc3yu2xWSCzuZDstpoeMRZ%2FRUUAuWCAKcKIBN4Y8GB9CaT6L05v4JtunE5HnIr99ZtE6dKMM%2BBF18r4nwTn0KjkMpAwSJUf74hPzgx9yGZ4a%2Bt41iTVaSWfJtj6RVvP7fFVnZU3qaIZ%2BPJSpz73Wj8%2Fvq3r7sOPjsDiR5Z09qtBd%2BavRlTU0aHQ7dC9K4qen7R8pHYILXMckDFIODjUa%2F1sSBEtG3pxTf7nEICnpT%2F1VIIuqn7bcK9OEpOuOHC5JJD7s91Vcfdzt2XJ%2BribGCbvlf4jV6KEBD2etc%2F6WbH5Zt8cgY7OubKfk9%2BiddRr8v1VmSTZGVBO3Y6pADaorm8YFz8Kou85%2BXTkEjwvm3YCMLy9V%2F97r5Ss%3D&RelayState=https%3A%2F%2Flearning.procurement.govt.nz%2Fgrade%2Freport%2Fuser%2Findex.php%3Fid%3D54&SigAlg=http%3A%2F%2Fwww.w3.org%2F2001%2F04%2Fxmldsig-more%23rsa-sha256&Signature=wxIWt20pCg5gynsD3rwdIWDG6le7Wm4qk92PO68wzXb8E%2BiklpnKRtZG91qGxbEfvdWDkxyd0mJ6d0lD2q5%2F4Y4ChIsUcTxq%2FHS6PMGIZBH0AzTkQUWjAnWnyM7Q6XIT7Huvrm2fxa11vTkZuIwTpRL6EjbVHFTmAoFuAEcOD%2BqtZhNlhbqHJjEbJ42k%2BLFIwoq07jY710m9vOUqjVeZH4OfrttaG0awjFBTn7hUvKQcyhuRGW97cjY%2FQ84lPF%2BgQCpcBEmtu3XnHX2kZC5fpvl0CUhBYrsR11BQ9FSWsNwAI%2BAqPC3mRDOHWiVZPAokkWwEQq3AfJHeGZfhMcfA0A%3D%3D,404
https://learning.procurement.govt.nz/,https://learning.procurement.govt.nz/course/info.php?id=54,https://api.business.govt.nz/b2cessmapprd.onmicrosoft.com/B2C_1A_signup_signin_saml_NZGP_LMS/samlp/sso/login?SAMLRequest=nVJNc9owEP0rHt2xZIUY0AAzDkxbZkjqCbSHXDyyvYBmrI9q5fTj10eYNkkP5dCTpNW%2Bt2%2F37Ryl7pwo%2BnAyj%2FCtBwzJD90ZFMPHgvTeCCtRoTBSA4rQiF1xvxU8ZcJ5G2xjO%2FIOch0hEcEHZQ1JNusFqVg%2Bnrac19P8MGmz2S2f1DUb50xOWQ0Zy7LxbNIeYJLfkuQreIzIBYlEEY7Yw8ZgkCbEEOP5iN2MbrI9GwvOBZs9kWQdu1FGhgF1CsGhoFQ6ldY9KgOI6dE%2Bh9T8ojVv4lNL53ybWqNV4y3aQ0gbq%2BkdX1VZUaE6mt4NhzLVudfq4eljWW3vd3QYFkW0tLNHFbsr%2FjS6sgZ7DX4H%2Flk18OVx%2ByalA%2Bkj1zGNg2x6DxpMeJUkoyUDL6foLpeRbDB1J3cVSJLyty13yrQx6boj9SUJxaf9vhyVn3d7spyfq4lhwn75H2I1BNnKIM9a5%2FQ92fyybg9RxmZd2k41P5MP1msZ%2Fq0yS7MhotrRYUgVoKXqirb10bM46q6z31ceZIAFCb4HQpeXqn%2Fv9fIF&RelayState=https%3A%2F%2Flearning.procurement.govt.nz%2Fcourse%2Fview.php%3Fid%3D54&SigAlg=http%3A%2F%2Fwww.w3.org%2F2001%2F04%2Fxmldsig-more%23rsa-sha256&Signature=Ibo0PW5iK%2BaOmBJmiFO5RhLzwuxtIsXmy50hVOD5SBJA4%2FPkKhr7AmOkb3g3sINwHY5Oazjg59hPwFajq3TaIP5WljBB3Ls%2Bobx4pXEgcH6rHlweWspl2hjtvD1Oo8%2F%2BRhVzi7%2BtyJhTXzTXGAlS7%2FQZi7jXZWOMMF4JVTR3jbWY0XABrb%2FtmcF%2BVnBwirBnCNrm2gBsHVA%2FtSS094oQKLIQqtclyjvkL7XyAbrb4EXL2pKFUQ2k08bmu7bQd%2BaHqeqbc12oa9MQcmye0ryWqtH2Qk5pDOgqyz2qur3SRwcNoMGgqwlyHf9lfWyvMQ853ISGOeIKieCqeh5jEjxf8g%3D%3D,404
https://learning.procurement.govt.nz/,https://learning.procurement.govt.nz/course/info.php?id=71,https://api.business.govt.nz/b2cessmapprd.onmicrosoft.com/B2C_1A_signup_signin_saml_NZGP_LMS/samlp/sso/login?SAMLRequest=nVJNbxoxEP0rK99Z7wdNwQKkDagtEklXgfSQy2qwB7C0trceb%2Frx62OWNk0P5dCT7fG8N2%2FmzYzAtJ2o%2BnCyD%2Fi1RwrJd9NaEsPHnPXeCgekSVgwSCJIsa3uNqJIM9F5F5x0LXsDuY4AIvRBO8uS9WrOmjGoKb6bKjyUmczzHGFSjNWNUqVEKMqJUpP9dKzeQ8mSL%2BgpIucsEkU4UY9rSwFsiKGsuBll5ajMd9lYFJkoyyeWrGI32kIYUKcQOhKcQ6fTfU%2FaIlF6dM8htT%2F5vpDxaaDrvEqdNVp6R%2B4QUukMvy2WTV41pI%2B274ZD2%2Bbca3P%2F9LFuNndbPgyLEzneuqOO3VW%2FG106S71Bv0X%2FrCU%2BPmz%2BSGkRfOQ6pnGQsvdo0IZXSRAtGXgLTt3lMgJJaXfqrgJZUv%2By5VZbFZOuO7K%2FJJH4tNvVo%2FrzdscWs3M1MUzYL%2F5DrMEACgKctc74W7LZZd3uo4z1qnatlj%2BSD84bCP9Wmaf5ENFqdBhSBRrQbaWUj57FUbet%2B7b0CAHnLPgeGV9cqv6914sX&RelayState=https%3A%2F%2Flearning.procurement.govt.nz%2Fcourse%2Fview.php%3Fid%3D71&SigAlg=http%3A%2F%2Fwww.w3.org%2F2001%2F04%2Fxmldsig-more%23rsa-sha256&Signature=0Eai6VpcO5fSABSPykrLAN%2BjrFnLHE6EDTebSQqS3EMUKND49Ihkjh4CIflwgDJWbwu2TAFJEU7ZSh8UHgXbo5Y%2FIf3BKXX1WJo60pWTnPWhLc2C0VRF94zldDpMfnTyrfnrM%2BYDy0Qh3E9%2F2IWnKQ1%2BGRwWrQ62h%2BSmc9GYtfbgeRYoqUrdH1rvYv773QGqaFLJVhaR3r092Ls1YMq4cd2aq5vejVIZp3F8LQkDlcEygpFuJjuupPI8EFcvzU%2B01hGeqUV07x9lwKF6C93o64ZvQ3PLg%2FzfYe7a92waNUmyytEQSLt%2Be2G3FxyH9DP9gf%2BlElpZ0E725r8ecU%2Fa8w%3D%3D,404
https://learning.procurement.govt.nz/,https://learning.procurement.govt.nz/course/info.php?id=71,https://api.business.govt.nz/b2cessmapprd.onmicrosoft.com/B2C_1A_signup_signin_saml_NZGP_LMS/samlp/sso/login?SAMLRequest=nVLLbtswEPwVgXeJElUrDmEbUGy0NeCkQuz0kItAkZRNQHyUS6WPry8tt016qA89kVzuzM7u7AKYHhytx3Ayj%2FLLKCEk3%2FRggE4fSzR6Qy0DBdQwLYEGTvf1%2FY6SLKfO22C5HdAbyHUEA5A%2BKGtQst0sUTvPb8r8ltxWpChZKQWfzcmsq%2Ba86ub9rOwrIQTpe1LNUPJZeojIJYpEEQ4wyq2BwEyIoZxUaV6mZXHI31FCaH7zjJJN7EYZFibUKQQHFGPmVNaNoIwEyI72JWTmB%2B4Ij0%2FNnPMis0Yr7i3YPmTcanxH1m1Rt6COZnTToUx77rV9eP7QtLv7PZ6GhQEsHuxRxe7q342urYFRS7%2BX%2FkVx%2BfS4e5UySOYj1zGLg%2BSjl1qa8EcSi5ZMvASDu1xSxiFzJ3cViJLmly13yoiYdN2R7pIE9OPh0KTNp%2F0BrRbnanSasF%2F9h1gtAxMssLPWBX5Ltris20OUsd00dlD8e%2FLees3Cv1UWWTFFlEj7KZVKzdRQC%2BGjZ3HUw2C%2Frr1kQS5R8KNEeHWp%2Bvder34C&RelayState=https%3A%2F%2Flearning.procurement.govt.nz%2Fgrade%2Freport%2Fuser%2Findex.php%3Fid%3D71&SigAlg=http%3A%2F%2Fwww.w3.org%2F2001%2F04%2Fxmldsig-more%23rsa-sha256&Signature=Jizr%2FodzRP%2BEZEqN%2FjlQ4e9WuXq1B8VI%2FfCsHzAyqGy6Dh7RqIQ6hhk2IYqVHMfhGkUwUPQjUrGvb7w4R4SwWRvBwvx4Q%2F8pUdqiNKklqzf1nYpiNHdbxg8sJT1WYLHXKMBXlFomk4iN03F2wiXIfZ9wL3tgbjUZRDt0rrmjCZmrlsVR4dTHUxOIa%2FJY3CZtuQcVecc4cN6N%2FvRFxGFT0QqYXDimBTCZZLHT6ygn0C6x%2FQaqRwQax5SgbZzD%2BgTCoZs5UIP1QkrT8XybyEWJYlSdhAL4PU0ffQTLJU1CfmBpy6OjP%2FANWo5ovQEIIAXP6nWjEN%2FEh0pJPbJVeDjrag%3D%3D,404
https://learning.procurement.govt.nz/,https://learning.procurement.govt.nz/course/info.php?id=72,https://api.business.govt.nz/b2cessmapprd.onmicrosoft.com/B2C_1A_signup_signin_saml_NZGP_LMS/samlp/sso/login?SAMLRequest=nVLJbtswEP0VgXeJWrzEhG1AsdHWgJMKsdtDLsKYpG0C4lIOlS5fH1rukh7qQ08kh%2FPevJk3cwTdOVb34Wye5JdeYki%2B6c4gGz4WpPeGWUCFzICWyAJnu%2Fphy8osZ87bYLntyBvIbQQgSh%2BUNSTZrBeknY3G40k%2BLcY8n0iYHmejO6iKvCqrw%2ByuEsUYcs5BzMSUJJ%2Blx4hckEgU4Yi93BgMYEIM5eUkzau0Kvb5iJUFq6bPJFnHbpSBMKDOIThklIJT2aFHZSRidrIvITM%2F6KHk8anBOS8ya7Ti3qI9hoxbTe%2FLVVvULaqT6d1wKNNeem0fn9837fZhR4dhUURLO3tSsbv6V6Mra7DX0u%2Bkf1Fcfnra%2FpHSSfCR65TFQfLeSy1N%2BC0JoiUDb0nRXS8pcMzc2d0EkqT5acu9MiIm3XbkcE1C9mG%2Fb9Lm425PlvNLNTZM2C%2F%2FQ6yWAQQEuGid07dk8%2Bu6PUYZm3VjO8W%2FJ%2B%2Bs1xD%2BrbLIiiGiRHocUpnUoLpaCB89i6PuOvt15SUEuSDB95LQ5bXq33u9fAU%3D&RelayState=https%3A%2F%2Flearning.procurement.govt.nz%2Fcourse%2Fview.php%3Fid%3D72&SigAlg=http%3A%2F%2Fwww.w3.org%2F2001%2F04%2Fxmldsig-more%23rsa-sha256&Signature=eTNlLh7%2FIk30eh8D4pjnp7I99L4%2BaIK86VBfbG4CoC24XJM5kByoasjdfyG1z6YpCPdA5Z7mZfCmM41upKLYhYyju27evdZZRR1EhVcuSBqUyHwoYorlRJPrHwprU26SaQdKnj4kJwTTig%2FjvuvwHHPIMKvf7O4wVMDpFWopylIhI4uaHKGeqeSdMvZwoNc7X3VBT3ILqL9EMWnQPrGf9K3AFGoEwMItuN22NgFq8EPNFps6fPNDziUfSqYBdT4RUXPMvTMcuuT85NTBGiKMkwmrZTK%2BVW7FFd07M4Z9tCAl7u3zI5zE%2B3uDUXZsTtnuahOK17UBjPphkw8LrrXPgg%3D%3D,404
https://learning.procurement.govt.nz/,https://learning.procurement.govt.nz/course/info.php?id=72,https://api.business.govt.nz/b2cessmapprd.onmicrosoft.com/B2C_1A_signup_signin_saml_NZGP_LMS/samlp/sso/login?SAMLRequest=nVLLbtswEPwVgXe9KNVuCNuAYqOtAScVYqeHXIQVSdkERFLlUunj60PLbZoe6kMBAiSXO7szO1wg6H5g1ehP5kF%2BHSX66LvuDbLpYUlGZ5gFVMgMaInMc7av7naMJhkbnPWW2568gVxHAKJ0XllDou1mSZoigxmHIhflzbv3nciKjrZQCpFRSksh5%2B38hne8nM%2BARF%2Bkw4BcklAowBFHuTXowfgQyugszoq4yA9ZySgN64lEm6BGGfAT6uT9gCxNYVBJO6IyEjE52mefmJ9pS3m4ahgGJxJrtOLOou18wq1Ob%2Bm6yasG1dGMw7Qp05y1NvdPH%2Btmd7dPp2GliDbt7VEFddVvoWtrcNTS7aV7Vlw%2BPuz%2BUOkluFDrmIRB8tFJLY1%2FpQTBkqkuTXG4HGLgmAyn4SqQRPUvW26VESHpuiPtJQnZp8OhjuvP%2BwNZLc7d2DRht%2FoPslp6EODhzHWRvi22uHy3%2B0Bju6ltr%2FiP6IN1Gvy%2FWeZJPkWUiLsplUkNqq%2BEcMGzMOq%2Bt9%2FWToKXS%2BLdKEm6unT9%2B1%2BvXgA%3D&RelayState=https%3A%2F%2Flearning.procurement.govt.nz%2Fgrade%2Freport%2Fuser%2Findex.php%3Fid%3D72&SigAlg=http%3A%2F%2Fwww.w3.org%2F2001%2F04%2Fxmldsig-more%23rsa-sha256&Signature=hi8qDTcpr4Zh6E0jK2b1xuFPJjYsUgvoCgIr64cZH5yQpnPAN5jkpx0cDHM6GPf2e%2F7FiUV5FYnUW3grG%2BPnrqp5sINVe59sHPmuw7T%2BoM0TcM9VNjj5613qLPVPkNy6FmWUjmVks69Q3XhRMydjJgldX0qyz9s2bfqA9vfUSBzsDCvJzYrfMd%2F0RIcNwtky4DdX5f5G1yGfwPVl1QCy%2BFEViNDK%2FoZ6XQebXKJsZaIfzaEcSEO%2F1Zqpj63OzXVnypFuNsJ%2B0pRovvYfwP59e3jt%2F90UO%2FA%2Fq5LK1fkab0sgRxSYDCk%2Fi5JuoX4GKgKdMVTeNFcIFEpvfQCX8mYMlw%3D%3D,404
https://learning.tradingstandards.govt.nz/login/,https://learning.tradingstandards.govt.nz/login/,https://learning.tradingstandards.govt.nz/login/,-1
https://learningfromhome.govt.nz/,https://learningfromhome.govt.nz/,https://learningfromhome.govt.nz/copyright,405
https://learningfromhome.govt.nz/,https://learningfromhome.govt.nz/,https://learningfromhome.govt.nz/HLTV,405
https://learningfromhome.govt.nz/,https://learningfromhome.govt.nz/,https://learningfromhome.govt.nz/learning-resources/hard-copy-resource-packs,405
https://learningfromhome.govt.nz/,https://learningfromhome.govt.nz/,https://learningfromhome.govt.nz/pacific-communities,405
https://learningfromhome.govt.nz/,https://learningfromhome.govt.nz/,https://learningfromhome.govt.nz/privacy,405
https://learningfromhome.govt.nz/,https://learningfromhome.govt.nz/,https://learningfromhome.govt.nz/resources?age=Years_1_to_4,405
https://learningfromhome.govt.nz/,https://learningfromhome.govt.nz/,https://learningfromhome.govt.nz/resources?age=Years_5_to_8,405
https://learningfromhome.govt.nz/,https://learningfromhome.govt.nz/,https://learningfromhome.govt.nz/resources?age=Years_9_to_13,405
https://learningfromhome.govt.nz/,https://learningfromhome.govt.nz/,https://learningfromhome.govt.nz/resources?view=other,405
https://learningfromhome.govt.nz/,https://learningfromhome.govt.nz/,https://learningfromhome.govt.nz/resources/accessible-chef,405
https://learningfromhome.govt.nz/,https://learningfromhome.govt.nz/,https://learningfromhome.govt.nz/resources/anyquestions,405
https://learningfromhome.govt.nz/,https://learningfromhome.govt.nz/,https://learningfromhome.govt.nz/resources/learning-home-advice-teachers,405
https://learningfromhome.govt.nz/,https://learningfromhome.govt.nz/,https://learningfromhome.govt.nz/resources/new-zealand-sign-language-nzsl-kids-tv,405
https://learningfromhome.govt.nz/,https://learningfromhome.govt.nz/,https://learningfromhome.govt.nz/resources/nzmaths-families-and-whanau,403
https://learningfromhome.govt.nz/,https://learningfromhome.govt.nz/,https://learningfromhome.govt.nz/resources/pathways-awarua,405
https://learningfromhome.govt.nz/,https://learningfromhome.govt.nz/,https://learningfromhome.govt.nz/resources/potential-performance,405
https://learningfromhome.govt.nz/,https://learningfromhome.govt.nz/,https://learningfromhome.govt.nz/resources/reading-home,405
https://learningfromhome.govt.nz/,https://learningfromhome.govt.nz/,https://learningfromhome.govt.nz/resources/ready-read,405
https://learningfromhome.govt.nz/,https://learningfromhome.govt.nz/,https://learningfromhome.govt.nz/resources/te-whariki-support-kaiako,405
https://learningfromhome.govt.nz/,https://learningfromhome.govt.nz/,https://learningfromhome.govt.nz/resources/te-whariki-support-whanau,405
https://learningfromhome.govt.nz/,https://learningfromhome.govt.nz/,https://learningfromhome.govt.nz/social-media-terms-of-use,405
https://learningfromhome.govt.nz/,https://learningfromhome.govt.nz/,https://learningfromhome.govt.nz/updates/2022-learning-home-packs-3,405
https://learningfromhome.govt.nz/,https://learningfromhome.govt.nz/,https://learningfromhome.govt.nz/updates/hybrid-learning-guidance-1,405
https://learningfromhome.govt.nz/,https://learningfromhome.govt.nz/,https://learningfromhome.govt.nz/wellbeing/covid19-wellbeing-guide,405
https://learningfromhome.govt.nz/,https://learningfromhome.govt.nz/2022-learning-packs,https://learningfromhome.govt.nz/2022-learning-packs/refreshed,405
https://learningfromhome.govt.nz/,https://learningfromhome.govt.nz/contact-us,https://learningfromhome.govt.nz/enquiries.national%40education.govt.nz,405
https://learningfromhome.govt.nz/,https://learningfromhome.govt.nz/distance-learning/advice-for-teachers,https://learningfromhome.govt.nz/distance-learning/advice-for-teachers/advice-for-early-learning-professionals,405
https://learningfromhome.govt.nz/,https://learningfromhome.govt.nz/distance-learning/advice-for-teachers/advice-for-school-teachers-and-leaders,https://learningfromhome.govt.nz/distance-learning/advice-for-teachers/Principles-practices-hybrid-learning,405
https://learningfromhome.govt.nz/,https://learningfromhome.govt.nz/distance-learning/advice-for-teachers/practice-of-hybrid-learning,https://learningfromhome.govt.nz/distance-learning/advice-for-teachers/practice-of-hybrid-learning/%C5%8Cr%C4%81kei-Primary,405
https://learningfromhome.govt.nz/,https://learningfromhome.govt.nz/distance-learning/advice-for-teachers/practice-of-hybrid-learning,https://learningfromhome.govt.nz/distance-learning/advice-for-teachers/practice-of-hybrid-learning/Albany-Senior-High-School,405
https://learningfromhome.govt.nz/,https://learningfromhome.govt.nz/distance-learning/advice-for-teachers/practice-of-hybrid-learning,https://learningfromhome.govt.nz/distance-learning/advice-for-teachers/practice-of-hybrid-learning/Avonside-Girls-High-School,405
https://learningfromhome.govt.nz/,https://learningfromhome.govt.nz/distance-learning/advice-for-teachers/practice-of-hybrid-learning,https://learningfromhome.govt.nz/distance-learning/advice-for-teachers/practice-of-hybrid-learning/Broadgreen-Intermediate,405
https://learningfromhome.govt.nz/,https://learningfromhome.govt.nz/distance-learning/advice-for-teachers/practice-of-hybrid-learning,https://learningfromhome.govt.nz/distance-learning/advice-for-teachers/practice-of-hybrid-learning/Henley-School,405
https://learningfromhome.govt.nz/,https://learningfromhome.govt.nz/distance-learning/advice-for-teachers/practice-of-hybrid-learning,https://learningfromhome.govt.nz/distance-learning/advice-for-teachers/practice-of-hybrid-learning/Ilminster-Intermediate,405
https://learningfromhome.govt.nz/,https://learningfromhome.govt.nz/distance-learning/advice-for-teachers/practice-of-hybrid-learning,https://learningfromhome.govt.nz/distance-learning/advice-for-teachers/practice-of-hybrid-learning/Inglewood-Primary-School,405
https://learningfromhome.govt.nz/,https://learningfromhome.govt.nz/distance-learning/advice-for-teachers/practice-of-hybrid-learning,https://learningfromhome.govt.nz/distance-learning/advice-for-teachers/practice-of-hybrid-learning/M%25C4%2581pua-School,405
https://learningfromhome.govt.nz/,https://learningfromhome.govt.nz/distance-learning/advice-for-teachers/practice-of-hybrid-learning,https://learningfromhome.govt.nz/distance-learning/advice-for-teachers/practice-of-hybrid-learning/Ngongotah%25C4%2581-School,405
https://learningfromhome.govt.nz/,https://learningfromhome.govt.nz/distance-learning/advice-for-teachers/practice-of-hybrid-learning,https://learningfromhome.govt.nz/distance-learning/advice-for-teachers/practice-of-hybrid-learning/Otaki-College,405
https://learningfromhome.govt.nz/,https://learningfromhome.govt.nz/distance-learning/advice-for-teachers/practice-of-hybrid-learning,https://learningfromhome.govt.nz/distance-learning/advice-for-teachers/practice-of-hybrid-learning/Paeroa-Christian-School,405
https://learningfromhome.govt.nz/,https://learningfromhome.govt.nz/distance-learning/advice-for-teachers/practice-of-hybrid-learning,https://learningfromhome.govt.nz/distance-learning/advice-for-teachers/practice-of-hybrid-learning/Part-1-Collaboration,405
https://learningfromhome.govt.nz/,https://learningfromhome.govt.nz/distance-learning/advice-for-teachers/practice-of-hybrid-learning,https://learningfromhome.govt.nz/distance-learning/advice-for-teachers/practice-of-hybrid-learning/Part-2-Collaboration,405
https://learningfromhome.govt.nz/,https://learningfromhome.govt.nz/distance-learning/advice-for-teachers/practice-of-hybrid-learning,https://learningfromhome.govt.nz/distance-learning/advice-for-teachers/practice-of-hybrid-learning/Part-3-Collaboration,405
https://learningfromhome.govt.nz/,https://learningfromhome.govt.nz/distance-learning/advice-for-teachers/practice-of-hybrid-learning,https://learningfromhome.govt.nz/distance-learning/advice-for-teachers/practice-of-hybrid-learning/Part-4-Collaboration,405
https://learningfromhome.govt.nz/,https://learningfromhome.govt.nz/distance-learning/advice-for-teachers/practice-of-hybrid-learning,https://learningfromhome.govt.nz/distance-learning/advice-for-teachers/practice-of-hybrid-learning/Part-5-Collaboration,405
https://learningfromhome.govt.nz/,https://learningfromhome.govt.nz/distance-learning/advice-for-teachers/practice-of-hybrid-learning,https://learningfromhome.govt.nz/distance-learning/advice-for-teachers/practice-of-hybrid-learning/Redhill-School,405
https://learningfromhome.govt.nz/,https://learningfromhome.govt.nz/distance-learning/advice-for-teachers/practice-of-hybrid-learning,https://learningfromhome.govt.nz/distance-learning/advice-for-teachers/practice-of-hybrid-learning/Riccarton-High-School,405
https://learningfromhome.govt.nz/,https://learningfromhome.govt.nz/distance-learning/advice-for-teachers/practice-of-hybrid-learning,https://learningfromhome.govt.nz/distance-learning/advice-for-teachers/practice-of-hybrid-learning/Roskill-South,405
https://learningfromhome.govt.nz/,https://learningfromhome.govt.nz/distance-learning/advice-for-teachers/practice-of-hybrid-learning,https://learningfromhome.govt.nz/distance-learning/advice-for-teachers/practice-of-hybrid-learning/Sylvia-Part1,405
https://learningfromhome.govt.nz/,https://learningfromhome.govt.nz/distance-learning/advice-for-teachers/practice-of-hybrid-learning,https://learningfromhome.govt.nz/distance-learning/advice-for-teachers/practice-of-hybrid-learning/Sylvia-Part2,405
https://learningfromhome.govt.nz/,https://learningfromhome.govt.nz/distance-learning/advice-for-teachers/practice-of-hybrid-learning,https://learningfromhome.govt.nz/distance-learning/advice-for-teachers/practice-of-hybrid-learning/Sylvia-Part3,405
https://learningfromhome.govt.nz/,https://learningfromhome.govt.nz/distance-learning/advice-for-teachers/practice-of-hybrid-learning,https://learningfromhome.govt.nz/distance-learning/advice-for-teachers/practice-of-hybrid-learning/Te-Kura-%25C4%2580konga-o-Manurewa,405
https://learningfromhome.govt.nz/,https://learningfromhome.govt.nz/distance-learning/advice-for-teachers/practice-of-hybrid-learning,https://learningfromhome.govt.nz/distance-learning/advice-for-teachers/practice-of-hybrid-learning/Waitara-East-School,405
https://learningfromhome.govt.nz/,https://learningfromhome.govt.nz/distance-learning/planning-for-inclusion,https://learningfromhome.govt.nz/distance-learning/planning-for-inclusion/supporting-ors-funded-students,405
https://learningfromhome.govt.nz/,https://learningfromhome.govt.nz/distance-learning/planning-for-inclusion,https://learningfromhome.govt.nz/distance-learning/planning-for-inclusion/working-with-learning-support,405
https://learningfromhome.govt.nz/,https://learningfromhome.govt.nz/learning-resources,https://learningfromhome.govt.nz/learning-resources/2022-learning-packs,405
https://learningfromhome.govt.nz/,https://learningfromhome.govt.nz/learning-resources,https://learningfromhome.govt.nz/learning-resources/supported-learning-from-home-resources,405
https://learningfromhome.govt.nz/,https://learningfromhome.govt.nz/learning-resources/supporting-learning-from-home-resources,https://learningfromhome.govt.nz/learning-resources/learning-support-packs,405
https://learningfromhome.govt.nz/,https://learningfromhome.govt.nz/learning-resources/supporting-learning-from-home-resources,https://learningfromhome.govt.nz/learning-resources/supporting-learning-from-home-resources/early-learning,405
https://learningfromhome.govt.nz/,https://learningfromhome.govt.nz/learning-resources/supporting-learning-from-home-resources,https://learningfromhome.govt.nz/learning-resources/supporting-learning-from-home-resources/year-1,405
https://learningfromhome.govt.nz/,https://learningfromhome.govt.nz/learning-resources/supporting-learning-from-home-resources,https://learningfromhome.govt.nz/learning-resources/supporting-learning-from-home-resources/year-2,405
https://learningfromhome.govt.nz/,https://learningfromhome.govt.nz/learning-resources/supporting-learning-from-home-resources,https://learningfromhome.govt.nz/learning-resources/supporting-learning-from-home-resources/year-3,405
https://learningfromhome.govt.nz/,https://learningfromhome.govt.nz/learning-resources/supporting-learning-from-home-resources,https://learningfromhome.govt.nz/learning-resources/supporting-learning-from-home-resources/year-4,405
https://learningfromhome.govt.nz/,https://learningfromhome.govt.nz/learning-resources/supporting-learning-from-home-resources,https://learningfromhome.govt.nz/learning-resources/supporting-learning-from-home-resources/year-5,405
https://learningfromhome.govt.nz/,https://learningfromhome.govt.nz/learning-resources/supporting-learning-from-home-resources,https://learningfromhome.govt.nz/learning-resources/supporting-learning-from-home-resources/year-6,405
https://learningfromhome.govt.nz/,https://learningfromhome.govt.nz/learning-resources/supporting-learning-from-home-resources,https://learningfromhome.govt.nz/learning-resources/supporting-learning-from-home-resources/year-7,405
https://learningfromhome.govt.nz/,https://learningfromhome.govt.nz/learning-resources/supporting-learning-from-home-resources,https://learningfromhome.govt.nz/learning-resources/supporting-learning-from-home-resources/years-9-and-10,405
https://learningfromhome.govt.nz/,https://learningfromhome.govt.nz/learning-resources/supporting-learning-from-home-resources/y-9-10-parent-wh%C4%81nau-guidance,https://learningfromhome.govt.nz/learning-resources/supporting-learning-from-home-resources/y-9-10-parent-wh%25C4%2581nau-guidance,405
https://learningfromhome.govt.nz/,https://learningfromhome.govt.nz/learning-resources/supporting-learning-from-home-resources/year-8,https://learningfromhome.govt.nz/learning-resources/supporting-learning-from-home-resources/y-4-8-parent-wh%C4%81nau-guidance,405
https://learningfromhome.govt.nz/,https://learningfromhome.govt.nz/learning-resources/supporting-learning-from-home-resources/year-8,https://learningfromhome.govt.nz/resources?age=Years_5_to_8&focus_area=Literacy,405
https://learningfromhome.govt.nz/,https://learningfromhome.govt.nz/learning-resources/supporting-learning-from-home-resources/year-8,https://learningfromhome.govt.nz/resources?age=Years_5_to_8&focus_area=Science,405
https://learningfromhome.govt.nz/,https://learningfromhome.govt.nz/learning-resources/supporting-learning-from-home-resources/year-8,https://learningfromhome.govt.nz/resources/building-science-concepts-making-plants,405
https://learningfromhome.govt.nz/,https://learningfromhome.govt.nz/learning-resources/supporting-learning-from-home-resources/year-8,https://learningfromhome.govt.nz/resources/climate-change-learning-programme,405
https://learningfromhome.govt.nz/,https://learningfromhome.govt.nz/learning-resources/supporting-learning-from-home-resources/year-8,https://learningfromhome.govt.nz/resources/connected-getting-message,405
https://learningfromhome.govt.nz/,https://learningfromhome.govt.nz/learning-resources/supporting-learning-from-home-resources/year-8,https://learningfromhome.govt.nz/resources/school-journal-level-4-may-2020,405
https://learningfromhome.govt.nz/,https://learningfromhome.govt.nz/resources,https://learningfromhome.govt.nz/resources/clapmotion,405
https://learningfromhome.govt.nz/,https://learningfromhome.govt.nz/resources,https://learningfromhome.govt.nz/resources/coding-kupe-tuhiwaehere-ki-kupe,405
https://learningfromhome.govt.nz/,https://learningfromhome.govt.nz/resources,https://learningfromhome.govt.nz/resources/esol-online-focus-english-series,405
https://learningfromhome.govt.nz/,https://learningfromhome.govt.nz/resources,https://learningfromhome.govt.nz/resources/esol-online-vocabulary,405
https://learningfromhome.govt.nz/,https://learningfromhome.govt.nz/resources,https://learningfromhome.govt.nz/resources/flight,405
https://learningfromhome.govt.nz/,https://learningfromhome.govt.nz/resources,https://learningfromhome.govt.nz/resources/genesis-school-gen,405
https://learningfromhome.govt.nz/,https://learningfromhome.govt.nz/resources,https://learningfromhome.govt.nz/resources/helpkidzlearn,405
https://learningfromhome.govt.nz/,https://learningfromhome.govt.nz/resources,https://learningfromhome.govt.nz/resources/investigating-shadows-and-position-sun,405
https://learningfromhome.govt.nz/,https://learningfromhome.govt.nz/resources,https://learningfromhome.govt.nz/resources/investigating-shadows-position-sun,405
https://learningfromhome.govt.nz/,https://learningfromhome.govt.nz/resources,https://learningfromhome.govt.nz/resources/junior-journal,405
https://learningfromhome.govt.nz/,https://learningfromhome.govt.nz/resources,https://learningfromhome.govt.nz/resources/learnz,405
https://learningfromhome.govt.nz/,https://learningfromhome.govt.nz/resources,https://learningfromhome.govt.nz/resources/matariki-breakfast,405
https://learningfromhome.govt.nz/,https://learningfromhome.govt.nz/resources,https://learningfromhome.govt.nz/resources/maths-memory,405
https://learningfromhome.govt.nz/,https://learningfromhome.govt.nz/resources,https://learningfromhome.govt.nz/resources/nanogirl-and-moe-talk-about-covid-19-event,405
https://learningfromhome.govt.nz/,https://learningfromhome.govt.nz/resources,https://learningfromhome.govt.nz/resources/new-zealand-curriculum-online-anzac-day,405
https://learningfromhome.govt.nz/,https://learningfromhome.govt.nz/resources,https://learningfromhome.govt.nz/resources/pasifika-dual-language-books,405
https://learningfromhome.govt.nz/,https://learningfromhome.govt.nz/resources,https://learningfromhome.govt.nz/resources/salute,405
https://learningfromhome.govt.nz/,https://learningfromhome.govt.nz/resources,https://learningfromhome.govt.nz/resources/school-journal,405
https://learningfromhome.govt.nz/,https://learningfromhome.govt.nz/resources,https://learningfromhome.govt.nz/resources/school-journal-te-tiriti-o-waitangi,405
https://learningfromhome.govt.nz/,https://learningfromhome.govt.nz/resources,https://learningfromhome.govt.nz/resources/sorted-schools,405
https://learningfromhome.govt.nz/,https://learningfromhome.govt.nz/resources,https://learningfromhome.govt.nz/resources/tales-te-papa,405
https://learningfromhome.govt.nz/,https://learningfromhome.govt.nz/resources,https://learningfromhome.govt.nz/resources/tar-heel-shared-reader,405
https://learningfromhome.govt.nz/,https://learningfromhome.govt.nz/resources,https://learningfromhome.govt.nz/resources/te-tiriti-o-waitangi,405
https://learningfromhome.govt.nz/,https://learningfromhome.govt.nz/resources,https://learningfromhome.govt.nz/resources/topic-explorer,405
https://learningfromhome.govt.nz/,https://learningfromhome.govt.nz/resources,https://learningfromhome.govt.nz/resources/video-magic-how-green-screen,405
https://learningfromhome.govt.nz/,https://learningfromhome.govt.nz/resources,https://learningfromhome.govt.nz/resources/whats-missing,405
https://learningfromhome.govt.nz/,https://learningfromhome.govt.nz/resources?age=Early_Learning,https://learningfromhome.govt.nz/resources/art-ideas-tiny-studio,405
https://learningfromhome.govt.nz/,https://learningfromhome.govt.nz/resources?age=Early_Learning,https://learningfromhome.govt.nz/resources/comprehensive-literacy-all,405
https://learningfromhome.govt.nz/,https://learningfromhome.govt.nz/resources?age=Early_Learning,https://learningfromhome.govt.nz/resources/he-mapuna-te-tamaiti,405
https://learningfromhome.govt.nz/,https://learningfromhome.govt.nz/resources?age=Early_Learning,https://learningfromhome.govt.nz/resources/kei-roto-i-te-whare,405
https://learningfromhome.govt.nz/,https://learningfromhome.govt.nz/resources?age=Early_Learning,https://learningfromhome.govt.nz/resources/make-most-special-times-together,405
https://learningfromhome.govt.nz/,https://learningfromhome.govt.nz/resources?age=Early_Learning,https://learningfromhome.govt.nz/resources/more-words,405
https://learningfromhome.govt.nz/,https://learningfromhome.govt.nz/resources?age=Early_Learning,https://learningfromhome.govt.nz/resources/playcentre-virtual-village,405
https://learningfromhome.govt.nz/,https://learningfromhome.govt.nz/resources?age=Early_Learning,https://learningfromhome.govt.nz/resources/plunket,405
https://learningfromhome.govt.nz/,https://learningfromhome.govt.nz/resources?age=Early_Learning,https://learningfromhome.govt.nz/resources/serve-and-return,405
https://learningfromhome.govt.nz/,https://learningfromhome.govt.nz/resources?age=Early_Learning,https://learningfromhome.govt.nz/resources/storytime,405
https://learningfromhome.govt.nz/,https://learningfromhome.govt.nz/resources?age=Early_Learning,https://learningfromhome.govt.nz/resources/toddler-whispering,405
https://learningfromhome.govt.nz/,https://learningfromhome.govt.nz/resources?age=Early_Learning,https://learningfromhome.govt.nz/resources/tuia-matauranga-geotour,405
https://learningfromhome.govt.nz/,https://learningfromhome.govt.nz/resources?age=Early_Learning,https://learningfromhome.govt.nz/resources/tuia-matauranga-voyaging-through-history,405
https://learningfromhome.govt.nz/,https://learningfromhome.govt.nz/updates,https://learningfromhome.govt.nz/updates?page=1,405
https://learningfromhome.govt.nz/,https://learningfromhome.govt.nz/updates,https://learningfromhome.govt.nz/updates/2022-learning-home-packs-1,405
https://learningfromhome.govt.nz/,https://learningfromhome.govt.nz/updates,https://learningfromhome.govt.nz/updates/2022-learning-home-packs-2,405
https://learningfromhome.govt.nz/,https://learningfromhome.govt.nz/updates,https://learningfromhome.govt.nz/updates/guidance-and-supports-delivering-hybrid-learning,405
https://learningfromhome.govt.nz/,https://learningfromhome.govt.nz/updates,https://learningfromhome.govt.nz/updates/guidance-and-supports-delivering-hybrid-learning-0,405
https://learningfromhome.govt.nz/,https://learningfromhome.govt.nz/updates,https://learningfromhome.govt.nz/updates/guidance-and-supports-delivering-hybrid-learning-1,405
https://learningfromhome.govt.nz/,https://learningfromhome.govt.nz/updates,https://learningfromhome.govt.nz/updates/guidance-and-supports-delivering-hybrid-learning-2,405
https://learningfromhome.govt.nz/,https://learningfromhome.govt.nz/updates,https://learningfromhome.govt.nz/updates/hybrid-learning-guidance,405
https://learningfromhome.govt.nz/,https://learningfromhome.govt.nz/wellbeing,https://learningfromhome.govt.nz/wellbeing/emergency-wellbeing-advice,405
https://mahi.orangatamariki.govt.nz/home,https://mahi.orangatamariki.govt.nz/jobdetails/ajid/2E3ub/Care-and-Protection-Residences-Social-Worker-Puketai%2C40875.html,https://mahi.orangatamariki.govt.nz/jobdetails/ajid/2E3ub/Care-and-Protection-Residences-Social-Worker-Puketai%252C40875.html,500
https://mahi.orangatamariki.govt.nz/home,https://mahi.orangatamariki.govt.nz/jobdetails/ajid/5Ntsb/Coordinator-Youth-Justice-Paeroa%2C40770.html,https://mahi.orangatamariki.govt.nz/jobdetails/ajid/5Ntsb/Coordinator-Youth-Justice-Paeroa%252C40770.html,500
https://mahi.orangatamariki.govt.nz/home,https://mahi.orangatamariki.govt.nz/jobdetails/ajid/6t8wb/Care-and-Protection-Social-Worker-Waipukurau%2C41000.html,https://mahi.orangatamariki.govt.nz/jobdetails/ajid/6t8wb/Care-and-Protection-Social-Worker-Waipukurau%2525252C41000.html?isSignedIn=candidate&tracker=604330148,500
https://mahi.orangatamariki.govt.nz/home,https://mahi.orangatamariki.govt.nz/jobdetails/ajid/8Dw0b/Team-Leader-Clinical-Practice-Whakatakapokai-Auckland%2C38348.html,https://mahi.orangatamariki.govt.nz/jobdetails/ajid/8Dw0b/Team-Leader-Clinical-Practice-Whakatakapokai-Auckland%2525252C38348.html?isSignedIn=candidate&tracker=604330148,500
https://mahi.orangatamariki.govt.nz/home,https://mahi.orangatamariki.govt.nz/jobdetails/ajid/8Dw0b/Team-Leader-Clinical-Practice-Whakatakapokai-Auckland%2C38348.html,https://mahi.orangatamariki.govt.nz/jobdetails/ajid/8Dw0b/Team-Leader-Clinical-Practice-Whakatakapokai-Auckland%252C38348.html,500
https://mahi.orangatamariki.govt.nz/home,https://mahi.orangatamariki.govt.nz/jobdetails/ajid/B8Dkb/Social-Worker-Youth-Justice%2C40199.html,https://mahi.orangatamariki.govt.nz/jobdetails/ajid/B8Dkb/Social-Worker-Youth-Justice%2525252C40199.html?isSignedIn=candidate&tracker=604330148,500
https://mahi.orangatamariki.govt.nz/home,https://mahi.orangatamariki.govt.nz/jobdetails/ajid/bLTwb/Fixed-Term-Programme-Coordinator-Epuni-Lower-Hutt%2C41043.html,https://mahi.orangatamariki.govt.nz/jobdetails/ajid/bLTwb/Fixed-Term-Programme-Coordinator-Epuni-Lower-Hutt%252C41043.html,500
https://mahi.orangatamariki.govt.nz/home,https://mahi.orangatamariki.govt.nz/jobdetails/ajid/CXhqb/Workplace-Administrator%2C40639.html,https://mahi.orangatamariki.govt.nz/jobdetails/ajid/CXhqb/Workplace-Administrator%2525252C40639.html?isSignedIn=candidate&tracker=604330148,500
https://mahi.orangatamariki.govt.nz/home,https://mahi.orangatamariki.govt.nz/jobdetails/ajid/CXhqb/Workplace-Administrator%2C40639.html,https://mahi.orangatamariki.govt.nz/jobdetails/ajid/CXhqb/Workplace-Administrator%252C40639.html,500
https://mahi.orangatamariki.govt.nz/home,https://mahi.orangatamariki.govt.nz/jobdetails/ajid/dCWvb/Workplace-Administrator-Whanganui-Site%2C40990.html,https://mahi.orangatamariki.govt.nz/jobdetails/ajid/dCWvb/Workplace-Administrator-Whanganui-Site%2525252C40990.html?isSignedIn=candidate&tracker=604330148,500
https://mahi.orangatamariki.govt.nz/home,https://mahi.orangatamariki.govt.nz/jobdetails/ajid/F3evb/Social-Worker-Invercargill-Site%2C40942.html,https://mahi.orangatamariki.govt.nz/jobdetails/ajid/F3evb/Social-Worker-Invercargill-Site%2525252C40942.html?isSignedIn=candidate&tracker=604330148,500
https://mahi.orangatamariki.govt.nz/home,https://mahi.orangatamariki.govt.nz/jobdetails/ajid/F3evb/Social-Worker-Invercargill-Site%2C40942.html,https://mahi.orangatamariki.govt.nz/jobdetails/ajid/F3evb/Social-Worker-Invercargill-Site%252C40942.html,500
https://mahi.orangatamariki.govt.nz/home,https://mahi.orangatamariki.govt.nz/jobdetails/ajid/f6bmb/Social-Worker-Christchurch-West%2C40325.html,https://mahi.orangatamariki.govt.nz/jobdetails/ajid/f6bmb/Social-Worker-Christchurch-West%2525252C40325.html?isSignedIn=candidate&tracker=604330148,500
https://mahi.orangatamariki.govt.nz/home,https://mahi.orangatamariki.govt.nz/jobdetails/ajid/f6bmb/Social-Worker-Christchurch-West%2C40325.html,https://mahi.orangatamariki.govt.nz/jobdetails/ajid/f6bmb/Social-Worker-Christchurch-West%252C40325.html,500
https://mahi.orangatamariki.govt.nz/home,https://mahi.orangatamariki.govt.nz/jobdetails/ajid/irN4b/Social-Workers-Upper-South-Region-Pipeline-Job%2C38695.html,https://mahi.orangatamariki.govt.nz/jobdetails/ajid/irN4b/Social-Workers-Upper-South-Region-Pipeline-Job%252C38695.html,500
https://mahi.orangatamariki.govt.nz/home,https://mahi.orangatamariki.govt.nz/jobdetails/ajid/ivhxb/Workplace-Administrator%2C41056.html,https://mahi.orangatamariki.govt.nz/jobdetails/ajid/ivhxb/Workplace-Administrator%252C41056.html,500
https://mahi.orangatamariki.govt.nz/home,https://mahi.orangatamariki.govt.nz/jobdetails/ajid/JARTa/Social-Workers-Taranaki-Manawatu-Pipeline-Job%2C37259.html,https://mahi.orangatamariki.govt.nz/jobdetails/ajid/JARTa/Social-Workers-Taranaki-Manawatu-Pipeline-Job%2525252C37259.html?isSignedIn=candidate&tracker=604330148,500
https://mahi.orangatamariki.govt.nz/home,https://mahi.orangatamariki.govt.nz/jobdetails/ajid/Jblnb/Resource-Workers-Dannevirke%2C40413.html,https://mahi.orangatamariki.govt.nz/jobdetails/ajid/Jblnb/Resource-Workers-Dannevirke%2525252C40413.html?isSignedIn=candidate&tracker=604330148,500
https://mahi.orangatamariki.govt.nz/home,https://mahi.orangatamariki.govt.nz/jobdetails/ajid/Jblnb/Resource-Workers-Dannevirke%2C40413.html,https://mahi.orangatamariki.govt.nz/jobdetails/ajid/Jblnb/Resource-Workers-Dannevirke%252C40413.html,500
https://mahi.orangatamariki.govt.nz/home,https://mahi.orangatamariki.govt.nz/jobdetails/ajid/jfpkb/Casual-Resource-Workers-Whanganui-Child-and-Youth-support-%2C40188.html,https://mahi.orangatamariki.govt.nz/jobdetails/ajid/jfpkb/Casual-Resource-Workers-Whanganui-Child-and-Youth-support-%2525252C40188.html?isSignedIn=candidate&tracker=604330148,500
https://mahi.orangatamariki.govt.nz/home,https://mahi.orangatamariki.govt.nz/jobdetails/ajid/jfpkb/Casual-Resource-Workers-Whanganui-Child-and-Youth-support-%2C40188.html,https://mahi.orangatamariki.govt.nz/jobdetails/ajid/jfpkb/Casual-Resource-Workers-Whanganui-Child-and-Youth-support-%252C40188.html,500
https://mahi.orangatamariki.govt.nz/home,https://mahi.orangatamariki.govt.nz/jobdetails/ajid/JKOvb/Resource-Worker%2C40985.html,https://mahi.orangatamariki.govt.nz/jobdetails/ajid/JKOvb/Resource-Worker%2525252C40985.html?isSignedIn=candidate&tracker=604330148,500
https://mahi.orangatamariki.govt.nz/home,https://mahi.orangatamariki.govt.nz/jobdetails/ajid/KIIxb/Casual-Youth-Workers-Te-Kohanga-Youth-Justice-Home%2C41081.html,https://mahi.orangatamariki.govt.nz/jobdetails/ajid/KIIxb/Casual-Youth-Workers-Te-Kohanga-Youth-Justice-Home%252C41081.html,500
https://mahi.orangatamariki.govt.nz/home,https://mahi.orangatamariki.govt.nz/jobdetails/ajid/kxVfb/Social-Worker-Youth-Justice%2C39835.html,https://mahi.orangatamariki.govt.nz/jobdetails/ajid/kxVfb/Social-Worker-Youth-Justice%2525252C39835.html?isSignedIn=candidate&tracker=604330148,500
https://mahi.orangatamariki.govt.nz/home,https://mahi.orangatamariki.govt.nz/jobdetails/ajid/l0Hwb/Workplace-Administrator-Horowhenua%2C41030.html,https://mahi.orangatamariki.govt.nz/jobdetails/ajid/l0Hwb/Workplace-Administrator-Horowhenua%2525252C41030.html?isSignedIn=candidate&tracker=604330148,500
https://mahi.orangatamariki.govt.nz/home,https://mahi.orangatamariki.govt.nz/jobdetails/ajid/NGGwb/Senior-Solicitor-Litigation%2C41027.html,https://mahi.orangatamariki.govt.nz/jobdetails/ajid/NGGwb/Senior-Solicitor-Litigation%252C41027.html,500
https://mahi.orangatamariki.govt.nz/home,https://mahi.orangatamariki.govt.nz/jobdetails/ajid/Q7dvb/Team-Leader-Financial-Services%2C40940.html,https://mahi.orangatamariki.govt.nz/jobdetails/ajid/Q7dvb/Team-Leader-Financial-Services%2525252C40940.html?isSignedIn=candidate&tracker=604330148,500
https://mahi.orangatamariki.govt.nz/home,https://mahi.orangatamariki.govt.nz/jobdetails/ajid/S0Yxb/Solicitor%2C41089.html,https://mahi.orangatamariki.govt.nz/jobdetails/ajid/S0Yxb/Solicitor%2525252C41089.html?isSignedIn=candidate&tracker=604330148,500
https://mahi.orangatamariki.govt.nz/home,https://mahi.orangatamariki.govt.nz/jobdetails/ajid/VGnrb/Social-Worker%2C40708.html,https://mahi.orangatamariki.govt.nz/jobdetails/ajid/VGnrb/Social-Worker%2525252C40708.html?isSignedIn=candidate&tracker=604330148,500
https://mahi.orangatamariki.govt.nz/home,https://mahi.orangatamariki.govt.nz/jobdetails/ajid/VGnrb/Social-Worker%2C40708.html,https://mahi.orangatamariki.govt.nz/jobdetails/ajid/VGnrb/Social-Worker%252C40708.html,500
https://mahi.orangatamariki.govt.nz/home,https://mahi.orangatamariki.govt.nz/jobdetails/ajid/Vka6b/Casual-Resource-Workers-Manawatu-Child-and-Youth-support-%2C38806.html,https://mahi.orangatamariki.govt.nz/jobdetails/ajid/Vka6b/Casual-Resource-Workers-Manawatu-Child-and-Youth-support-%252C38806.html,500
https://mahi.orangatamariki.govt.nz/home,https://mahi.orangatamariki.govt.nz/jobdetails/ajid/wryvb/Programme-Coordinator%2C40959.html,https://mahi.orangatamariki.govt.nz/jobdetails/ajid/wryvb/Programme-Coordinator%2525252C40959.html?isSignedIn=candidate&tracker=604330148,500
https://mahi.orangatamariki.govt.nz/home,https://mahi.orangatamariki.govt.nz/jobdetails/ajid/XGOub/Regional-Commissioner-Waikato%2C40912.html,https://mahi.orangatamariki.govt.nz/jobdetails/ajid/XGOub/Regional-Commissioner-Waikato%2525252C40912.html?isSignedIn=candidate&tracker=604330148,500
https://mahi.orangatamariki.govt.nz/home,https://mahi.orangatamariki.govt.nz/jobdetails/ajid/Xtjgb/Casual-Residential-Youth-Worker-Kaahui-Whetuu-Auckland%2C39856.html,https://mahi.orangatamariki.govt.nz/jobdetails/ajid/Xtjgb/Casual-Residential-Youth-Worker-Kaahui-Whetuu-Auckland%2525252C39856.html?isSignedIn=candidate&tracker=604330148,500
https://mahi.orangatamariki.govt.nz/home,https://mahi.orangatamariki.govt.nz/jobdetails/ajid/ykMjb/Youth-Worker%2C40136.html,https://mahi.orangatamariki.govt.nz/jobdetails/ajid/ykMjb/Youth-Worker%252C40136.html,500
https://mahi.orangatamariki.govt.nz/home,https://mahi.orangatamariki.govt.nz/jobdetails/ajid/yxfsb/Care-Protection-Social-Workers-Waitakere%2C40755.html,https://mahi.orangatamariki.govt.nz/jobdetails/ajid/yxfsb/Care-Protection-Social-Workers-Waitakere%252C40755.html,500
https://mahi.orangatamariki.govt.nz/home,https://mahi.orangatamariki.govt.nz/saml2/authenticate/agency,"https://mahi.orangatamariki.govt.nz/resetPassword?tenant=otr&principalType=agency&entityId=otr-email-agency-idp&state=2e9cfcb0-b346-4eb6-9782-25aafbe51b5f,email&callback=https://is.talentappstore.com:443/commonauth",404
https://mahi.orangatamariki.govt.nz/home,https://mahi.orangatamariki.govt.nz/saml2/authenticate/candidate,https://mahi.orangatamariki.govt.nz/process?idp=otr-email-candidate-idp&authenticatorType=TasEmailAuthenticator&sessionDataKey=c4132174-a7ce-43ce-bc1e-95adb616210a,404
https://mahi.orangatamariki.govt.nz/home,https://mahi.orangatamariki.govt.nz/saml2/authenticate/candidate,https://mahi.orangatamariki.govt.nz/process?idp=otr-google-candidate-idp&authenticatorType=GoogleOIDCAuthenticator&sessionDataKey=c4132174-a7ce-43ce-bc1e-95adb616210a,404
https://marinebiosecurity.org.nz/,https://marinebiosecurity.org.nz/quadrilateral-scientific-collaboration-in-marine-biosecurity,https://marinebiosecurity.org.nz/international-experts-study-global-bio-invasion-hotspots,404
https://mentalhealth.inquiry.govt.nz/,https://mentalhealth.inquiry.govt.nz/inquiry-report/he-ara-oranga/contents,https://mentalhealth.inquiry.govt.nz/%255Bsitetree_link%2Cid%3D%255D,404
https://mentalhealth.inquiry.govt.nz/,https://mentalhealth.inquiry.govt.nz/whats-new/resources,https://mentalhealth.inquiry.govt.nz/towards-an-evidence-informed-plan-of-action-for-mental-health-and-addiction-in-new-zealand,404
https://my.studylink.govt.nz/mystudylink/logon_mobile.html,https://my.studylink.govt.nz/mystudylink/logon_mobile.html,https://login.realme.govt.nz/32179062-92f6-4eb0-89bc-df400a9e0367/B2C_1A_DIA_RealMe_LoginService/samlp/sso/login?SAMLRequest=nVNLb9pAEP4r1t79wKZQRoDkGiWiIiXFVQ%2B5IMcejNv1rrszToBf37WBCKltDr2O53vOekpZLRuIW96rDf5qkdj5joYqrWYi9ALhLBczsd6np7vkq2t2908%2FPieJF8m2XHtYriu7QNTiUhFnii0mCEduELnR4FswgOEYotAbhh%2BehHOnTY690EywaVE4MREatlKJVtTWaFI0L1VuyQo8zMRAOAvrp1IZ93b2zA2B70tdVsozmMkavVK%2FsKdOfhQOxpNgFLqTcDdyh%2FgcuB8nz7lb7IZBkE0wiEZj%2F1OYbAfxdrGMtxsLf8DtquO6yPp9Fz6RPksI51BLRdCPZ6I1CnRGFYHKaiTgHNL4YQW2JWiMZp1rKebTbhv6TswN%2Fn14di1CzK8hidviKCv18y3h28SvSU79G52zaANfLPFy8ahllR%2BdWEr9mtiWGK992wvUGb9vpZtUhbvrV6HpngIxKhb%2BVeXyTLDob2lPx3jgS%2B7bUSJtrA3u%2FqeFbk2dJHTZocoZiAuCrGOHAhupj7X1BPer9AaeQ95JWtaVfk3ZoCp5fynqb8bm52%2F%2FTOT%2F%2BW%2FMfwM%3D&RelayState=xmX498RIv3gh0xjxoQAqMIUHXhIsNQ&SigAlg=http%3A%2F%2Fwww.w3.org%2F2001%2F04%2Fxmldsig-more%23rsa-sha256&Signature=PJ7qUUL%2BJ2TcfXnvKLgIpdYAtsVMmiBrTbZi4N3tDof%2FKGF%2BNkzT8%2BtrZQ%2BnHNaHcYN3xde2X7WoJYHfcAZjaRCY19vGJ1gUf8qWcVr7qr2T0oOdWRohNnEF1QXSHo9n9%2FW%2FyZOIvIw764ivooDnXfxsgU3M5cK2%2FwUmFuXpkEyiLJRJu2A%2BySycmJmjXZXU5tAUxrb8JFEAc9oX8TrzrPOuc97SEIlk0CikxrRsjja%2Bfm9KBIlcrzKonQFkLxX8aouZyaQVYRn6ybGwbM%2Fzk8VqMIkHJQVgRZVlz21nG0saEWhXMdQvI%2FDcPsaYjoI%2BY3TWgfm9ZtQ5YP8w3L0rVg%3D%3D,404
https://my.studylink.govt.nz/mystudylink/logon.html,https://my.studylink.govt.nz/mystudylink/logon.html,https://login.realme.govt.nz/32179062-92f6-4eb0-89bc-df400a9e0367/B2C_1A_DIA_RealMe_LoginService/samlp/sso/login?SAMLRequest=nVNLb5tAEP4raO8YDAkOI9sSsftAddLKbnvoxcIwtlGWXbIzxI9f3wXbkaWkOfQ6zPecZUhZJWtIGt6qOT43SOz8RkOlViMR9HzhpNOR2NXpKsXj1%2FTu%2Fpe5peN39e2xGjwdDs%2Bf7AJRg6kizhRbjB9Erh%2B6Yf%2BnH8BtH8K4F0XRH%2BF81ibHTmgk2DQonIQIDVupiVbUVGgWaF7K3JIVuB%2BJvnCm1k%2BpMu7sbJlrAs%2BTelOqnsFMVtjb6BfuqaMXBv1B7EeBGwfryL3Ble%2FexavcLdY3vp%2FF6IfRwLsPJst%2BspymyXJu4Q%2B4nLVcZ1mv68Ij0icJ4ewrqQi68Ug0RoHOqCRQWYUEnMMieZiBbQlqo1nnWorxsN2GrhNzhf8Ynl2KEONLSOKmOMhSPb0mfJ14Fcmhd6VzEq3h0RKn0x9alvnBSaTUu4ltifHSt71AlfHHVtpJWbjrbhXq9ikQo2LhXVTOzwSL7pb2dIx7Pue%2BHk2kjTXH9f%2B00K6po4Q2O5Q5A3FBkLXsUGAt9aGynuDLbHEFzyFvJS3rTO8WbFBteHsu6j1j49O3fyby3v4b478%3D&RelayState=IVJ9xhF2wq4bLdqx8aplgnpIEhflgl&SigAlg=http%3A%2F%2Fwww.w3.org%2F2001%2F04%2Fxmldsig-more%23rsa-sha256&Signature=YCA5LEta0XLWB5x%2FE3it5L42s%2B5DCn5OmNxz%2B0Wg1LheAukwPwCFWy%2B3oqiFEHOIKZnA2W6ilchsrRueXUzbqbGUOcD15qn%2F0Jx%2Bfjpn%2Fg25GAepu4%2B66YLx1XuWKzKcCdUY1VKtVMHrnga9zJ3spa44kCNAqxT9j0Efl9O7NSheX3dfya8dehcZbb1Ah4DKbfx5YPIphDzR8zdw6kz%2FjluZ9rBQxxC729zOo%2FM8htB5TshjlfqmXgF0QMVASWJUSvRqcX3hODpTeIcXB%2BFqfs%2B0VjhWhBYuIgyrT3dz%2FeuJ15ZLYwbaFaOZ3g%2FBSuSKeZZnzPWXCaSTgQuq%2Fep9ow%3D%3D,404
https://my.studylink.govt.nz/mystudylink/logon.html,https://my.studylink.govt.nz/mystudylink/logon.html,https://login.realme.govt.nz/32179062-92f6-4eb0-89bc-df400a9e0367/B2C_1A_DIA_RealMe_LoginService/samlp/sso/login?SAMLRequest=nVNLb9pAEP4r1t6Nje3wGAGSMWrrlvQBUQ65IMcewOp6190ZJ8Cv79pAhNQ2h17H8z1nPaGskjXEDe%2FVCn81SOw8oqFSq6kIer5w0sVU7KN5vfoR5U%2BHNHkY1p%2B%2BJJ%2FTpHk8zk%2Ff7AJRg6kizhRbjB8MXD90w%2F6DH8BdH8JRLxrdPQnngzY5dkJTwaZB4cREaNhKJVpRU6FZo3kpc0tW4GEq%2BsJZWD%2Blyrizs2euCTxP6l2pegYzWWFvp1%2B4p05eGPSHY38QuONgO3AjfPbd0fg5d4tt5PvZGP1wMPTmQbLpx5tFGm9WFn6Pm2XLdZH1ui48In2WEM6hkoqgG09FYxTojEoClVVIwDms4%2Fsl2JagNpp1rqWYTdpt6DoxN%2Fj34dm1CDG7hiRuiqMs1c%2B3hG8TryI58W50zqI1fLXE6eK7lmV%2BdGIp9WtiW2K89m0vUGX8vpV2UhbutluFun0KxKhYeFeVyzPBorulPR3jgS%2B5b0eJtLFWuP2fFto1dZLQZocyZyAuCLKWHQqspT5W1hN8XK5v4DnkraRlXerXNRtUO95fivqbsdn52z8TeX%2F%2BG7Pf&RelayState=vOqYA301rE7UjHpml4aPBduKfNiwGW&SigAlg=http%3A%2F%2Fwww.w3.org%2F2001%2F04%2Fxmldsig-more%23rsa-sha256&Signature=h5RL2hsI8Ukbwrimel4pQFu59aIN%2FOe698FcczTLkUcOEFVnoHfjSckYHaaMfy1plBak2iOLQ8hTVvNnpNFPb6gUbS4rWq2aaJyjB0thIeTInoqC9AC9BAHTzrYs%2FxVguOsvjsymop8vCORoJvJlCr%2BzyS8yDkxfDjFvJ50og16UXDb%2FHkDC75PguLHi0cHT3p7zrxxdXo6Ks1zbE7OGYqGwhcDJa22kZplqFkCkBqZK463t5gyNf4yLVECKvZRfuhi7z1fvnbKA3lUK7vHskXBEyX7DHNrM66oxiZxuoN9kX%2BK%2BSThRUAmEyCcHIIUT%2BJVCdPAHZVcRIZZpurZljg%3D%3D,404
https://mybond.tenancy.govt.nz/,https://mybond.tenancy.govt.nz/,https://mybond.tenancy.govt.nz/Account/Login/ExternalLogin?returnUrl=%2F&provider=https%3A%2F%2Fb2cessmapprd.b2clogin.com%2Fapi.business.govt.nz%2Fb2c_1a_signup_signin_oidc_bond%2Fv2.0%2F,404
https://mybond.tenancy.govt.nz/,https://mybond.tenancy.govt.nz/,https://mybond.tenancy.govt.nz/SignIn?returnUrl=%2F,404
https://mybond.tenancy.govt.nz/,https://mybond.tenancy.govt.nz/landlord-registration/,https://mybond.tenancy.govt.nz/Account/Login/ExternalLogin?returnUrl=%2Flandlord-registration%2F&provider=https%3A%2F%2Fb2cessmapprd.b2clogin.com%2Fapi.business.govt.nz%2Fb2c_1a_signup_signin_oidc_bond%2Fv2.0%2F,404
https://navymuseum.co.nz/,https://navymuseum.co.nz/explore/by-themes/world-war-two-by-themes/remembering-the-battle-of-kolombangara/,https://navymuseum.co.nz/remembering-the-battle-of-kolombangara/aag-0009-leander-entering-dry-dock-after-torpedo-damage-1943/,404
https://ncea.education.govt.nz/,https://ncea.education.govt.nz/,https://ncea.education.govt.nz/about-ncea,405
https://ncea.education.govt.nz/,https://ncea.education.govt.nz/,https://ncea.education.govt.nz/about-site,405
https://ncea.education.govt.nz/,https://ncea.education.govt.nz/,https://ncea.education.govt.nz/arts/drama,405
https://ncea.education.govt.nz/,https://ncea.education.govt.nz/,https://ncea.education.govt.nz/arts/music,405
https://ncea.education.govt.nz/,https://ncea.education.govt.nz/,https://ncea.education.govt.nz/arts/visual-arts,405
https://ncea.education.govt.nz/,https://ncea.education.govt.nz/,https://ncea.education.govt.nz/breakout,405
https://ncea.education.govt.nz/,https://ncea.education.govt.nz/,https://ncea.education.govt.nz/copyright,405
https://ncea.education.govt.nz/,https://ncea.education.govt.nz/,https://ncea.education.govt.nz/english/english,405
https://ncea.education.govt.nz/,https://ncea.education.govt.nz/,https://ncea.education.govt.nz/explaining-new-ncea-materials,405
https://ncea.education.govt.nz/,https://ncea.education.govt.nz/,https://ncea.education.govt.nz/generative-ai-ncea-assessment,405
https://ncea.education.govt.nz/,https://ncea.education.govt.nz/,https://ncea.education.govt.nz/hapu,405
https://ncea.education.govt.nz/,https://ncea.education.govt.nz/,https://ncea.education.govt.nz/kahu-putoi,405
https://ncea.education.govt.nz/,https://ncea.education.govt.nz/,https://ncea.education.govt.nz/kapahaka,405
https://ncea.education.govt.nz/,https://ncea.education.govt.nz/,https://ncea.education.govt.nz/ki-o-rahi,405
https://ncea.education.govt.nz/,https://ncea.education.govt.nz/,https://ncea.education.govt.nz/learning-languages/chinese-mandarin,405
https://ncea.education.govt.nz/,https://ncea.education.govt.nz/,https://ncea.education.govt.nz/learning-languages/gagana-tokelau,405
https://ncea.education.govt.nz/,https://ncea.education.govt.nz/,https://ncea.education.govt.nz/learning-languages/german,405
https://ncea.education.govt.nz/,https://ncea.education.govt.nz/,https://ncea.education.govt.nz/learning-languages/japanese,405
https://ncea.education.govt.nz/,https://ncea.education.govt.nz/,https://ncea.education.govt.nz/learning-languages/korean,405
https://ncea.education.govt.nz/,https://ncea.education.govt.nz/,https://ncea.education.govt.nz/learning-languages/lea-faka-tonga,405
https://ncea.education.govt.nz/,https://ncea.education.govt.nz/,https://ncea.education.govt.nz/learning-languages/new-zealand-sign-language,405
https://ncea.education.govt.nz/,https://ncea.education.govt.nz/,https://ncea.education.govt.nz/learning-languages/spanish,405
https://ncea.education.govt.nz/,https://ncea.education.govt.nz/,https://ncea.education.govt.nz/learning-languages/vagahau-niue,405
https://ncea.education.govt.nz/,https://ncea.education.govt.nz/,https://ncea.education.govt.nz/literacy-and-numeracy-resources,405
https://ncea.education.govt.nz/,https://ncea.education.govt.nz/,https://ncea.education.govt.nz/literacy-and-numeracy/literacy/learning,405
https://ncea.education.govt.nz/,https://ncea.education.govt.nz/,https://ncea.education.govt.nz/literacy-and-numeracy/numeracy/learning,405
https://ncea.education.govt.nz/,https://ncea.education.govt.nz/,https://ncea.education.govt.nz/mana-orite-mo-te-matauranga-maori-equal-status-matauranga-maori-ncea,405
https://ncea.education.govt.nz/,https://ncea.education.govt.nz/,https://ncea.education.govt.nz/mathematics-and-statistics/mathematics-and-statistics,405
https://ncea.education.govt.nz/,https://ncea.education.govt.nz/,https://ncea.education.govt.nz/matua,405
https://ncea.education.govt.nz/,https://ncea.education.govt.nz/,https://ncea.education.govt.nz/mi,405
https://ncea.education.govt.nz/,https://ncea.education.govt.nz/,https://ncea.education.govt.nz/mi/hangarau-kaupae-2,405
https://ncea.education.govt.nz/,https://ncea.education.govt.nz/,https://ncea.education.govt.nz/mi/hangarau/hangarau/te-ako,405
https://ncea.education.govt.nz/,https://ncea.education.govt.nz/,https://ncea.education.govt.nz/mi/hauora-kaupae-2,405
https://ncea.education.govt.nz/,https://ncea.education.govt.nz/,https://ncea.education.govt.nz/mi/hauora/hauora/te-ako,405
https://ncea.education.govt.nz/,https://ncea.education.govt.nz/,https://ncea.education.govt.nz/mi/nga-mahi-te-rehia-kaupae-2,405
https://ncea.education.govt.nz/,https://ncea.education.govt.nz/,https://ncea.education.govt.nz/mi/nga-rauemi-mo-te-reo-matatini-me-te-pangarau-i-ncea,405
https://ncea.education.govt.nz/,https://ncea.education.govt.nz/,https://ncea.education.govt.nz/mi/nga-toi/nga-mahi-te-rehia/te-ako,405
https://ncea.education.govt.nz/,https://ncea.education.govt.nz/,https://ncea.education.govt.nz/mi/nga-toi/toi-ataata/te-ako,405
https://ncea.education.govt.nz/,https://ncea.education.govt.nz/,https://ncea.education.govt.nz/mi/pangarau-kaupae-2,405
https://ncea.education.govt.nz/,https://ncea.education.govt.nz/,https://ncea.education.govt.nz/mi/pangarau/pangarau/te-ako,405
https://ncea.education.govt.nz/,https://ncea.education.govt.nz/,https://ncea.education.govt.nz/mi/putaiao-kaupae-2,405
https://ncea.education.govt.nz/,https://ncea.education.govt.nz/,https://ncea.education.govt.nz/mi/te-reo-maori/te-reo-maori,405
https://ncea.education.govt.nz/,https://ncea.education.govt.nz/,https://ncea.education.govt.nz/mi/te-reo-matatini-me-te-pangarau/pangarau/te-ako,405
https://ncea.education.govt.nz/,https://ncea.education.govt.nz/,https://ncea.education.govt.nz/mi/te-reo-matatini-me-te-pangarau/te-reo-matatini/te-ako,405
https://ncea.education.govt.nz/,https://ncea.education.govt.nz/,https://ncea.education.govt.nz/mi/te-reo-rangatira-kaupae-2,405
https://ncea.education.govt.nz/,https://ncea.education.govt.nz/,https://ncea.education.govt.nz/mi/tikanga-iwi-kaupae-2,405
https://ncea.education.govt.nz/,https://ncea.education.govt.nz/,https://ncea.education.govt.nz/mi/tikanga-iwi/tikanga-iwi/te-ako,405
https://ncea.education.govt.nz/,https://ncea.education.govt.nz/,https://ncea.education.govt.nz/mi/toi-ataata-kaupae-2,405
https://ncea.education.govt.nz/,https://ncea.education.govt.nz/,https://ncea.education.govt.nz/networks-expertise,405
https://ncea.education.govt.nz/,https://ncea.education.govt.nz/,https://ncea.education.govt.nz/node/147,405
https://ncea.education.govt.nz/,https://ncea.education.govt.nz/,https://ncea.education.govt.nz/node/149,405
https://ncea.education.govt.nz/,https://ncea.education.govt.nz/,https://ncea.education.govt.nz/node/1781,405
https://ncea.education.govt.nz/,https://ncea.education.govt.nz/,https://ncea.education.govt.nz/node/1784,405
https://ncea.education.govt.nz/,https://ncea.education.govt.nz/,https://ncea.education.govt.nz/node/1785,405
https://ncea.education.govt.nz/,https://ncea.education.govt.nz/,https://ncea.education.govt.nz/node/1786,405
https://ncea.education.govt.nz/,https://ncea.education.govt.nz/,https://ncea.education.govt.nz/node/1787,405
https://ncea.education.govt.nz/,https://ncea.education.govt.nz/,https://ncea.education.govt.nz/node/1788,405
https://ncea.education.govt.nz/,https://ncea.education.govt.nz/,https://ncea.education.govt.nz/node/1789,405
https://ncea.education.govt.nz/,https://ncea.education.govt.nz/,https://ncea.education.govt.nz/node/333,405
https://ncea.education.govt.nz/,https://ncea.education.govt.nz/,https://ncea.education.govt.nz/node/334,405
https://ncea.education.govt.nz/,https://ncea.education.govt.nz/,https://ncea.education.govt.nz/node/3484,405
https://ncea.education.govt.nz/,https://ncea.education.govt.nz/,https://ncea.education.govt.nz/node/4911,405
https://ncea.education.govt.nz/,https://ncea.education.govt.nz/,https://ncea.education.govt.nz/node/792,405
https://ncea.education.govt.nz/,https://ncea.education.govt.nz/,https://ncea.education.govt.nz/overview-NCEA-corequisite-standards,405
https://ncea.education.govt.nz/,https://ncea.education.govt.nz/,https://ncea.education.govt.nz/pacific-values-framework,405
https://ncea.education.govt.nz/,https://ncea.education.govt.nz/,https://ncea.education.govt.nz/pathways,405
https://ncea.education.govt.nz/,https://ncea.education.govt.nz/,https://ncea.education.govt.nz/privacy,405
https://ncea.education.govt.nz/,https://ncea.education.govt.nz/,https://ncea.education.govt.nz/reviewed-nzc-achievement-standards-and-assessment-materials-use-2025,405
https://ncea.education.govt.nz/,https://ncea.education.govt.nz/,https://ncea.education.govt.nz/ruaumoko-marae,405
https://ncea.education.govt.nz/,https://ncea.education.govt.nz/,https://ncea.education.govt.nz/science/agricultural-and-horticultural-science,405
https://ncea.education.govt.nz/,https://ncea.education.govt.nz/,https://ncea.education.govt.nz/science/chemistry-and-biology,405
https://ncea.education.govt.nz/,https://ncea.education.govt.nz/,https://ncea.education.govt.nz/search,405
https://ncea.education.govt.nz/,https://ncea.education.govt.nz/,https://ncea.education.govt.nz/social-sciences/geography,405
https://ncea.education.govt.nz/,https://ncea.education.govt.nz/,https://ncea.education.govt.nz/social-sciences/history,405
https://ncea.education.govt.nz/,https://ncea.education.govt.nz/,https://ncea.education.govt.nz/social-sciences/religious-studies,405
https://ncea.education.govt.nz/,https://ncea.education.govt.nz/,https://ncea.education.govt.nz/social-sciences/social-studies,405
https://ncea.education.govt.nz/,https://ncea.education.govt.nz/,https://ncea.education.govt.nz/special-assessment-conditions,405
https://ncea.education.govt.nz/,https://ncea.education.govt.nz/,https://ncea.education.govt.nz/teacher-only-days,405
https://ncea.education.govt.nz/,https://ncea.education.govt.nz/,https://ncea.education.govt.nz/teacher-subject-resources,405
https://ncea.education.govt.nz/,https://ncea.education.govt.nz/,https://ncea.education.govt.nz/teaching-and-learning-overview,405
https://ncea.education.govt.nz/,https://ncea.education.govt.nz/,https://ncea.education.govt.nz/tena-koe,405
https://ncea.education.govt.nz/,https://ncea.education.govt.nz/,https://ncea.education.govt.nz/tena-korua,405
https://ncea.education.govt.nz/,https://ncea.education.govt.nz/,https://ncea.education.govt.nz/tena-koutou,405
https://ncea.education.govt.nz/,https://ncea.education.govt.nz/,https://ncea.education.govt.nz/understanding-how-ncea-requirements-are-changing,405
https://ncea.education.govt.nz/,https://ncea.education.govt.nz/,https://ncea.education.govt.nz/universal-design-learning-udl,405
https://ncea.education.govt.nz/,https://ncea.education.govt.nz/,https://ncea.education.govt.nz/waiata,405
https://ncea.education.govt.nz/,https://ncea.education.govt.nz/,https://ncea.education.govt.nz/whaea,405
https://ncea.education.govt.nz/,https://ncea.education.govt.nz/,https://ncea.education.govt.nz/what-ncea-change-programme,405
https://ncea.education.govt.nz/,https://ncea.education.govt.nz/,https://ncea.education.govt.nz/whats-new,405
https://ncea.education.govt.nz/,https://ncea.education.govt.nz/,https://ncea.education.govt.nz/whats-new/ncea-update-structure-new-qualification-system-agreed,405
https://ncea.education.govt.nz/,https://ncea.education.govt.nz/,https://ncea.education.govt.nz/whats-new/new-level-1-vocabulary-lists-vagahau-niue-spoken-texts,405
https://ncea.education.govt.nz/,https://ncea.education.govt.nz/,https://ncea.education.govt.nz/whats-new/reviewed-nzc-tmoa-achievement-standards-and-assessment-materials-published-2026,405
https://ncea.education.govt.nz/,https://ncea.education.govt.nz/,https://ncea.education.govt.nz/who-i-am,405
https://ncea.education.govt.nz/,https://ncea.education.govt.nz/,https://ncea.education.govt.nz/winner,405
https://ncea.education.govt.nz/,https://ncea.education.govt.nz/,https://ncea.education.govt.nz/workshop-version-1,405
https://ncea.education.govt.nz/,https://ncea.education.govt.nz/,https://ncea.education.govt.nz/workshop-version-2,405
https://ncea.education.govt.nz/,https://ncea.education.govt.nz/arts/dance,https://ncea.education.govt.nz/arts/dance?view=learning,405
https://ncea.education.govt.nz/,https://ncea.education.govt.nz/arts/dance,https://ncea.education.govt.nz/arts/dance/1/1,405
https://ncea.education.govt.nz/,https://ncea.education.govt.nz/arts/dance,https://ncea.education.govt.nz/arts/dance/1/2,405
https://ncea.education.govt.nz/,https://ncea.education.govt.nz/arts/dance,https://ncea.education.govt.nz/arts/dance/1/3,405
https://ncea.education.govt.nz/,https://ncea.education.govt.nz/arts/dance,https://ncea.education.govt.nz/arts/dance/1/4,405
https://ncea.education.govt.nz/,https://ncea.education.govt.nz/arts/dance,https://ncea.education.govt.nz/recent-changes/520,405
https://ncea.education.govt.nz/,https://ncea.education.govt.nz/arts/te-ao-haka,https://ncea.education.govt.nz/arts/te-ao-haka?view=learning,405
https://ncea.education.govt.nz/,https://ncea.education.govt.nz/arts/te-ao-haka,https://ncea.education.govt.nz/arts/te-ao-haka/1/1,405
https://ncea.education.govt.nz/,https://ncea.education.govt.nz/arts/te-ao-haka,https://ncea.education.govt.nz/arts/te-ao-haka/1/2,405
https://ncea.education.govt.nz/,https://ncea.education.govt.nz/arts/te-ao-haka,https://ncea.education.govt.nz/arts/te-ao-haka/1/3,405
https://ncea.education.govt.nz/,https://ncea.education.govt.nz/arts/te-ao-haka,https://ncea.education.govt.nz/arts/te-ao-haka/1/4,405
https://ncea.education.govt.nz/,https://ncea.education.govt.nz/arts/te-ao-haka,https://ncea.education.govt.nz/arts/te-ao-haka/2/1,405
https://ncea.education.govt.nz/,https://ncea.education.govt.nz/arts/te-ao-haka,https://ncea.education.govt.nz/arts/te-ao-haka/2/2,405
https://ncea.education.govt.nz/,https://ncea.education.govt.nz/arts/te-ao-haka,https://ncea.education.govt.nz/arts/te-ao-haka/2/3,405
https://ncea.education.govt.nz/,https://ncea.education.govt.nz/arts/te-ao-haka,https://ncea.education.govt.nz/arts/te-ao-haka/2/4,405
https://ncea.education.govt.nz/,https://ncea.education.govt.nz/arts/te-ao-haka,https://ncea.education.govt.nz/arts/te-ao-haka/3/1,405
https://ncea.education.govt.nz/,https://ncea.education.govt.nz/arts/te-ao-haka,https://ncea.education.govt.nz/arts/te-ao-haka/3/2,405
https://ncea.education.govt.nz/,https://ncea.education.govt.nz/arts/te-ao-haka,https://ncea.education.govt.nz/arts/te-ao-haka/3/3,405
https://ncea.education.govt.nz/,https://ncea.education.govt.nz/arts/te-ao-haka,https://ncea.education.govt.nz/arts/te-ao-haka/3/4,405
https://ncea.education.govt.nz/,https://ncea.education.govt.nz/arts/te-ao-haka,https://ncea.education.govt.nz/mi/arts/te-ao-haka?view=learning?view=learning,405
https://ncea.education.govt.nz/,https://ncea.education.govt.nz/arts/te-ao-haka,https://ncea.education.govt.nz/te-ao-haka-podcasts,405
https://ncea.education.govt.nz/,https://ncea.education.govt.nz/health-and-physical-education/health-studies,https://ncea.education.govt.nz/health-and-physical-education/health-studies?view=learning,405
https://ncea.education.govt.nz/,https://ncea.education.govt.nz/health-and-physical-education/health-studies,https://ncea.education.govt.nz/health-and-physical-education/health-studies/1/1,405
https://ncea.education.govt.nz/,https://ncea.education.govt.nz/health-and-physical-education/health-studies,https://ncea.education.govt.nz/health-and-physical-education/health-studies/1/3,405
https://ncea.education.govt.nz/,https://ncea.education.govt.nz/health-and-physical-education/health-studies,https://ncea.education.govt.nz/health-and-physical-education/health-studies/1/4,405
https://ncea.education.govt.nz/,https://ncea.education.govt.nz/health-and-physical-education/health-studies,https://ncea.education.govt.nz/recent-changes/536,405
https://ncea.education.govt.nz/,https://ncea.education.govt.nz/health-and-physical-education/health-studies/1/2,https://ncea.education.govt.nz/exclusion-list,405
https://ncea.education.govt.nz/,https://ncea.education.govt.nz/health-and-physical-education/health-studies/1/2,https://ncea.education.govt.nz/health-and-physical-education/health-studies?view=assessment,405
https://ncea.education.govt.nz/,https://ncea.education.govt.nz/health-and-physical-education/health-studies/1/2,https://ncea.education.govt.nz/health-and-physical-education/health-studies/1/2?view=standard,405
https://ncea.education.govt.nz/,https://ncea.education.govt.nz/health-and-physical-education/health-studies/1/2,https://ncea.education.govt.nz/health-and-physical-education/health-studies/1/2/activity-a,405
https://ncea.education.govt.nz/,https://ncea.education.govt.nz/health-and-physical-education/health-studies/1/2,https://ncea.education.govt.nz/health-and-physical-education/health-studies/1/2/activity-b,405
https://ncea.education.govt.nz/,https://ncea.education.govt.nz/health-and-physical-education/health-studies/1/2,https://ncea.education.govt.nz/health-and-physical-education/health-studies/1/2/activity-c,405
https://ncea.education.govt.nz/,https://ncea.education.govt.nz/health-and-physical-education/health-studies/1/2,https://ncea.education.govt.nz/previous-versions/589,405
https://ncea.education.govt.nz/,https://ncea.education.govt.nz/health-and-physical-education/health-studies/1/2,https://ncea.education.govt.nz/recent-changes/589,405
https://ncea.education.govt.nz/,https://ncea.education.govt.nz/health-and-physical-education/physical-education,https://ncea.education.govt.nz/health-and-physical-education/physical-education?view=learning,405
https://ncea.education.govt.nz/,https://ncea.education.govt.nz/health-and-physical-education/physical-education,https://ncea.education.govt.nz/health-and-physical-education/physical-education/1/1,405
https://ncea.education.govt.nz/,https://ncea.education.govt.nz/health-and-physical-education/physical-education,https://ncea.education.govt.nz/health-and-physical-education/physical-education/1/2,405
https://ncea.education.govt.nz/,https://ncea.education.govt.nz/health-and-physical-education/physical-education,https://ncea.education.govt.nz/health-and-physical-education/physical-education/1/3,405
https://ncea.education.govt.nz/,https://ncea.education.govt.nz/health-and-physical-education/physical-education,https://ncea.education.govt.nz/recent-changes/335,405
https://ncea.education.govt.nz/,https://ncea.education.govt.nz/health-and-physical-education/physical-education/1/4,https://ncea.education.govt.nz/health-and-physical-education/physical-education?view=assessment,405
https://ncea.education.govt.nz/,https://ncea.education.govt.nz/health-and-physical-education/physical-education/1/4,https://ncea.education.govt.nz/health-and-physical-education/physical-education/1/4?view=standard,405
https://ncea.education.govt.nz/,https://ncea.education.govt.nz/health-and-physical-education/physical-education/1/4,https://ncea.education.govt.nz/previous-versions/747,405
https://ncea.education.govt.nz/,https://ncea.education.govt.nz/health-and-physical-education/physical-education/1/4,https://ncea.education.govt.nz/recent-changes/747,405
https://ncea.education.govt.nz/,https://ncea.education.govt.nz/learning-languages/french,https://ncea.education.govt.nz/learning-languages/french?view=learning,405
https://ncea.education.govt.nz/,https://ncea.education.govt.nz/learning-languages/french,https://ncea.education.govt.nz/learning-languages/french/1/1,405
https://ncea.education.govt.nz/,https://ncea.education.govt.nz/learning-languages/french,https://ncea.education.govt.nz/learning-languages/french/1/2,405
https://ncea.education.govt.nz/,https://ncea.education.govt.nz/learning-languages/french,https://ncea.education.govt.nz/learning-languages/french/1/3,405
https://ncea.education.govt.nz/,https://ncea.education.govt.nz/learning-languages/french,https://ncea.education.govt.nz/learning-languages/french/1/4,405
https://ncea.education.govt.nz/,https://ncea.education.govt.nz/learning-languages/french,https://ncea.education.govt.nz/recent-changes/522,405
https://ncea.education.govt.nz/,https://ncea.education.govt.nz/learning-languages/gagana-samoa,https://ncea.education.govt.nz/learning-languages/gagana-samoa?view=learning,405
https://ncea.education.govt.nz/,https://ncea.education.govt.nz/learning-languages/gagana-samoa,https://ncea.education.govt.nz/learning-languages/gagana-samoa/1/1,405
https://ncea.education.govt.nz/,https://ncea.education.govt.nz/learning-languages/gagana-samoa,https://ncea.education.govt.nz/learning-languages/gagana-samoa/1/2,405
https://ncea.education.govt.nz/,https://ncea.education.govt.nz/learning-languages/gagana-samoa,https://ncea.education.govt.nz/learning-languages/gagana-samoa/1/3,405
https://ncea.education.govt.nz/,https://ncea.education.govt.nz/learning-languages/gagana-samoa,https://ncea.education.govt.nz/learning-languages/gagana-samoa/1/4,405
https://ncea.education.govt.nz/,https://ncea.education.govt.nz/learning-languages/gagana-samoa,https://ncea.education.govt.nz/recent-changes/1203,405
https://ncea.education.govt.nz/,https://ncea.education.govt.nz/learning-languages/te-reo-maori-kuki-airani,https://ncea.education.govt.nz/learning-languages/te-reo-maori-kuki-airani?view=learning,405
https://ncea.education.govt.nz/,https://ncea.education.govt.nz/learning-languages/te-reo-maori-kuki-airani,https://ncea.education.govt.nz/learning-languages/te-reo-maori-kuki-airani/1/1,405
https://ncea.education.govt.nz/,https://ncea.education.govt.nz/learning-languages/te-reo-maori-kuki-airani,https://ncea.education.govt.nz/learning-languages/te-reo-maori-kuki-airani/1/2,405
https://ncea.education.govt.nz/,https://ncea.education.govt.nz/learning-languages/te-reo-maori-kuki-airani,https://ncea.education.govt.nz/learning-languages/te-reo-maori-kuki-airani/1/3,405
https://ncea.education.govt.nz/,https://ncea.education.govt.nz/learning-languages/te-reo-maori-kuki-airani,https://ncea.education.govt.nz/learning-languages/te-reo-maori-kuki-airani/1/4,405
https://ncea.education.govt.nz/,https://ncea.education.govt.nz/learning-languages/te-reo-maori-kuki-airani,https://ncea.education.govt.nz/recent-changes/1202,405
https://ncea.education.govt.nz/,https://ncea.education.govt.nz/mi/nga-toi/toi-puoro/te-ako,https://ncea.education.govt.nz/mi/nga-toi/toi-puoro/kuputaka-marau,405
https://ncea.education.govt.nz/,https://ncea.education.govt.nz/mi/nga-toi/toi-puoro/te-ako,https://ncea.education.govt.nz/mi/nga-toi/toi-puoro/te-aromatawai,405
https://ncea.education.govt.nz/,https://ncea.education.govt.nz/mi/nga-toi/toi-puoro/te-ako,https://ncea.education.govt.nz/mi/nga-toi/toi-puoro/te-whakaako,405
https://ncea.education.govt.nz/,https://ncea.education.govt.nz/mi/nga-toi/toi-puoro/te-ako,https://ncea.education.govt.nz/mi/recent-changes/1962,405
https://ncea.education.govt.nz/,https://ncea.education.govt.nz/mi/node/4911,https://ncea.education.govt.nz/mi/arts/te-ao-haka,405
https://ncea.education.govt.nz/,https://ncea.education.govt.nz/mi/node/4911,https://ncea.education.govt.nz/mi/he-aha-te-hotaka-panoni-i-te-ncea,405
https://ncea.education.govt.nz/,https://ncea.education.govt.nz/mi/node/4911,https://ncea.education.govt.nz/mi/he-whakamarama-mo-te-ncea,405
https://ncea.education.govt.nz/,https://ncea.education.govt.nz/mi/node/4911,https://ncea.education.govt.nz/mi/kahu-putoi,405
https://ncea.education.govt.nz/,https://ncea.education.govt.nz/mi/node/4911,https://ncea.education.govt.nz/mi/kia-marama-ki-nga-panonitanga-ki-nga-ahuatanga-o-te-ncea-me-matua-tutuki,405
https://ncea.education.govt.nz/,https://ncea.education.govt.nz/mi/node/4911,https://ncea.education.govt.nz/mi/nga-ara,405
https://ncea.education.govt.nz/,https://ncea.education.govt.nz/mi/node/4911,https://ncea.education.govt.nz/mi/nga-hononga-i-waenga-i-nga-marau-me-nga-aramahi,405
https://ncea.education.govt.nz/,https://ncea.education.govt.nz/mi/node/4911,https://ncea.education.govt.nz/mi/node/1202,405
https://ncea.education.govt.nz/,https://ncea.education.govt.nz/mi/node/4911,https://ncea.education.govt.nz/mi/node/1203,405
https://ncea.education.govt.nz/,https://ncea.education.govt.nz/mi/node/4911,https://ncea.education.govt.nz/mi/node/1204,405
https://ncea.education.govt.nz/,https://ncea.education.govt.nz/mi/node/4911,https://ncea.education.govt.nz/mi/node/146,405
https://ncea.education.govt.nz/,https://ncea.education.govt.nz/mi/node/4911,https://ncea.education.govt.nz/mi/node/148,405
https://ncea.education.govt.nz/,https://ncea.education.govt.nz/mi/node/4911,https://ncea.education.govt.nz/mi/node/150,405
https://ncea.education.govt.nz/,https://ncea.education.govt.nz/mi/node/4911,https://ncea.education.govt.nz/mi/node/335,405
https://ncea.education.govt.nz/,https://ncea.education.govt.nz/mi/node/4911,https://ncea.education.govt.nz/mi/node/336,405
https://ncea.education.govt.nz/,https://ncea.education.govt.nz/mi/node/4911,https://ncea.education.govt.nz/mi/node/342,405
https://ncea.education.govt.nz/,https://ncea.education.govt.nz/mi/node/4911,https://ncea.education.govt.nz/mi/node/361,405
https://ncea.education.govt.nz/,https://ncea.education.govt.nz/mi/node/4911,https://ncea.education.govt.nz/mi/node/3797,405
https://ncea.education.govt.nz/,https://ncea.education.govt.nz/mi/node/4911,https://ncea.education.govt.nz/mi/node/3798,405
https://ncea.education.govt.nz/,https://ncea.education.govt.nz/mi/node/4911,https://ncea.education.govt.nz/mi/node/4271,405
https://ncea.education.govt.nz/,https://ncea.education.govt.nz/mi/node/4911,https://ncea.education.govt.nz/mi/node/4272,405
https://ncea.education.govt.nz/,https://ncea.education.govt.nz/mi/node/4911,https://ncea.education.govt.nz/mi/node/4273,405
https://ncea.education.govt.nz/,https://ncea.education.govt.nz/mi/node/4911,https://ncea.education.govt.nz/mi/node/4274,405
https://ncea.education.govt.nz/,https://ncea.education.govt.nz/mi/node/4911,https://ncea.education.govt.nz/mi/node/4509,405
https://ncea.education.govt.nz/,https://ncea.education.govt.nz/mi/node/4911,https://ncea.education.govt.nz/mi/node/4510,405
https://ncea.education.govt.nz/,https://ncea.education.govt.nz/mi/node/4911,https://ncea.education.govt.nz/mi/node/4629,405
https://ncea.education.govt.nz/,https://ncea.education.govt.nz/mi/node/4911,https://ncea.education.govt.nz/mi/node/4644,405
https://ncea.education.govt.nz/,https://ncea.education.govt.nz/mi/node/4911,https://ncea.education.govt.nz/mi/node/4934,405
https://ncea.education.govt.nz/,https://ncea.education.govt.nz/mi/node/4911,https://ncea.education.govt.nz/mi/node/5022,405
https://ncea.education.govt.nz/,https://ncea.education.govt.nz/mi/node/4911,https://ncea.education.govt.nz/mi/node/518,405
https://ncea.education.govt.nz/,https://ncea.education.govt.nz/mi/node/4911,https://ncea.education.govt.nz/mi/node/519,405
https://ncea.education.govt.nz/,https://ncea.education.govt.nz/mi/node/4911,https://ncea.education.govt.nz/mi/node/520,405
https://ncea.education.govt.nz/,https://ncea.education.govt.nz/mi/node/4911,https://ncea.education.govt.nz/mi/node/521,405
https://ncea.education.govt.nz/,https://ncea.education.govt.nz/mi/node/4911,https://ncea.education.govt.nz/mi/node/522,405
https://ncea.education.govt.nz/,https://ncea.education.govt.nz/mi/node/4911,https://ncea.education.govt.nz/mi/node/523,405
https://ncea.education.govt.nz/,https://ncea.education.govt.nz/mi/node/4911,https://ncea.education.govt.nz/mi/node/524,405
https://ncea.education.govt.nz/,https://ncea.education.govt.nz/mi/node/4911,https://ncea.education.govt.nz/mi/node/525,405
https://ncea.education.govt.nz/,https://ncea.education.govt.nz/mi/node/4911,https://ncea.education.govt.nz/mi/node/526,405
https://ncea.education.govt.nz/,https://ncea.education.govt.nz/mi/node/4911,https://ncea.education.govt.nz/mi/node/527,405
https://ncea.education.govt.nz/,https://ncea.education.govt.nz/mi/node/4911,https://ncea.education.govt.nz/mi/node/528,405
https://ncea.education.govt.nz/,https://ncea.education.govt.nz/mi/node/4911,https://ncea.education.govt.nz/mi/node/5303,405
https://ncea.education.govt.nz/,https://ncea.education.govt.nz/mi/node/4911,https://ncea.education.govt.nz/mi/node/531,405
https://ncea.education.govt.nz/,https://ncea.education.govt.nz/mi/node/4911,https://ncea.education.govt.nz/mi/node/5350,405
https://ncea.education.govt.nz/,https://ncea.education.govt.nz/mi/node/4911,https://ncea.education.govt.nz/mi/node/536,405
https://ncea.education.govt.nz/,https://ncea.education.govt.nz/mi/node/4911,https://ncea.education.govt.nz/mi/node/5365,405
https://ncea.education.govt.nz/,https://ncea.education.govt.nz/mi/node/4911,https://ncea.education.govt.nz/mi/node/537,405
https://ncea.education.govt.nz/,https://ncea.education.govt.nz/mi/node/4911,https://ncea.education.govt.nz/mi/node/538,405
https://ncea.education.govt.nz/,https://ncea.education.govt.nz/mi/node/4911,https://ncea.education.govt.nz/mi/node/539,405
https://ncea.education.govt.nz/,https://ncea.education.govt.nz/mi/node/4911,https://ncea.education.govt.nz/mi/node/540,405
https://ncea.education.govt.nz/,https://ncea.education.govt.nz/mi/node/4911,https://ncea.education.govt.nz/mi/node/541,405
https://ncea.education.govt.nz/,https://ncea.education.govt.nz/mi/node/4911,https://ncea.education.govt.nz/mi/node/542,405
https://ncea.education.govt.nz/,https://ncea.education.govt.nz/mi/node/4911,https://ncea.education.govt.nz/mi/node/543,405
https://ncea.education.govt.nz/,https://ncea.education.govt.nz/mi/node/4911,https://ncea.education.govt.nz/mi/node/5442,405
https://ncea.education.govt.nz/,https://ncea.education.govt.nz/mi/node/4911,https://ncea.education.govt.nz/mi/node/822,405
https://ncea.education.govt.nz/,https://ncea.education.govt.nz/mi/node/4911,https://ncea.education.govt.nz/mi/review-achievement-standards,405
https://ncea.education.govt.nz/,https://ncea.education.govt.nz/mi/node/4911,https://ncea.education.govt.nz/mi/te-patui-atu-ki-nga-ropu-whai-panga-mai,405
https://ncea.education.govt.nz/,https://ncea.education.govt.nz/mi/putaiao/putaiao/te-ako,https://ncea.education.govt.nz/mi/putaiao/putaiao/kuputaka-marau,405
https://ncea.education.govt.nz/,https://ncea.education.govt.nz/mi/putaiao/putaiao/te-ako,https://ncea.education.govt.nz/mi/putaiao/putaiao/te-aromatawai,405
https://ncea.education.govt.nz/,https://ncea.education.govt.nz/mi/putaiao/putaiao/te-ako,https://ncea.education.govt.nz/mi/putaiao/putaiao/te-whakaako,405
https://ncea.education.govt.nz/,https://ncea.education.govt.nz/mi/putaiao/putaiao/te-ako,https://ncea.education.govt.nz/mi/recent-changes/2106,405
https://ncea.education.govt.nz/,https://ncea.education.govt.nz/mi/te-reo-rangatira/te-reo-rangatira/te-ako,https://ncea.education.govt.nz/mi/glossary,405
https://ncea.education.govt.nz/,https://ncea.education.govt.nz/mi/te-reo-rangatira/te-reo-rangatira/te-ako,https://ncea.education.govt.nz/mi/node/145,405
https://ncea.education.govt.nz/,https://ncea.education.govt.nz/mi/te-reo-rangatira/te-reo-rangatira/te-ako,https://ncea.education.govt.nz/mi/node/147,405
https://ncea.education.govt.nz/,https://ncea.education.govt.nz/mi/te-reo-rangatira/te-reo-rangatira/te-ako,https://ncea.education.govt.nz/mi/node/149,405
https://ncea.education.govt.nz/,https://ncea.education.govt.nz/mi/te-reo-rangatira/te-reo-rangatira/te-ako,https://ncea.education.govt.nz/mi/node/1781,405
https://ncea.education.govt.nz/,https://ncea.education.govt.nz/mi/te-reo-rangatira/te-reo-rangatira/te-ako,https://ncea.education.govt.nz/mi/node/1784,405
https://ncea.education.govt.nz/,https://ncea.education.govt.nz/mi/te-reo-rangatira/te-reo-rangatira/te-ako,https://ncea.education.govt.nz/mi/node/1785,405
https://ncea.education.govt.nz/,https://ncea.education.govt.nz/mi/te-reo-rangatira/te-reo-rangatira/te-ako,https://ncea.education.govt.nz/mi/node/1786,405
https://ncea.education.govt.nz/,https://ncea.education.govt.nz/mi/te-reo-rangatira/te-reo-rangatira/te-ako,https://ncea.education.govt.nz/mi/node/1787,405
https://ncea.education.govt.nz/,https://ncea.education.govt.nz/mi/te-reo-rangatira/te-reo-rangatira/te-ako,https://ncea.education.govt.nz/mi/node/1788,405
https://ncea.education.govt.nz/,https://ncea.education.govt.nz/mi/te-reo-rangatira/te-reo-rangatira/te-ako,https://ncea.education.govt.nz/mi/node/1789,405
https://ncea.education.govt.nz/,https://ncea.education.govt.nz/mi/te-reo-rangatira/te-reo-rangatira/te-ako,https://ncea.education.govt.nz/mi/node/322,405
https://ncea.education.govt.nz/,https://ncea.education.govt.nz/mi/te-reo-rangatira/te-reo-rangatira/te-ako,https://ncea.education.govt.nz/mi/node/326,405
https://ncea.education.govt.nz/,https://ncea.education.govt.nz/mi/te-reo-rangatira/te-reo-rangatira/te-ako,https://ncea.education.govt.nz/mi/node/327,405
https://ncea.education.govt.nz/,https://ncea.education.govt.nz/mi/te-reo-rangatira/te-reo-rangatira/te-ako,https://ncea.education.govt.nz/mi/node/328,405
https://ncea.education.govt.nz/,https://ncea.education.govt.nz/mi/te-reo-rangatira/te-reo-rangatira/te-ako,https://ncea.education.govt.nz/mi/node/332,405
https://ncea.education.govt.nz/,https://ncea.education.govt.nz/mi/te-reo-rangatira/te-reo-rangatira/te-ako,https://ncea.education.govt.nz/mi/node/333,405
https://ncea.education.govt.nz/,https://ncea.education.govt.nz/mi/te-reo-rangatira/te-reo-rangatira/te-ako,https://ncea.education.govt.nz/mi/node/334,405
https://ncea.education.govt.nz/,https://ncea.education.govt.nz/mi/te-reo-rangatira/te-reo-rangatira/te-ako,https://ncea.education.govt.nz/mi/node/341,405
https://ncea.education.govt.nz/,https://ncea.education.govt.nz/mi/te-reo-rangatira/te-reo-rangatira/te-ako,https://ncea.education.govt.nz/mi/node/3455,405
https://ncea.education.govt.nz/,https://ncea.education.govt.nz/mi/te-reo-rangatira/te-reo-rangatira/te-ako,https://ncea.education.govt.nz/mi/node/3457,405
https://ncea.education.govt.nz/,https://ncea.education.govt.nz/mi/te-reo-rangatira/te-reo-rangatira/te-ako,https://ncea.education.govt.nz/mi/node/3470,405
https://ncea.education.govt.nz/,https://ncea.education.govt.nz/mi/te-reo-rangatira/te-reo-rangatira/te-ako,https://ncea.education.govt.nz/mi/node/3484,405
https://ncea.education.govt.nz/,https://ncea.education.govt.nz/mi/te-reo-rangatira/te-reo-rangatira/te-ako,https://ncea.education.govt.nz/mi/node/4249,405
https://ncea.education.govt.nz/,https://ncea.education.govt.nz/mi/te-reo-rangatira/te-reo-rangatira/te-ako,https://ncea.education.govt.nz/mi/node/4632,405
https://ncea.education.govt.nz/,https://ncea.education.govt.nz/mi/te-reo-rangatira/te-reo-rangatira/te-ako,https://ncea.education.govt.nz/mi/node/517,405
https://ncea.education.govt.nz/,https://ncea.education.govt.nz/mi/te-reo-rangatira/te-reo-rangatira/te-ako,https://ncea.education.govt.nz/mi/node/792,405
https://ncea.education.govt.nz/,https://ncea.education.govt.nz/mi/te-reo-rangatira/te-reo-rangatira/te-ako,https://ncea.education.govt.nz/mi/recent-changes/1837,405
https://ncea.education.govt.nz/,https://ncea.education.govt.nz/mi/te-reo-rangatira/te-reo-rangatira/te-ako,https://ncea.education.govt.nz/mi/search,405
https://ncea.education.govt.nz/,https://ncea.education.govt.nz/mi/te-reo-rangatira/te-reo-rangatira/te-ako,https://ncea.education.govt.nz/mi/te-reo-rangatira/te-reo-rangatira/kuputaka-marau,405
https://ncea.education.govt.nz/,https://ncea.education.govt.nz/mi/te-reo-rangatira/te-reo-rangatira/te-ako,https://ncea.education.govt.nz/mi/te-reo-rangatira/te-reo-rangatira/te-aromatawai,405
https://ncea.education.govt.nz/,https://ncea.education.govt.nz/mi/te-reo-rangatira/te-reo-rangatira/te-ako,https://ncea.education.govt.nz/mi/te-reo-rangatira/te-reo-rangatira/te-whakaako,405
https://ncea.education.govt.nz/,https://ncea.education.govt.nz/mi/toi-puoro-kaupae-2,https://ncea.education.govt.nz/mi/toi-puoro-kaupae-3,405
https://ncea.education.govt.nz/,https://ncea.education.govt.nz/partnering-stakeholders,https://ncea.education.govt.nz/professional-advisory-group,405
https://ncea.education.govt.nz/,https://ncea.education.govt.nz/rauemi-te-reo-matatini-me-te-pangarau,https://ncea.education.govt.nz/mi/hau-manu,405
https://ncea.education.govt.nz/,https://ncea.education.govt.nz/rauemi-te-reo-matatini-me-te-pangarau,https://ncea.education.govt.nz/mi/hau-whakatere,405
https://ncea.education.govt.nz/,https://ncea.education.govt.nz/rauemi-te-reo-matatini-me-te-pangarau,https://ncea.education.govt.nz/ncea-te-reo-matatini-me-te-pangarau-resources-school-leaders-teachers-students-and-whanau,405
https://ncea.education.govt.nz/,https://ncea.education.govt.nz/rauemi-te-reo-matatini-me-te-pangarau,https://ncea.education.govt.nz/pangarau/pangarau/kuputaka-marau,405
https://ncea.education.govt.nz/,https://ncea.education.govt.nz/rauemi-te-reo-matatini-me-te-pangarau,https://ncea.education.govt.nz/te-reo-matatini-me-te-pangarau/te-reo-matatini/kuputaka-marau,405
https://ncea.education.govt.nz/,https://ncea.education.govt.nz/recent-changes/455,https://ncea.education.govt.nz/mi/recent-changes/455,405
https://ncea.education.govt.nz/,https://ncea.education.govt.nz/review-achievement-standards,https://ncea.education.govt.nz/2021-ncea-subject-lists,405
https://ncea.education.govt.nz/,https://ncea.education.govt.nz/review-achievement-standards,https://ncea.education.govt.nz/development,405
https://ncea.education.govt.nz/,https://ncea.education.govt.nz/science/physics-earth-and-space-science,https://ncea.education.govt.nz/recent-changes/537,405
https://ncea.education.govt.nz/,https://ncea.education.govt.nz/science/physics-earth-and-space-science,https://ncea.education.govt.nz/science/physics-earth-and-space-science?view=learning,405
https://ncea.education.govt.nz/,https://ncea.education.govt.nz/science/physics-earth-and-space-science,https://ncea.education.govt.nz/science/physics-earth-and-space-science/1/1,405
https://ncea.education.govt.nz/,https://ncea.education.govt.nz/science/physics-earth-and-space-science,https://ncea.education.govt.nz/science/physics-earth-and-space-science/1/2,405
https://ncea.education.govt.nz/,https://ncea.education.govt.nz/science/physics-earth-and-space-science,https://ncea.education.govt.nz/science/physics-earth-and-space-science/1/3,405
https://ncea.education.govt.nz/,https://ncea.education.govt.nz/science/physics-earth-and-space-science,https://ncea.education.govt.nz/science/physics-earth-and-space-science/1/4,405
https://ncea.education.govt.nz/,https://ncea.education.govt.nz/science/science,https://ncea.education.govt.nz/recent-changes/342,405
https://ncea.education.govt.nz/,https://ncea.education.govt.nz/science/science,https://ncea.education.govt.nz/science/science?view=learning,405
https://ncea.education.govt.nz/,https://ncea.education.govt.nz/science/science,https://ncea.education.govt.nz/science/science/1/1,405
https://ncea.education.govt.nz/,https://ncea.education.govt.nz/science/science,https://ncea.education.govt.nz/science/science/1/2,405
https://ncea.education.govt.nz/,https://ncea.education.govt.nz/science/science,https://ncea.education.govt.nz/science/science/1/3,405
https://ncea.education.govt.nz/,https://ncea.education.govt.nz/science/science,https://ncea.education.govt.nz/science/science/1/4,405
https://ncea.education.govt.nz/,https://ncea.education.govt.nz/social-sciences/commerce,https://ncea.education.govt.nz/recent-changes/539,405
https://ncea.education.govt.nz/,https://ncea.education.govt.nz/social-sciences/commerce,https://ncea.education.govt.nz/social-sciences/commerce?view=learning,405
https://ncea.education.govt.nz/,https://ncea.education.govt.nz/social-sciences/commerce,https://ncea.education.govt.nz/social-sciences/commerce/1/1,405
https://ncea.education.govt.nz/,https://ncea.education.govt.nz/social-sciences/commerce,https://ncea.education.govt.nz/social-sciences/commerce/1/2,405
https://ncea.education.govt.nz/,https://ncea.education.govt.nz/social-sciences/commerce,https://ncea.education.govt.nz/social-sciences/commerce/1/3,405
https://ncea.education.govt.nz/,https://ncea.education.govt.nz/social-sciences/commerce,https://ncea.education.govt.nz/social-sciences/commerce/1/4,405
https://ncea.education.govt.nz/,https://ncea.education.govt.nz/technology/design-and-visual-communication,https://ncea.education.govt.nz/recent-changes/543,405
https://ncea.education.govt.nz/,https://ncea.education.govt.nz/technology/design-and-visual-communication,https://ncea.education.govt.nz/technology/design-and-visual-communication?view=learning,405
https://ncea.education.govt.nz/,https://ncea.education.govt.nz/technology/design-and-visual-communication,https://ncea.education.govt.nz/technology/design-and-visual-communication/1/1,405
https://ncea.education.govt.nz/,https://ncea.education.govt.nz/technology/design-and-visual-communication,https://ncea.education.govt.nz/technology/design-and-visual-communication/1/2,405
https://ncea.education.govt.nz/,https://ncea.education.govt.nz/technology/design-and-visual-communication,https://ncea.education.govt.nz/technology/design-and-visual-communication/1/3,405
https://ncea.education.govt.nz/,https://ncea.education.govt.nz/technology/design-and-visual-communication,https://ncea.education.govt.nz/technology/design-and-visual-communication/1/4,405
https://ncea.education.govt.nz/,https://ncea.education.govt.nz/technology/digital-technologies,https://ncea.education.govt.nz/recent-changes/336,405
https://ncea.education.govt.nz/,https://ncea.education.govt.nz/technology/digital-technologies,https://ncea.education.govt.nz/technology/digital-technologies?view=learning,405
https://ncea.education.govt.nz/,https://ncea.education.govt.nz/technology/digital-technologies,https://ncea.education.govt.nz/technology/digital-technologies/1/1,405
https://ncea.education.govt.nz/,https://ncea.education.govt.nz/technology/digital-technologies,https://ncea.education.govt.nz/technology/digital-technologies/1/2,405
https://ncea.education.govt.nz/,https://ncea.education.govt.nz/technology/digital-technologies,https://ncea.education.govt.nz/technology/digital-technologies/1/3,405
https://ncea.education.govt.nz/,https://ncea.education.govt.nz/technology/digital-technologies,https://ncea.education.govt.nz/technology/digital-technologies/1/4,405
https://ncea.education.govt.nz/,https://ncea.education.govt.nz/technology/materials-and-processing-technology,https://ncea.education.govt.nz/recent-changes/531,405
https://ncea.education.govt.nz/,https://ncea.education.govt.nz/technology/materials-and-processing-technology,https://ncea.education.govt.nz/technology/materials-and-processing-technology?view=learning,405
https://ncea.education.govt.nz/,https://ncea.education.govt.nz/technology/materials-and-processing-technology,https://ncea.education.govt.nz/technology/materials-and-processing-technology/1/1,405
https://ncea.education.govt.nz/,https://ncea.education.govt.nz/technology/materials-and-processing-technology,https://ncea.education.govt.nz/technology/materials-and-processing-technology/1/2,405
https://ncea.education.govt.nz/,https://ncea.education.govt.nz/technology/materials-and-processing-technology,https://ncea.education.govt.nz/technology/materials-and-processing-technology/1/3,405
https://ncea.education.govt.nz/,https://ncea.education.govt.nz/technology/materials-and-processing-technology,https://ncea.education.govt.nz/technology/materials-and-processing-technology/1/4,405
https://newzealandcurriculum.tahurangi.education.govt.nz/,https://newzealandcurriculum.tahurangi.education.govt.nz/new-zealand-curriculum-online/implementation-supports/curriculum-roadshow/5637166327.c?domain=newzealandcurriculum.tahurangi.education.govt.nz////%5C%5C%5C%5C%5C%5C%5C%5C%5C%5C%5C%5C%5C%5C%5C,https://newzealandcurriculum.tahurangi.education.govt.nz/privacy?domain=newzealandcurriculum.tahurangi.education.govt.nz////%5C%5C%5C%5C%5C%5C%5C%5C%5C%5C%5C%5C%5C%5C%5C,404
https://newzealandcurriculum.tahurangi.education.govt.nz/,https://newzealandcurriculum.tahurangi.education.govt.nz/new-zealand-curriculum-online/learning-area-resources/mathematics-and-statistics-resources/number/5637144638.c?domain=newzealandcurriculum.tahurangi.education.govt.nz/%5C,https://newzealandcurriculum.tahurangi.education.govt.nz/checkout?domain=newzealandcurriculum.tahurangi.education.govt.nz/%5C,404
https://newzealandcurriculum.tahurangi.education.govt.nz/,https://newzealandcurriculum.tahurangi.education.govt.nz/ordering-ministry-funded-maths-resources/5637240578.p,https://newzealandcurriculum.tahurangi.education.govt.nz/new-zealand-curriculum-online/teaching-support/5637144674.c/?domain=newzealandcurriculum.tahurangi.education.govt.nz/,404
https://newzealandcurriculum.tahurangi.education.govt.nz/,https://newzealandcurriculum.tahurangi.education.govt.nz/ordering-ministry-funded-maths-resources/5637240578.p,https://newzealandcurriculum.tahurangi.education.govt.nz/new-zealand-curriculum-online/teaching-support/structured-approaches-to-maths/5637162576.c/?domain=newzealandcurriculum.tahurangi.education.govt.nz/,404
https://newzealandcurriculum.tahurangi.education.govt.nz/,https://newzealandcurriculum.tahurangi.education.govt.nz/teaching-handwriting/5637284080.p?domain=newzealandcurriculum.tahurangi.education.govt.nz/%5C%5C%5C%5C%5C%5C%5C%5C%5C%5C%5C%5C%5C%5C%5C%5C%5C%5C%5C%5C%5C%5C%5C%5C%5C%5C%5C%5C%5C%5C%5C%5C%5C%5C,https://newzealandcurriculum.tahurangi.education.govt.nz/copyright?domain=newzealandcurriculum.tahurangi.education.govt.nz/%5C%5C%5C%5C%5C%5C%5C%5C%5C%5C%5C%5C%5C%5C%5C%5C%5C%5C%5C%5C%5C%5C%5C%5C%5C%5C%5C%5C%5C%5C%5C%5C%5C%5C,404
https://ngatapuwae.govt.nz/,https://ngatapuwae.govt.nz/gallipoli/holding-the-line/,https://ngatapuwae.govt.nz/gallipoli/index4.html?page=4,404
https://ngatapuwae.govt.nz/,https://ngatapuwae.govt.nz/gallipoli/holding-the-line/,https://ngatapuwae.govt.nz/gallipoli/index5.html?page=5,404
https://ngatapuwae.govt.nz/,https://ngatapuwae.govt.nz/gallipoli/holding-the-line/,https://ngatapuwae.govt.nz/gallipoli/index7.html?page=7,404
https://ngatapuwae.govt.nz/,https://ngatapuwae.govt.nz/gallipoli/the-defence/,https://ngatapuwae.govt.nz/gallipoli/index1.html?page=1,404
https://ngatapuwae.govt.nz/,https://ngatapuwae.govt.nz/gallipoli/the-defence/,https://ngatapuwae.govt.nz/gallipoli/index2.html?page=2,404
https://ngatapuwae.govt.nz/,https://ngatapuwae.govt.nz/western-front/arras/,https://ngatapuwae.govt.nz/western-front/index1.html?page=1,404
https://ngatapuwae.govt.nz/,https://ngatapuwae.govt.nz/western-front/arras/,https://ngatapuwae.govt.nz/western-front/index2.html?page=2,404
https://ngatapuwae.govt.nz/,https://ngatapuwae.govt.nz/western-front/plugstreet/,https://ngatapuwae.govt.nz/western-front/index3.html?page=3,404
https://ngatapuwae.govt.nz/,https://ngatapuwae.govt.nz/western-front/plugstreet/,https://ngatapuwae.govt.nz/western-front/index5.html?page=5,404
https://nzhistory.govt.nz/,https://nzhistory.govt.nz/,https://nzhistory.govt.nz/memorial/%25C5%258Dt%25C4%2581huhu-rsa-memorial-hall,404
https://oio.linz.govt.nz/,https://oio.linz.govt.nz/,https://oioprd.b2clogin.com/oioprd.onmicrosoft.com/B2C_1_OIO_signupsignin/oauth2/v2.0/authorize?client_id=43bb106c-f512-4723-9ecc-3b8f6c343e42&response_type=code&scope=openid%20email%20profile&redirect_uri=https%3A//oio.linz.govt.nz/openid-connect/azure_b2c&state=EEdeN5MvCOXS730Z66LNavvqJvpi7dJyMnbm4QAKmJA&response_mode=query,404
https://onzpr.mpi.govt.nz/,https://onzpr.mpi.govt.nz/pests-of-concern/,https://onzpr.mpi.govt.nz/pests-of-concern/pest-details/action-upon-interception/?id=,500
https://operationburnham.inquiry.govt.nz/,https://operationburnham.inquiry.govt.nz/about-the-inquiry/questions-and-answers,https://operationburnham.inquiry.govt.nz/inquiry-report1,404
https://operationburnham.inquiry.govt.nz/,https://operationburnham.inquiry.govt.nz/news/latest-updates,https://operationburnham.inquiry.govt.nz/%255Bsitetree_link%2Cid%3D%255D,404
https://paperspast.natlib.govt.nz/,https://paperspast.natlib.govt.nz/,https://login.realme.govt.nz/b2cdiaprdrmpubdir.onmicrosoft.com/B2C_1A_DIA_RealMe_LoginService/samlp/sso/login?SAMLRequest=fVLNjtowEH6VyHeS4EBYLIKUglpFYqsKqh72EjmOA5YcO%2FVMdlmevk6ACqnbPXo839%2FMrIC3umN5jyezl797CRicW22AjR8Z6Z1hloMCZngrgaFgh%2Fx5x2gYs85ZtMJq8gD5HMEBpENlDQmKbUaqWSqWDaXLuaBxk87pIokXQsyqKpk9VeniicdLPp9WFQl%2BSQcelxFPQ4L8zrOxBvpWuoN0r0rIwtTynBHfUQD0%2FgnIDXpQTNNJnEyS6c84YTRlU%2FpCgq1PqwzHkfeE2AGLIm2PyoROct3K8GhfMTSXqKKiVrxztWu7vqqVC61plXAWbIOhsG30hW7KaV5ui7zce%2ByzLHcD0c1XNE4zArBXfrJeDRU2unTru3ZtLjEPvSOtqr%2Fa12fU8c6PoOOApZ97vYoeCVbXNX73Ay%2B2P6xW4j3ItbZvGx8EZUbQ9ZIEX61rOX6%2BoqGi6kkztrJBUwFKgySI7jK3Q5H1eDZ%2BBSjPeEv0WNpov%2B%2B9bNaDnrloNkRiSiADrIHxoZXVstP2vfUK7Nvu8HAqgokB7%2B3t7NsBnTRHPN1if6hy%2FfuvvejfU1%2F%2FAQ%3D%3D&SigAlg=http%3A%2F%2Fwww.w3.org%2F2000%2F09%2Fxmldsig%23rsa-sha1&Signature=RtKf6x3goySsiRD27BGdqZHBGAuVzldIQh9DUzTFYR6JVdv7XhZFRvixVaXuI4O%2F0w8HKccXV4eqAsWS0tdphXc4kgAZ4%2B4e5Hlw90HOeXYZcKYKY7U8VLOFaWNXtWvQC4PP4p93%2Bv4mNBobKTDBNjIxObije6UPzmAPNwDQ%2F7Jx0lECiOShnKRgnYc9aQ0srlvewdMqlrcJBn6KEfRBfkCX0AXljYzyu4VL4sj%2BbuFlKsEWqKYdqdR88Z%2FEXF0G%2BDJXhUpW%2FnDb7q49xWmoxLY3I9NDIah3Cgbr1HHBQVs2UuN%2FwdHmpkHvF%2BnkZ1FdilS%2Bo0tqdG6awoIZJStHdg%3D%3D,404
https://paperspast.natlib.govt.nz/,https://paperspast.natlib.govt.nz/help/navigating-papers-past,https://paperspast.natlib.govt.nz/paperspast.natlib.govt.nz/parliamentary/AJHR1870-I.2.1.2.6,404
https://permits-licences.doc.govt.nz/,https://permits-licences.doc.govt.nz/,https://permits-licences.doc.govt.nz/SignIn/?ReturnUrl=/profile-custom/,404
https://permits-licences.doc.govt.nz/,https://permits-licences.doc.govt.nz/,https://permits-licences.doc.govt.nz/SignIn/?ReturnUrl=/profile-custom/,404
https://pikeriver.royalcommission.govt.nz/,https://pikeriver.royalcommission.govt.nz/,https://pikeriver.royalcommission.govt.nz/webdraft/Volume-Two---Contents,400
https://pikeriver.royalcommission.govt.nz/,https://pikeriver.royalcommission.govt.nz/Media-Release---Dec-Hearings,https://pikeriver.royalcommission.govt.nz/FOUR%20WITNESSES%20CALLED%20FOR%20DECEMBER%20PIKE%20RIVER%20ROYAL%20COMMISSION%20HEARINGS,404
https://pikeriver.royalcommission.govt.nz/,https://pikeriver.royalcommission.govt.nz/Whats-New,https://pikeriver.royalcommission.govt.nz/22/08/2011%20%20Media%20Advisory%3A%20Media%20arrangements%20for%205%20September%20-%2023%20September%20Phase%202%20Hearings%20%28HTML%20version%29,404
https://pitau.mbie.govt.nz/,https://pitau.mbie.govt.nz/,https://pitau.mbie.govt.nz/Account/Login/ExternalLogin?returnUrl=%2F&provider=https%3A%2F%2Fmbiepitauprd.b2clogin.com%2Ftfp%2F4c41447f-cf7f-4fb6-a71a-3775e8444b3c%2Fb2c_1a_signupsigninrealmelogin%2Fv2.0%2F,404
https://pitau.mbie.govt.nz/,https://pitau.mbie.govt.nz/,https://pitau.mbie.govt.nz/Signin,404
https://pitau.mbie.govt.nz/,https://pitau.mbie.govt.nz/terms/,https://pitau.mbie.govt.nz/Account/Login/ExternalLogin?returnUrl=%2Fterms%2F&provider=https%3A%2F%2Fmbiepitauprd.b2clogin.com%2Ftfp%2F4c41447f-cf7f-4fb6-a71a-3775e8444b3c%2Fb2c_1a_signupsigninrealmelogin%2Fv2.0%2F,404
https://pld.education.govt.nz/,https://pld.education.govt.nz/news/minister-announces-funding-to-support-structured-teaching-approaches/,https://pld.education.govt.nz/apply-for-regionally-allocated-pld-2/,404
https://pld.education.govt.nz/,https://pld.education.govt.nz/news/pld/,https://pld.education.govt.nz/find-pld/kaiarahi-i-te-reo-professional-learning-and-development-fund-2024/,404
https://pld.education.govt.nz/,https://pld.education.govt.nz/news/regionally-allocated-pld-term-one-update/,https://pld.education.govt.nz/regionally-allocated-pld/education-sector-logon-for-teachers-and-,404
https://pld.education.govt.nz/,https://pld.education.govt.nz/news/regionally-allocated-pld-term-one-update/,https://pld.education.govt.nz/regionally-allocated-pld/help-and-guides/,404
https://pld.education.govt.nz/,https://pld.education.govt.nz/news/regionally-allocated-pld-term-two-update/,https://pld.education.govt.nz/regionally-allocated-pld/education-sector-logon-for-teachers-and-kaiako/,404
https://pld.education.govt.nz/,https://pld.education.govt.nz/news/rfp-for-cultural-capability-pld-questions-and-answers/,https://pld.education.govt.nz/news/rfp-invitation-cultural-capability-pld/,404
https://pld.education.govt.nz/,https://pld.education.govt.nz/news/rfp-for-networks-of-expertise-questions-and-answers/,https://pld.education.govt.nz/nex-rfp-opens/,404
https://pld.education.govt.nz/,https://pld.education.govt.nz/news/rfp-for-networks-of-expertise-questions-and-answers/,https://pld.education.govt.nz/rfp-for-networks-of-expertise-q-and-a/,404
https://pld.education.govt.nz/,https://pld.education.govt.nz/news/support-for-ncea-change-through-regionally-allocated-pld/,https://pld.education.govt.nz/regionally-allocated-pld/apply-for-regionally-allocated-pld/,404
https://pld.education.govt.nz/,https://pld.education.govt.nz/news/teacher-aide-pld-funding-returns-for-2023/,https://pld.education.govt.nz/find-pld/teacher-aide-professional-learning-and-development-fund-2023-2024/,404
https://pld.education.govt.nz/,https://pld.education.govt.nz/news/teacher-aide-pld-pilot-fund-applications-closed/,https://pld.education.govt.nz/teacher-aide-pld-applications-closing/,404
https://portal.miq.govt.nz/,https://portal.miq.govt.nz/,https://portal.miq.govt.nz/ab83c8d2-427d-43e6-b76b-13459d706606/B2C_1_miqsignupsignin1/api/CombinedSigninAndSignup/forgotPassword?csrf_token=RmtsckdERUtvUTlMdTFaczEyQ2U1cW1Da2l3cTFTdDd3Q3pRMzArb2JkUzJFVmdyU0dES0V3clNieWNZVWR6WFhkNGtHM2NTZkdaOVdzdGpMcjBHL1E9PTsyMDI2LTAzLTMxVDAyOjExOjU2LjQ3NjE3MTFaO1VMNzdrekIrODd1bjlxTW81ZzRZY2c9PTt7Ik9yY2hlc3RyYXRpb25TdGVwIjoxfQ==&tx=StateProperties=eyJUSUQiOiIxMjkwNWNjZi0yZWRjLTQ2ZDctOGMzOC1kMzg3MzNmMjY1MmYifQ&p=B2C_1_miqsignupsignin1,404
https://portal.miq.govt.nz/,https://portal.miq.govt.nz/,https://portal.miq.govt.nz/ab83c8d2-427d-43e6-b76b-13459d706606/B2C_1_miqsignupsignin1/api/CombinedSigninAndSignup/unified?local=signup&csrf_token=RmtsckdERUtvUTlMdTFaczEyQ2U1cW1Da2l3cTFTdDd3Q3pRMzArb2JkUzJFVmdyU0dES0V3clNieWNZVWR6WFhkNGtHM2NTZkdaOVdzdGpMcjBHL1E9PTsyMDI2LTAzLTMxVDAyOjExOjU2LjQ3NjE3MTFaO1VMNzdrekIrODd1bjlxTW81ZzRZY2c9PTt7Ik9yY2hlc3RyYXRpb25TdGVwIjoxfQ==&tx=StateProperties=eyJUSUQiOiIxMjkwNWNjZi0yZWRjLTQ2ZDctOGMzOC1kMzg3MzNmMjY1MmYifQ&p=B2C_1_miqsignupsignin1,404
https://portal.temporaryaccommodation.mbie.govt.nz/Temporaryaccommodation/,https://portal.temporaryaccommodation.mbie.govt.nz/Temporaryaccommodation/,https://portal.temporaryaccommodation.mbie.govt.nz/SignIn?returnUrl=%2F,404
https://preventfvsv.govt.nz/,https://preventfvsv.govt.nz/national-strategy,https://preventfvsv.govt.nz/cabinet-papers-2,404
https://preventfvsv.govt.nz/,https://preventfvsv.govt.nz/resources,https://preventfvsv.govt.nz/interdepartmental-executive-board,404
https://preventfvsv.govt.nz/,https://preventfvsv.govt.nz/resources,https://preventfvsv.govt.nz/joint-venture-and-interim-te,404
https://preventfvsv.govt.nz/,https://preventfvsv.govt.nz/resources,https://preventfvsv.govt.nz/te-aorerekura-investment-plan,404
https://providers.youthservice.govt.nz/,https://providers.youthservice.govt.nz/yp-and-ypp/application/approving,https://providers.youthservice.govt.nz/yp-and-ypp/application/approving/enrolling-neet-clients,404
https://readingambassador.nz/,https://readingambassador.nz/,https://readingambassador.nz/,403
https://resources.alcohol.org.nz/,https://resources.alcohol.org.nz/,https://resources.alcohol.org.nz/,403
https://services-exporter-tool.govt.nz/,https://services-exporter-tool.govt.nz/,https://services-exporter-tool.govt.nz/,503
https://sexualviolence.victimsinfo.govt.nz/,https://sexualviolence.victimsinfo.govt.nz/en/home/have-you-been-affected/,https://sexualviolence.victimsinfo.govt.nz/en/glossary/showterm/fakangofu%25c3%25a1/,404
https://sexualviolence.victimsinfo.govt.nz/,https://sexualviolence.victimsinfo.govt.nz/en/home/have-you-been-affected/,https://sexualviolence.victimsinfo.govt.nz/en/glossary/showterm/ngaohikovia%2Bfakaefehokotaki%2Bfakasino%2B%25e2%2580%2598i%2Bha%2Blau%25e2%2580%2598i%2Bt%25c4%2581/,404
https://sexualviolence.victimsinfo.govt.nz/,https://sexualviolence.victimsinfo.govt.nz/en/home/have-you-been-affected/i-want-to-help-someone/,https://sexualviolence.victimsinfo.govt.nz/en/glossary/showterm/fakam%25c4%2581lohi%2Bfakaefehokotaki%2Bfakasin%25c3%25b3/,404
https://sexualviolence.victimsinfo.govt.nz/,https://sexualviolence.victimsinfo.govt.nz/en/home/name-suppression/,https://sexualviolence.victimsinfo.govt.nz/en/glossary/showterm/faka%25e2%2580%2598ilo%25c3%25a1/,404
https://sexualviolence.victimsinfo.govt.nz/,https://sexualviolence.victimsinfo.govt.nz/en/home/name-suppression/,https://sexualviolence.victimsinfo.govt.nz/en/glossary/showterm/ngaahi%2Btaute%25c3%25a1/,404
https://sexualviolence.victimsinfo.govt.nz/,https://sexualviolence.victimsinfo.govt.nz/en/home/name-suppression/,https://sexualviolence.victimsinfo.govt.nz/en/glossary/showterm/talatalaak%25c3%25ad/,404
https://sexualviolence.victimsinfo.govt.nz/,https://sexualviolence.victimsinfo.govt.nz/en/home/name-suppression/,https://sexualviolence.victimsinfo.govt.nz/en/glossary/showterm/tokotaha%2Bfaihal%25c3%25a1/,404
https://sexualviolence.victimsinfo.govt.nz/,https://sexualviolence.victimsinfo.govt.nz/en/home/name-suppression/,https://sexualviolence.victimsinfo.govt.nz/en/glossary/showterm/tokotaha%2Bfale%25e2%2580%2598i%2B%25e2%2580%2598a%2Be%2Bfakamaau%25e2%2580%2598ang%25c3%25a1%2Bki%2Bhe%2Bkau%2Bmamah%25c3%25ad/,404
https://sexualviolence.victimsinfo.govt.nz/,https://sexualviolence.victimsinfo.govt.nz/en/home/the-court-process/,https://sexualviolence.victimsinfo.govt.nz/en/glossary/showterm/ui%2Bki%2Bmu%25e2%2580%2598a%2Bki%2Bhe%2Bfakamaa%25c3%25ba%2Bki%2Bmu%25e2%2580%2598a%2B%25e2%2580%2598i%2Bhe%2Bhop%25c3%25b3/,404
https://sexualviolence.victimsinfo.govt.nz/,https://sexualviolence.victimsinfo.govt.nz/en/home/the-court-process/after-the-trial/,https://sexualviolence.victimsinfo.govt.nz/en/glossary/showterm/fakamaau%2Btotonu%2Bki%2Bha%2Bfakalele%25c3%25ad/,404
https://sexualviolence.victimsinfo.govt.nz/,https://sexualviolence.victimsinfo.govt.nz/en/home/the-court-process/after-the-trial/,https://sexualviolence.victimsinfo.govt.nz/en/glossary/showterm/hopo%2Btangi/,404
https://sexualviolence.victimsinfo.govt.nz/,https://sexualviolence.victimsinfo.govt.nz/en/home/the-court-process/after-the-trial/,https://sexualviolence.victimsinfo.govt.nz/en/glossary/showterm/l%25c4%2593sisita%2Bki%2Bhe%2Bfetu%25e2%2580%2598utaki%2Bki%2Bhe%2Bkau%2Bmamah%25c3%25ad/,404
https://sexualviolence.victimsinfo.govt.nz/,https://sexualviolence.victimsinfo.govt.nz/en/home/the-court-process/after-the-trial/,https://sexualviolence.victimsinfo.govt.nz/en/glossary/showterm/malu%25e2%2580%2598i%2Bfakaefakamaau%25e2%2580%2598anga/,404
https://sexualviolence.victimsinfo.govt.nz/,https://sexualviolence.victimsinfo.govt.nz/en/home/the-court-process/after-the-trial/,https://sexualviolence.victimsinfo.govt.nz/en/glossary/showterm/taute%25c3%25a1/,404
https://sexualviolence.victimsinfo.govt.nz/,https://sexualviolence.victimsinfo.govt.nz/en/home/the-court-process/before-the-trial/what-if-they-plead-guilty/,https://sexualviolence.victimsinfo.govt.nz/sm/glossary/showterm/tang%25c3%25ad/,404
https://sexualviolence.victimsinfo.govt.nz/,https://sexualviolence.victimsinfo.govt.nz/en/home/the-court-process/the-trial-itself/,https://sexualviolence.victimsinfo.govt.nz/en/glossary/showterm/%25e2%2580%2598%25c5%258cfisa%2Bpolisi%2Bpul%25c3%25a9/,404
https://sexualviolence.victimsinfo.govt.nz/,https://sexualviolence.victimsinfo.govt.nz/en/home/the-court-process/the-trial-itself/,https://sexualviolence.victimsinfo.govt.nz/en/glossary/showterm/%25e2%2580%2598oatu%2Bha%2Bfakamo%25e2%2580%2598oni/,404
https://sexualviolence.victimsinfo.govt.nz/,https://sexualviolence.victimsinfo.govt.nz/en/home/the-court-process/the-trial-itself/,https://sexualviolence.victimsinfo.govt.nz/en/glossary/showterm/faka%25e2%2580%2598at%25c4%2581%2Bmei%2Bpil%25c4%25absone/,404
https://sexualviolence.victimsinfo.govt.nz/,https://sexualviolence.victimsinfo.govt.nz/en/home/the-court-process/the-trial-itself/,https://sexualviolence.victimsinfo.govt.nz/en/glossary/showterm/fakamatala%2Bki%2Bhe%2Buesia%2B%25e2%2580%2598oku%2Bhoko%2Bki%2Bhe%2Btokotaha%2Bmamah%25c3%25ad/,404
https://sexualviolence.victimsinfo.govt.nz/,https://sexualviolence.victimsinfo.govt.nz/en/home/the-court-process/the-trial-itself/,https://sexualviolence.victimsinfo.govt.nz/en/glossary/showterm/fakamo%25e2%2580%2598on%25c3%25ad/,404
https://sexualviolence.victimsinfo.govt.nz/,https://sexualviolence.victimsinfo.govt.nz/en/home/the-court-process/the-trial-itself/,https://sexualviolence.victimsinfo.govt.nz/en/glossary/showterm/fakamo%25e2%2580%2598oni%25e2%2580%2598i%2B%25e2%2580%2598o%2B%25e2%2580%2598ikai%2Bha%2Btoe%2Bveiveiua/,404
https://sexualviolence.victimsinfo.govt.nz/,https://sexualviolence.victimsinfo.govt.nz/en/home/the-court-process/the-trial-itself/,https://sexualviolence.victimsinfo.govt.nz/en/glossary/showterm/kau%2Bsul%25c3%25a1/,404
https://sexualviolence.victimsinfo.govt.nz/,https://sexualviolence.victimsinfo.govt.nz/en/home/the-court-process/the-trial-itself/,https://sexualviolence.victimsinfo.govt.nz/en/glossary/showterm/tala%2Btaute%25c3%25a1/,404
https://sexualviolence.victimsinfo.govt.nz/,https://sexualviolence.victimsinfo.govt.nz/en/home/the-court-process/the-trial-itself/,https://sexualviolence.victimsinfo.govt.nz/en/glossary/showterm/tang%25c3%25ad/,404
https://sexualviolence.victimsinfo.govt.nz/,https://sexualviolence.victimsinfo.govt.nz/en/home/the-court-process/the-trial-itself/,https://sexualviolence.victimsinfo.govt.nz/en/glossary/showterm/tokotaha%2Bfakamo%25e2%2580%2598oni/,404
https://sexualviolence.victimsinfo.govt.nz/,https://sexualviolence.victimsinfo.govt.nz/en/home/the-court-process/the-trial-itself/,https://sexualviolence.victimsinfo.govt.nz/en/glossary/showterm/tokotaha%2Bfale%25e2%2580%2598i%2Bki%2Bhe%2Bfa%25e2%2580%2598ahinga%2Bna%25e2%2580%2598e%2Buesia%2B%25e2%2580%2598e%2Bhe%2Bfakam%25c4%2581lohi%2Bfakaefehokotaki%2Bfakasin%25c3%25b3/,404
https://sexualviolence.victimsinfo.govt.nz/,https://sexualviolence.victimsinfo.govt.nz/en/home/the-court-process/the-trial-itself/,https://sexualviolence.victimsinfo.govt.nz/en/glossary/showterm/tokotaha%2Bng%25c4%2581ue%2Btokoni%2Bmataotao/,404
https://sexualviolence.victimsinfo.govt.nz/,https://sexualviolence.victimsinfo.govt.nz/en/home/the-court-process/the-trial-itself/,https://sexualviolence.victimsinfo.govt.nz/en/glossary/showterm/tu%25e2%2580%2598utu%25e2%2580%2598un%25c3%25ad/,404
https://sexualviolence.victimsinfo.govt.nz/,https://sexualviolence.victimsinfo.govt.nz/mi/home/have-you-been-affected/,https://sexualviolence.victimsinfo.govt.nz/mi/glossary/showterm/fakangofu%25c3%25a1/,404
https://sexualviolence.victimsinfo.govt.nz/,https://sexualviolence.victimsinfo.govt.nz/mi/home/have-you-been-affected/,https://sexualviolence.victimsinfo.govt.nz/mi/glossary/showterm/ngaohikovia%2Bfakaefehokotaki%2Bfakasino%2B%25e2%2580%2598i%2Bha%2Blau%25e2%2580%2598i%2Bt%25c4%2581/,404
https://sexualviolence.victimsinfo.govt.nz/,https://sexualviolence.victimsinfo.govt.nz/mi/home/telling-the-police/,https://sexualviolence.victimsinfo.govt.nz/mi/glossary/showterm/ngaahi%2Btaute%25c3%25a1/,404
https://sexualviolence.victimsinfo.govt.nz/,https://sexualviolence.victimsinfo.govt.nz/mi/home/the-court-process/,https://sexualviolence.victimsinfo.govt.nz/mi/glossary/showterm/tala%2Btaute%25c3%25a1/,404
https://sexualviolence.victimsinfo.govt.nz/,https://sexualviolence.victimsinfo.govt.nz/mi/home/the-court-process/after-the-trial/,https://sexualviolence.victimsinfo.govt.nz/mi/glossary/showterm/hopo%2Btangi/,404
https://sexualviolence.victimsinfo.govt.nz/,https://sexualviolence.victimsinfo.govt.nz/mi/home/the-court-process/after-the-trial/,https://sexualviolence.victimsinfo.govt.nz/mi/glossary/showterm/l%25c4%2593sisita%2Bki%2Bhe%2Bfetu%25e2%2580%2598utaki%2Bki%2Bhe%2Bkau%2Bmamah%25c3%25ad/,404
https://sexualviolence.victimsinfo.govt.nz/,https://sexualviolence.victimsinfo.govt.nz/mi/home/the-court-process/before-the-trial/,https://sexualviolence.victimsinfo.govt.nz/mi/glossary/showterm/%25e2%2580%2598%25c5%258cfisa%2Bpolisi%2Bpul%25c3%25a9/,404
https://sexualviolence.victimsinfo.govt.nz/,https://sexualviolence.victimsinfo.govt.nz/mi/home/the-court-process/before-the-trial/,https://sexualviolence.victimsinfo.govt.nz/mi/glossary/showterm/%25e2%2580%2598oatu%2Bha%2Bfakamo%25e2%2580%2598oni/,404
https://sexualviolence.victimsinfo.govt.nz/,https://sexualviolence.victimsinfo.govt.nz/mi/home/the-court-process/before-the-trial/,https://sexualviolence.victimsinfo.govt.nz/mi/glossary/showterm/fakamo%25e2%2580%2598on%25c3%25ad/,404
https://sexualviolence.victimsinfo.govt.nz/,https://sexualviolence.victimsinfo.govt.nz/mi/home/the-court-process/before-the-trial/,https://sexualviolence.victimsinfo.govt.nz/mi/glossary/showterm/talatalaak%25c3%25ad/,404
https://sexualviolence.victimsinfo.govt.nz/,https://sexualviolence.victimsinfo.govt.nz/mi/home/the-court-process/before-the-trial/,https://sexualviolence.victimsinfo.govt.nz/mi/glossary/showterm/taute%25c3%25a1/,404
https://sexualviolence.victimsinfo.govt.nz/,https://sexualviolence.victimsinfo.govt.nz/mi/home/the-court-process/before-the-trial/,https://sexualviolence.victimsinfo.govt.nz/mi/glossary/showterm/to%25e2%2580%2598utup%25c3%25ba/,404
https://sexualviolence.victimsinfo.govt.nz/,https://sexualviolence.victimsinfo.govt.nz/mi/home/the-court-process/before-the-trial/,https://sexualviolence.victimsinfo.govt.nz/mi/glossary/showterm/tokotaha%2Bfaihal%25c3%25a1/,404
https://sexualviolence.victimsinfo.govt.nz/,https://sexualviolence.victimsinfo.govt.nz/mi/home/the-court-process/before-the-trial/,https://sexualviolence.victimsinfo.govt.nz/mi/glossary/showterm/tokotaha%2Bfakamo%25e2%2580%2598oni/,404
https://sexualviolence.victimsinfo.govt.nz/,https://sexualviolence.victimsinfo.govt.nz/mi/home/the-court-process/before-the-trial/,https://sexualviolence.victimsinfo.govt.nz/mi/glossary/showterm/tokotaha%2Bfale%25e2%2580%2598i%2Bki%2Bhe%2Bfa%25e2%2580%2598ahinga%2Bna%25e2%2580%2598e%2Buesia%2B%25e2%2580%2598e%2Bhe%2Bfakam%25c4%2581lohi%2Bfakaefehokotaki%2Bfakasin%25c3%25b3/,404
https://sexualviolence.victimsinfo.govt.nz/,https://sexualviolence.victimsinfo.govt.nz/mi/home/the-court-process/before-the-trial/,https://sexualviolence.victimsinfo.govt.nz/mi/glossary/showterm/tokotaha%2Bng%25c4%2581ue%2Btokoni%2Bmataotao/,404
https://sexualviolence.victimsinfo.govt.nz/,https://sexualviolence.victimsinfo.govt.nz/mi/home/the-court-process/before-the-trial/,https://sexualviolence.victimsinfo.govt.nz/mi/glossary/showterm/totongi-malu%25e2%2580%2598i/,404
https://sexualviolence.victimsinfo.govt.nz/,https://sexualviolence.victimsinfo.govt.nz/mi/home/the-court-process/before-the-trial/,https://sexualviolence.victimsinfo.govt.nz/mi/glossary/showterm/tu%25e2%2580%2598utu%25e2%2580%2598un%25c3%25ad/,404
https://sexualviolence.victimsinfo.govt.nz/,https://sexualviolence.victimsinfo.govt.nz/mi/home/the-court-process/the-trial-itself/,https://sexualviolence.victimsinfo.govt.nz/mi/glossary/showterm/hopo%2Btoloi/,404
https://sexualviolence.victimsinfo.govt.nz/,https://sexualviolence.victimsinfo.govt.nz/mi/home/the-court-process/the-trial-itself/,https://sexualviolence.victimsinfo.govt.nz/mi/glossary/showterm/tang%25c3%25ad/,404
https://takatu.civildefence.govt.nz/,https://takatu.civildefence.govt.nz/,https://login.realme.govt.nz/b2cdiaprdrmpubdir.onmicrosoft.com/B2C_1A_DIA_RealMe_LoginService/samlp/sso/login?SAMLRequest=jVPbjtowEP2VyO%2Fk2l1YC5BY6AWJ7SKgfegLcpwJWHXs1DNhL19fJ2S1SG1R36LxnJlzmYxRVLrms4aOZgO%2FGkAKnittkHcPE9Y4w61AhdyICpCT5NvZw4qnYcxrZ8lKq9kF5DpCIIIjZQ0LlosJ22dQlvkoh%2FwOkvI2zcshlEmalKPiLk3jOP0Qj7JymA3LGxZ8B4ceOWF%2BkIcjNrA0SMKQL8Xp7SDOBlmyizOeZPwm%2FsGChVejjKAOdSSqkUeRtgdlQgdCVxAe7IlC8xrlqSyUqF3hqrrJC%2BVCayolnUVbUihtFd2n830y2y%2BWs%2F3GYx9gv2oHbcGdlISocytCtOf5LJi9KZ1bg00Fru%2F8tlm9cyHxU1ATSnVSuoASjHynJHwk3dg0wvr8MRASw%2FpYX8OxYN2ncq9MoczheiD5uQn5l91uPVg%2FbndsOm6X8c5gN%2F0fqvPFx4e%2BYRxdgsfn6%2Frq1y4Xa6uVfAk%2BWVcJus6qrahiUHatvG6DRwJD3lat7dPcp0cwYeQaYNHblv58oeiO2dtO8Ey9mMvSXPsr3EA5bRmYV81bGVxJ4kgF8tZ3wwuotX2p%2FE7%2BebW9OGDJZYv3hFf2aUsOzIGOveq%2Fbjm%2F%2FZNe9OcPOP0N&RelayState=https%3A%2F%2Ftakatu.civildefence.govt.nz%2Fauth%2Fsaml2%2Flogin.php&SigAlg=http%3A%2F%2Fwww.w3.org%2F2001%2F04%2Fxmldsig-more%23rsa-sha256&Signature=M5J%2Fmv5XkETTHqMMNOOrvtxWMX3uc10V9mLZuOS6ctCQpqTmb0rkId6lxPM9Tt3z%2BxcPNzuGvZAcogUQityRRxzEFnAFLU15PhSwYr%2FojWT6mIPZaC%2Fk7c4OQILBUAUQKaVfx6CXV5tVoTxwQgA2aYrkBxm9wiT5TWGTp5fQgkoZ%2BE67y5ZVixsfld0rk77E8tYSJ%2B2NAGa90CdlB%2Bmejy3k2HkL0cjaSSu5YhGW1T%2BsHiqGGugeyBFUwB4AVKh%2BED1URlIEl%2F4J0xac4m0ouUlzmn9HRShclBvOuN%2BlJRjagK7%2Fu%2FICzd03ggitxxJtcrZlbOSqNh3laKoPl6F8%2Fg%3D%3D,404
https://takatu.civildefence.govt.nz/,https://takatu.civildefence.govt.nz/,https://login.realme.govt.nz/b2cdiaprdrmpubdir.onmicrosoft.com/B2C_1A_DIA_RealMe_LoginService/samlp/sso/login?SAMLRequest=jVPbjtowEP2VyO%2FkCkvXAiQWekGCLgLah74g40zAqmOnngl7%2Bfo6IatFaov6Fo3nzJzLZISi1BWf1nQyG%2FhVA1LwXGqDvH0Ys9oZbgUq5EaUgJwk305XS56GMa%2BcJSutZleQ2wiBCI6UNSxYzMdsXxRCFskwO%2FSLPMnSYZLkafxBDpI4vc9gMJCiPxT53X1SsOA7OPTIMfODPByxhoVBEoZ8KU7venHWy5JdnPEk4%2F37HyyYezXKCGpRJ6IKeRRpe1QmdCB0CeHRnik0r9EhlbkSlctdWdWHXLnQmlJJZ9EWFEpbRg%2FpbJ9M9%2FPFdL%2Fx2BXsl82gLbizkhC1bkWI9jKfBdM3pTNrsC7BdZ3fNst3LiR%2BCqpDqc5K51CAke%2BUhI%2BkHZtGWF0%2BekJiWJ2qWzgWrLtUHpTJlTneDuRwaUL%2BZbdb99aP2x2bjJplvDXYTf6H6mz%2BcdU1jKJr8OhyXV%2F92sV8bbWSL8En60pBt1k1FZX3iraVV03wSGDI26q1fZr59AjGjFwNLHrb0p0v5O0xe9sJnqkTc12aaX%2BFGygmDQPzqnkjgytJHClH3vhueA6Vti%2Bl38k%2FL7dXByy5bPCe8NI%2BbcmBOdKpU%2F3XLZe3f9KL%2FvwBJ78B&RelayState=https%3A%2F%2Ftakatu.civildefence.govt.nz%2Fauth%2Fsaml2%2Flogin.php&SigAlg=http%3A%2F%2Fwww.w3.org%2F2001%2F04%2Fxmldsig-more%23rsa-sha256&Signature=RasVTrh1lZHcIW833vLCVjDO8haOZhJXba4iOCRnrJkc%2BU%2B02CVh9YXhhJHtPRLsaZ01xbEkXymbHURDYMsc0MpSq3nP3QSJlG1shtr45%2FxerL4QNnxVr1TF%2FIP8p1zFRIAW9L2f6VOA3JlFTWvF01oXlbfFS2N%2BtwSEHglsYveDrW522D%2BRLbNI%2FjnXoLTg0ElkjukZyH6SyrNno0FNJvbDHuOGMeg3o6%2FPgp00ziznDXlbbY3Wh8tlFHklrcjwgJvkq0M8OgDO0n97wJpvAmy4nP2r5LP7EAqq9YJf7T6oiAjZiV57YUZ%2BUxTGkrrlt5hCn5CcoqZmNMFbQPiIOw%3D%3D,404
https://takatu.civildefence.govt.nz/,https://takatu.civildefence.govt.nz/,https://login.realme.govt.nz/b2cdiaprdrmpubdir.onmicrosoft.com/B2C_1A_DIA_RealMe_LoginService/samlp/sso/login?SAMLRequest=jVPbjtowEP2VyO%2FkSqFrARILvSCxLQLah74gYw9g1bFTz4S9fH2dkNUitUV9i8ZzZs5lMkJRmopPazrZNfyqASl6Ko1F3j6MWe0tdwI1citKQE6Sb6YPS57HKa%2B8IyedYVeQ2wiBCJ60syxazMdsl%2FZTcZepwbv9oBDDYS7zNFOiGPZlP9sPxWCYFXkGxeAuZ9F38BiQYxYGBThiDQuLJCyFUpoPemnRK7JtWvCs4P33P1g0D2q0FdSiTkQV8iQx7qht7EGYEuKjO1NsX5J9LpUWlVe%2BrOq90j52ttTSO3QHiqUrk%2Ft8tsumu%2FliulsH7APsls2gDfizlpC0biWI7jKfRdNXpTNnsS7Bd53f1ss3LiR%2BCqpjqc%2FaKDiAlW%2BURIikHZsnWF0%2BekJiXJ2qWzgWrbpU7rVV2h5vB7K%2FNCH%2FvN2uequvmy2bjJplvDXYT%2F6H6mz%2B4aFrGCXX4NHlur6EtYv5yhktn6OPzpeCbrNqKlr1Dm0rr5rgkcBSsNUY9zgL6RGMGfkaWPK6pTtfUO0xB9sJnqgTc12amXCFazhMGgb2xfBGBteSOJJC3vhuuYLKuOcy7OSflpurA5ZcNvhAeOkeN%2BTBHunUqf7rlsvbP%2Bklf%2F6Ak98%3D&RelayState=https%3A%2F%2Ftakatu.civildefence.govt.nz%2Fauth%2Fsaml2%2Flogin.php&SigAlg=http%3A%2F%2Fwww.w3.org%2F2001%2F04%2Fxmldsig-more%23rsa-sha256&Signature=PoMlpvE3BrSsrqvZfWQqayNkEZioTAyYdVfBDmBqz%2BgP8a809%2FEFnIr4A8DirAuRhavHD1rO%2B2rRLkh9iGylHlXYVbUrJW3%2BOZsdK9RFsqjnxZ78Frt8SJg72AyvR1GGSDuSbSh4xGBJtFJBJKYdZwIG2WXUuVaY9OmycRWIPV%2FGRUbmBtB%2B0%2FvxJ7llEuh2Yqthl6tNuyi6%2FTbCLJmaPlk5v436VpzPtrAx1ldVY3mRkYtbJ3WMt%2B7293%2FfBWglxP2G70CanYld2vw033YIPTEe%2F7CG4Ww82Gj0ol8FOhR07hx2gyX7LMytx5sifZ9XCfmrCgT91BY9c7QFL%2BJxAw%3D%3D,404
https://takatu.civildefence.govt.nz/,https://takatu.civildefence.govt.nz/,https://login.realme.govt.nz/b2cdiaprdrmpubdir.onmicrosoft.com/B2C_1A_DIA_RealMe_LoginService/samlp/sso/login?SAMLRequest=jVPbjtowEP2VyO8kkAC7WIDEQi9I0CKgfegLcpwJWHXs1DNhL19fJ2S1SN1FfYvGc2bOZTJGUeiSzyo6mS38qQApeCq0Qd48TFjlDLcCFXIjCkBOku9m6xWPwy4vnSUrrWZXkNsIgQiOlDUsWC4m7JCmyT304pGEFIbDO5kN%2Bv1MSDFIkwGM8vtRnos8FSMhWPATHHrkhPlBHo5YwdIgCUO%2B1I2HnW7SSXr7bsJ7Ce%2Ff%2FWLBwqtRRlCDOhGVyKNI26MyoQOhCwiP9kyheYnSWGZKlC5zRVmlmXKhNYWSzqLNKZS2iB7i%2BaE3OyyWs8PWY9dwWNWDduDOSkLUuBUh2st8Fsxelc6twaoA13b%2B2K7euJD4LagKpTornUEORr5REj6SZmwcYXn56AiJYXkqb%2BFYsGlTeVAmU%2BZ4O5D00oT8636%2F6Wy%2B7%2FZsOq6X8cZgN%2F0fqvPFp3XbMI6uwePLdX3za5eLjdVKPgefrSsE3WZVV1TWyZtWXtbBI4Ehb6vW9nHu0yOYMHIVsOh1S3u%2BkDXH7G0neKJWzHVprv0VbiGf1gzMi%2Ba1DK4kcaQMee274RmU2j4Xfif%2FstpdHbDkssZ7wiv7uCMH5kinVvW7Wy5vH9KL%2Fv0Bp38B&RelayState=https%3A%2F%2Ftakatu.civildefence.govt.nz%2Fauth%2Fsaml2%2Flogin.php&SigAlg=http%3A%2F%2Fwww.w3.org%2F2001%2F04%2Fxmldsig-more%23rsa-sha256&Signature=idi67kUBM1MVlOb68U0iI9bgqnK1KzJCmPbX9Akykml%2BWlNqutH%2FYUrTwDjtvpsZUHiMHe5hRyNMrIuHzQx6yZVDvOFwaFu6NCchMyAt1zGwv398VU74PgGYidQIxW0VOJxK5AJQ4CcOq8lq%2BJxljt54bmFVNasQUaz2McIXKQ9GbajjRuPYd0FmZWSNijknXrYEx727JNNA%2Bvz94bXRS8NvdOupocBkgTxjh2rneouUaMr%2Fooh2lWu9AmpOs3yYApWByyEoucVb%2Fm55zhnsVdcY7Uy49ciKOjzhvZtlCebgpnk3abqfB4o1J6fV4p6pVSxABQ7zfqHfnd1PjkeOYw%3D%3D,404
https://tatai.maori.nz/,https://tatai.maori.nz/terms-of-use,https://tatai.maori.nz/terms-of-use/https%3A/www.cert.govt.nz/,403
https://tatai.maori.nz/,https://tatai.maori.nz/terms-of-use,https://tatai.maori.nz/terms-of-use/mailto%3Aitsecurity%40health.govt.nz,403
https://tatou.health.govt.nz/,https://tatou.health.govt.nz/,https://tatou.health.govt.nz/%40%40register,404
https://teaho.govt.nz/,https://teaho.govt.nz/index.php/about-us/data,https://teaho.govt.nz/reports/data/retired-standards,404
https://teic.mbie.govt.nz/,https://teic.mbie.govt.nz/teiccategories/resources/2022/09/22/doc-queen-charlotte-track/,https://teic.mbie.govt.nz/teiccategories/resources/2022/09/22/doc-queen-charlotte-track/www.doc.govt.nz/get-involved,404
https://terito.govt.nz/,https://terito.govt.nz/,https://terito.govt.nz/about-te-rito/ng%25C4%2581-rau-whakatupu-and-governance,404
https://terito.govt.nz/,https://terito.govt.nz/about-te-rito/te-ritos-privacy-statement,https://terito.govt.nz/privacy-and-consent/privacy-act/tau%25C4%2581k%25C4%25AB-t%25C5%25ABmataitinga-te-rito,404
https://terito.govt.nz/,https://terito.govt.nz/about-te-rito/te-ritos-terms-of-use,https://terito.govt.nz/terms-of-use/te-reo-m%25C4%2581ori,404
https://terito.govt.nz/,https://terito.govt.nz/node?page=1,https://terito.govt.nz/for-learners-and-wh%25C4%2581nau,404
https://terito.govt.nz/,https://terito.govt.nz/node?page=1,https://terito.govt.nz/for-parents-and-wh%25C4%2581nau,404
https://tetai.nz/,https://tetai.nz/en/education/,https://tetai.nz/en/education/education/ngati-porou-education,404
https://tetai.nz/,https://tetai.nz/en/videos/,https://tetai.nz/en/videos/contact-us,404
https://tetai.nz/,https://tetai.nz/en/videos/,https://tetai.nz/en/videos/privacy-statement,404
https://tetai.nz/,https://tetai.nz/mi/ataata/,https://tetai.nz/mi/ataata/he-whakapuakitanga-matatapu,404
https://tetai.nz/,https://tetai.nz/mi/ataata/,https://tetai.nz/mi/ataata/whakapa-mai,404
https://tools.summaries.stats.govt.nz/,https://tools.summaries.stats.govt.nz/places/TA/wellington-city,https://tools.summaries.stats.govt.nz/api/export-zip/5001,-1
https://tradingstandardsnz.filebound.co.nz/public/search,https://tradingstandardsnz.filebound.co.nz/public/search,https://tradingstandardsnz.filebound.co.nz/public/search,404
https://treaties.mfat.govt.nz/,https://treaties.mfat.govt.nz/search,https://treaties.mfat.govt.nz/search_arrangement,404
https://tuiaeducation.org.nz/,https://tuiaeducation.org.nz/,https://tuiaeducation.org.nz/videos,404
https://victimsinfo.govt.nz/,https://victimsinfo.govt.nz/en/information-for-victims/,https://victimsinfo.govt.nz/en/glossary/showterm/%25c5%258cta%2Bkore-p%25c4%2581nga/,404
https://victimsinfo.govt.nz/,https://victimsinfo.govt.nz/en/information-for-victims/,https://victimsinfo.govt.nz/en/glossary/showterm/%25c5%258cta%2Bwhakahaumaru/,404
https://victimsinfo.govt.nz/,https://victimsinfo.govt.nz/en/information-for-victims/,https://victimsinfo.govt.nz/en/glossary/showterm/haupatu%2Btait%25c5%258dkai/,404
https://victimsinfo.govt.nz/,https://victimsinfo.govt.nz/en/information-for-victims/,https://victimsinfo.govt.nz/en/glossary/showterm/huatika%2Bhouhourongo/,404
https://victimsinfo.govt.nz/,https://victimsinfo.govt.nz/en/information-for-victims/,https://victimsinfo.govt.nz/en/glossary/showterm/hui%2Bmatapaki%2Btake/,404
https://victimsinfo.govt.nz/,https://victimsinfo.govt.nz/en/information-for-victims/,https://victimsinfo.govt.nz/en/glossary/showterm/hunga%2Bwhakaw%25c4%2581/,404
https://victimsinfo.govt.nz/,https://victimsinfo.govt.nz/en/information-for-victims/,https://victimsinfo.govt.nz/en/glossary/showterm/k%25c4%25ab/,404
https://victimsinfo.govt.nz/,https://victimsinfo.govt.nz/en/information-for-victims/,https://victimsinfo.govt.nz/en/glossary/showterm/kaitohutohu%2Bp%25c4%2581rurenga%2Bk%25c5%258dti/,404
https://victimsinfo.govt.nz/,https://victimsinfo.govt.nz/en/information-for-victims/,https://victimsinfo.govt.nz/en/glossary/showterm/kaiwhiu%2Bkarauna/,404
https://victimsinfo.govt.nz/,https://victimsinfo.govt.nz/en/information-for-victims/,https://victimsinfo.govt.nz/en/glossary/showterm/mauhere%2Bki%2Bte%2Bk%25c4%2581inga/,404
https://victimsinfo.govt.nz/,https://victimsinfo.govt.nz/en/information-for-victims/,https://victimsinfo.govt.nz/en/glossary/showterm/p%25c4%25abra/,404
https://victimsinfo.govt.nz/,https://victimsinfo.govt.nz/en/information-for-victims/,https://victimsinfo.govt.nz/en/glossary/showterm/p%25c5%25abtaiao%2Btaihara/,404
https://victimsinfo.govt.nz/,https://victimsinfo.govt.nz/en/information-for-victims/,https://victimsinfo.govt.nz/en/glossary/showterm/pirihimana%2Bwhakahaere/,404
https://victimsinfo.govt.nz/,https://victimsinfo.govt.nz/en/information-for-victims/,https://victimsinfo.govt.nz/en/glossary/showterm/poari%2Btukuhere/,404
https://victimsinfo.govt.nz/,https://victimsinfo.govt.nz/en/information-for-victims/,https://victimsinfo.govt.nz/en/glossary/showterm/r%25c4%2593hita%2Bwhakam%25c5%258dhiotanga%2Bp%25c4%2581rurenga%2B%2528victim%2Bnotification%2Bregister%2529/,404
https://victimsinfo.govt.nz/,https://victimsinfo.govt.nz/en/information-for-victims/,https://victimsinfo.govt.nz/en/glossary/showterm/regulatory%2Boffence/,404
https://victimsinfo.govt.nz/,https://victimsinfo.govt.nz/en/information-for-victims/,https://victimsinfo.govt.nz/en/glossary/showterm/serious%2Bcrime/,404
https://victimsinfo.govt.nz/,https://victimsinfo.govt.nz/en/information-for-victims/,https://victimsinfo.govt.nz/en/glossary/showterm/tau%25c4%2581k%25c4%25ab%2Bp%25c4%2581nga%2Bp%25c4%2581rurenga/,404
https://victimsinfo.govt.nz/,https://victimsinfo.govt.nz/en/information-for-victims/,https://victimsinfo.govt.nz/en/glossary/showterm/te%2Bmauhere%2Bhei%2B%25c4%2581rai/,404
https://victimsinfo.govt.nz/,https://victimsinfo.govt.nz/en/information-for-victims/,https://victimsinfo.govt.nz/en/glossary/showterm/tikanga%2Bp%25c4%2581rurenga/,404
https://victimsinfo.govt.nz/,https://victimsinfo.govt.nz/en/information-for-victims/,https://victimsinfo.govt.nz/en/glossary/showterm/tuku%2Bwhakaaturanga/,404
https://victimsinfo.govt.nz/,https://victimsinfo.govt.nz/en/information-for-victims/,https://victimsinfo.govt.nz/en/glossary/showterm/whakamate%2Btangata/,404
https://victimsinfo.govt.nz/,https://victimsinfo.govt.nz/mi/information-for-victims/,https://victimsinfo.govt.nz/mi/glossary/showterm/haupatu%2Btait%25c5%258dkai/,404
https://victimsinfo.govt.nz/,https://victimsinfo.govt.nz/mi/information-for-victims/,https://victimsinfo.govt.nz/mi/glossary/showterm/huatika%2Bhouhourongo/,404
https://victimsinfo.govt.nz/,https://victimsinfo.govt.nz/mi/information-for-victims/,https://victimsinfo.govt.nz/mi/glossary/showterm/hui%2Bmatapaki%2Btake/,404
https://victimsinfo.govt.nz/,https://victimsinfo.govt.nz/mi/information-for-victims/,https://victimsinfo.govt.nz/mi/glossary/showterm/k%25c4%25ab/,404
https://victimsinfo.govt.nz/,https://victimsinfo.govt.nz/mi/information-for-victims/,https://victimsinfo.govt.nz/mi/glossary/showterm/kaitohutohu%2Bp%25c4%2581rurenga%2Bk%25c5%258dti/,404
https://victimsinfo.govt.nz/,https://victimsinfo.govt.nz/mi/information-for-victims/,https://victimsinfo.govt.nz/mi/glossary/showterm/kaiwhiu%2Bkarauna/,404
https://victimsinfo.govt.nz/,https://victimsinfo.govt.nz/mi/information-for-victims/,https://victimsinfo.govt.nz/mi/glossary/showterm/mauhere%2Bki%2Bte%2Bk%25c4%2581inga/,404
https://victimsinfo.govt.nz/,https://victimsinfo.govt.nz/mi/information-for-victims/,https://victimsinfo.govt.nz/mi/glossary/showterm/p%25c4%25abra/,404
https://victimsinfo.govt.nz/,https://victimsinfo.govt.nz/mi/information-for-victims/,https://victimsinfo.govt.nz/mi/glossary/showterm/p%25c5%25abtaiao%2Btaihara/,404
https://victimsinfo.govt.nz/,https://victimsinfo.govt.nz/mi/information-for-victims/,https://victimsinfo.govt.nz/mi/glossary/showterm/pirihimana%2Bwhakahaere/,404
https://victimsinfo.govt.nz/,https://victimsinfo.govt.nz/mi/information-for-victims/,https://victimsinfo.govt.nz/mi/glossary/showterm/poari%2Btukuhere/,404
https://victimsinfo.govt.nz/,https://victimsinfo.govt.nz/mi/information-for-victims/,https://victimsinfo.govt.nz/mi/glossary/showterm/serious%2Bcrime/,404
https://victimsinfo.govt.nz/,https://victimsinfo.govt.nz/mi/information-for-victims/,https://victimsinfo.govt.nz/mi/glossary/showterm/tau%25c4%2581k%25c4%25ab%2Bp%25c4%2581nga%2Bp%25c4%2581rurenga/,404
https://victimsinfo.govt.nz/,https://victimsinfo.govt.nz/mi/information-for-victims/,https://victimsinfo.govt.nz/mi/glossary/showterm/te%2Bmauhere%2Bhei%2B%25c4%2581rai/,404
https://victimsinfo.govt.nz/,https://victimsinfo.govt.nz/mi/information-for-victims/,https://victimsinfo.govt.nz/mi/glossary/showterm/tikanga%2Bp%25c4%2581rurenga/,404
https://victimsinfo.govt.nz/,https://victimsinfo.govt.nz/mi/information-for-victims/,https://victimsinfo.govt.nz/mi/glossary/showterm/tuku%2Bwhakaaturanga/,404
https://victimsinfo.govt.nz/,https://victimsinfo.govt.nz/mi/information-for-victims/,https://victimsinfo.govt.nz/mi/glossary/showterm/whakamate%2Btangata/,404
https://victimsinfo.govt.nz/,https://victimsinfo.govt.nz/mi/terms-of-use/,https://victimsinfo.govt.nz/mi/glossary/showterm/whakat%25c4%2581rewa/,404
https://workforce.education.govt.nz,https://workforce.education.govt.nz/,https://workforce.education.govt.nz/about-site,405
https://workforce.education.govt.nz,https://workforce.education.govt.nz/,https://workforce.education.govt.nz/becoming-teacher-new-zealand/become-teacher-scholarships/kupe-scholarship-maori-and-pacific-high-achievers,405
https://workforce.education.govt.nz,https://workforce.education.govt.nz/,https://workforce.education.govt.nz/becoming-teacher-new-zealand/become-teacher-scholarships/te-tipu-whakarito-scholarship,405
https://workforce.education.govt.nz,https://workforce.education.govt.nz/,https://workforce.education.govt.nz/becoming-teacher-new-zealand/overseas-trained-teachers/learn-about-our-education-sector,405
https://workforce.education.govt.nz,https://workforce.education.govt.nz/,https://workforce.education.govt.nz/contact-us,405
https://workforce.education.govt.nz,https://workforce.education.govt.nz/,https://workforce.education.govt.nz/copyright,405
https://workforce.education.govt.nz,https://workforce.education.govt.nz/,https://workforce.education.govt.nz/current-teachers,405
https://workforce.education.govt.nz,https://workforce.education.govt.nz/,https://workforce.education.govt.nz/current-teachers/returning-teaching/relief-teaching,405
https://workforce.education.govt.nz,https://workforce.education.govt.nz/,https://workforce.education.govt.nz/current-teachers/returning-teaching/returning-teaching-after-break,405
https://workforce.education.govt.nz,https://workforce.education.govt.nz/,https://workforce.education.govt.nz/current-teachers/returning-teaching/support-overseas-relocation-costs,405
https://workforce.education.govt.nz,https://workforce.education.govt.nz/,https://workforce.education.govt.nz/current-teachers/sabbaticals-study-awards-and-study-grants,405
https://workforce.education.govt.nz,https://workforce.education.govt.nz/,https://workforce.education.govt.nz/current-teachers/sabbaticals-study-awards-and-study-grants/area-school-teachers-sabbatical,405
https://workforce.education.govt.nz,https://workforce.education.govt.nz/,https://workforce.education.govt.nz/current-teachers/sabbaticals-study-awards-and-study-grants/area-school-teachers-study-award-and-support-grant,405
https://workforce.education.govt.nz,https://workforce.education.govt.nz/,https://workforce.education.govt.nz/legal-and-privacy,405
https://workforce.education.govt.nz,https://workforce.education.govt.nz/,https://workforce.education.govt.nz/principals-and-schools,405
https://workforce.education.govt.nz,https://workforce.education.govt.nz/,https://workforce.education.govt.nz/principals-and-schools/collective-agreement-negotiations,405
https://workforce.education.govt.nz,https://workforce.education.govt.nz/,https://workforce.education.govt.nz/principals-and-schools/collective-agreement-negotiations/area-school-principals-collective-agreement,405
https://workforce.education.govt.nz,https://workforce.education.govt.nz/,https://workforce.education.govt.nz/principals-and-schools/collective-agreement-negotiations/area-school-teachers-collective-agreement-negotiation,405
https://workforce.education.govt.nz,https://workforce.education.govt.nz/,https://workforce.education.govt.nz/principals-and-schools/collective-agreement-negotiations/collective-agreement-negotiations-overview,405
https://workforce.education.govt.nz,https://workforce.education.govt.nz/,https://workforce.education.govt.nz/principals-and-schools/collective-agreement-negotiations/community-education-collective-agreement,405
https://workforce.education.govt.nz,https://workforce.education.govt.nz/,https://workforce.education.govt.nz/principals-and-schools/collective-agreement-negotiations/kaiarahi-i-te-reo-and-therapist-collective-agreement-negotiation,405
https://workforce.education.govt.nz,https://workforce.education.govt.nz/,https://workforce.education.govt.nz/principals-and-schools/collective-agreement-negotiations/nzei-primary-principals-collective-agreement-negotiation,405
https://workforce.education.govt.nz,https://workforce.education.govt.nz/,https://workforce.education.govt.nz/principals-and-schools/collective-agreement-negotiations/ppcbu-primary-principals-collective-agreement-negotiation,405
https://workforce.education.govt.nz,https://workforce.education.govt.nz/,https://workforce.education.govt.nz/principals-and-schools/collective-agreement-negotiations/primary-teachers-collective-agreement-negotiation,405
https://workforce.education.govt.nz,https://workforce.education.govt.nz/,https://workforce.education.govt.nz/principals-and-schools/collective-agreement-negotiations/school-caretakers-cleaners-and-canteen-staff-collective-agreement,405
https://workforce.education.govt.nz,https://workforce.education.govt.nz/,https://workforce.education.govt.nz/principals-and-schools/collective-agreement-negotiations/school-support-staff-collective-agreement-negotiation,405
https://workforce.education.govt.nz,https://workforce.education.govt.nz/,https://workforce.education.govt.nz/principals-and-schools/collective-agreement-negotiations/secondary-teachers-collective-agreement-negotiation,405
https://workforce.education.govt.nz,https://workforce.education.govt.nz/,https://workforce.education.govt.nz/principals-and-schools/collective-agreement-negotiations/specialist-residential-schools-collective-agreement,405
https://workforce.education.govt.nz,https://workforce.education.govt.nz/,https://workforce.education.govt.nz/principals-and-schools/initiatives-schools-and-kura/goldstar-programme-overview,405
https://workforce.education.govt.nz,https://workforce.education.govt.nz/,https://workforce.education.govt.nz/principals-and-schools/initiatives-schools-and-kura/teacher-bonding-scheme,405
https://workforce.education.govt.nz,https://workforce.education.govt.nz/,https://workforce.education.govt.nz/principals-and-schools/local-employment-and-recruitment-support,405
https://workforce.education.govt.nz,https://workforce.education.govt.nz/,https://workforce.education.govt.nz/principals-and-schools/local-employment-and-recruitment-support/beginning-teacher-time-allowance,405
https://workforce.education.govt.nz,https://workforce.education.govt.nz/,https://workforce.education.govt.nz/principals-and-schools/local-employment-and-recruitment-support/encouraging-your-community-teaching,405
https://workforce.education.govt.nz,https://workforce.education.govt.nz/,https://workforce.education.govt.nz/principals-and-schools/local-employment-and-recruitment-support/establishing-employment-based-trainee-teacher-position,405
https://workforce.education.govt.nz,https://workforce.education.govt.nz/,https://workforce.education.govt.nz/principals-and-schools/local-employment-and-recruitment-support/looking-relief-teacher,405
https://workforce.education.govt.nz,https://workforce.education.govt.nz/,https://workforce.education.govt.nz/principals-and-schools/local-employment-and-recruitment-support/mentor-aspiring-or-beginning-principal,405
https://workforce.education.govt.nz,https://workforce.education.govt.nz/,https://workforce.education.govt.nz/principals-and-schools/local-employment-and-recruitment-support/school-onsite-training-programme,405
https://workforce.education.govt.nz,https://workforce.education.govt.nz/,https://workforce.education.govt.nz/principals-and-schools/local-employment-and-recruitment-support/voluntary-bonding-initiatives,405
https://workforce.education.govt.nz,https://workforce.education.govt.nz/,https://workforce.education.govt.nz/principals-and-schools/overseas-employment-and-recruitment-support/how-recruit-overseas-trained-teacher,405
https://workforce.education.govt.nz,https://workforce.education.govt.nz/,https://workforce.education.govt.nz/principals-and-schools/overseas-employment-and-recruitment-support/schools-finders-fee-recruiting-teachers-overseas,405
https://workforce.education.govt.nz,https://workforce.education.govt.nz/,https://workforce.education.govt.nz/principals-and-schools/overseas-employment-and-recruitment-support/supporting-your-overseas-trained-teachers,405
https://workforce.education.govt.nz,https://workforce.education.govt.nz/,https://workforce.education.govt.nz/principals-and-schools/professional-development-and-support-principals/area-school-principals-sabbatical,405
https://workforce.education.govt.nz,https://workforce.education.govt.nz/,https://workforce.education.govt.nz/principals-and-schools/professional-development-and-support-principals/area-school-principals-te-rau-titoki-leave,405
https://workforce.education.govt.nz,https://workforce.education.govt.nz/,https://workforce.education.govt.nz/principals-and-schools/professional-development-and-support-principals/primary-principals-study-award,405
https://workforce.education.govt.nz,https://workforce.education.govt.nz/,https://workforce.education.govt.nz/principals-and-schools/professional-development-and-support-principals/principal-development-map,405
https://workforce.education.govt.nz,https://workforce.education.govt.nz/,https://workforce.education.govt.nz/principals-and-schools/schools-payroll-remediation,405
https://workforce.education.govt.nz,https://workforce.education.govt.nz/,https://workforce.education.govt.nz/principals-and-schools/schools-payroll-remediation/holidays-act-initial-estimate-payments,405
https://workforce.education.govt.nz,https://workforce.education.govt.nz/,https://workforce.education.govt.nz/principals-and-schools/schools-payroll-remediation/holidays-act-remediation,405
https://workforce.education.govt.nz,https://workforce.education.govt.nz/,https://workforce.education.govt.nz/principals-and-schools/schools-payroll-remediation/kiwisaver-remediation-and-compensation,405
https://workforce.education.govt.nz,https://workforce.education.govt.nz/,https://workforce.education.govt.nz/principals-and-schools/schools-payroll-remediation/payroll-remediation-former-school-employees,405
https://workforce.education.govt.nz,https://workforce.education.govt.nz/,https://workforce.education.govt.nz/principals-and-schools/schools-payroll-remediation/retirement-saving-scheme-superannuation-compensation,405
https://workforce.education.govt.nz,https://workforce.education.govt.nz/,https://workforce.education.govt.nz/principals-and-schools/teacher-and-principal-remuneration-and-demographics,405
https://workforce.education.govt.nz,https://workforce.education.govt.nz/becoming-teacher-new-zealand/overseas-trained-teachers/get-ready-move-new-zealand,https://workforce.education.govt.nz/become-teacher-new-zealand/overseas-trained-teachers/overseas-relocation-grant,405
https://workforce.education.govt.nz,https://workforce.education.govt.nz/becoming-teacher-new-zealand/pathways-becoming-teacher/kaupapa-maori-and-maori-medium,https://workforce.education.govt.nz/become-teacher-nz/pathways-becoming-teacher/earn-while-you-learn,405
https://workforce.education.govt.nz,https://workforce.education.govt.nz/becoming-teacher-new-zealand/pathways-becoming-teacher/study-options-become-teacher,https://workforce.education.govt.nz/become-teacher-new-zealand/become-teacher-scholarships/teachnz-scholarships,405
https://workforce.education.govt.nz,https://workforce.education.govt.nz/current-teachers/sabbaticals-study-awards-and-study-grants/teachers-kaupapa-maorimaori-medium-education-study-award,https://workforce.education.govt.nz/current-teachers/sabbaticals-study-awards-and-study-grants/teachers-kaupapa-maorimaori-medium-education-study-award-mi,405
https://workforce.education.govt.nz,https://workforce.education.govt.nz/principals-and-schools/local-employment-and-recruitment-support/employing-someone-limited-authority-teach,https://workforce.education.govt.nz/principals-and-schools/recruitment-support/encouraging-your-community-teaching,405
https://workforce.education.govt.nz,https://workforce.education.govt.nz/principals-and-schools/professional-development-and-support-principals/kaupapa-maorimaori-medium-education-study-award,https://workforce.education.govt.nz/principals-and-schools/professional-development-and-support-principals/kaupapa-maorimaori-medium-education-study-award-mi,405
https://workforce.education.govt.nz,https://workforce.education.govt.nz/search,https://workforce.education.govt.nz/search?query=,405
https://www.alcohol.org.nz/,https://www.alcohol.org.nz/,https://www.alcohol.org.nz/,403
https://www.archives.govt.nz/,https://www.archives.govt.nz/,https://www.archives.govt.nz/about-us/publications,500
https://www.areyouok.org.nz/,https://www.areyouok.org.nz/understanding-unsafe-relationships/,https://www.areyouok.org.nz/understanding-unsafe-relationships/i-want-to-help/what-are-the-signs/,404
https://www.areyouok.org.nz/,https://www.areyouok.org.nz/understanding-unsafe-relationships/is-your-partner-making-you-feel-unsafe/,https://www.areyouok.org.nz/understanding-unsafe-relationships/is-your-partner-making-you-feel-unsafe/understanding-unsafe-relationships/what-is-family-violence/,404
https://www.ata.govt.nz/web/cms_ata.nsf/,https://www.ata.govt.nz/web/cms_ata.nsf/,https://www.ata.govt.nz/web/cms_ata.nsf/weblive/WGTN-7TE753?OpenDocument,404
https://www.ata.govt.nz/web/cms_ata.nsf/,https://www.ata.govt.nz/web/cms_ata.nsf/webnewsall?openview&viewname=webnewsall&count=1&tn=News%20/%20Media,https://www.ata.govt.nz/web/cms_ata.nsf/vwluRSSDocs?open&CHANNELNAME=fmNews,500
https://www.beehive.govt.nz/,https://www.beehive.govt.nz/,https://www.beehive.govt.nz/release/legislation-gives-more-flex-auckland%25E2%2580%2599s-pc120,404
https://www.beehive.govt.nz/,https://www.beehive.govt.nz/minister/hon-erica-stanford,https://www.beehive.govt.nz/release/ero%25E2%2580%2599s-school-reports-strengthened-and-improved,404
https://www.beehive.govt.nz/,https://www.beehive.govt.nz/portfolio/nationalactnew-zealand-first-coalition-government-2023-2026/finance?page=3,https://www.beehive.govt.nz/release/responsible-budget-secure-nz%25E2%2580%2599s-future,404
https://www.beehive.govt.nz/,https://www.beehive.govt.nz/portfolio/nationalactnew-zealand-first-coalition-government-2023-2026/trade-and-investment,https://www.beehive.govt.nz/release/exports-more-2b-%25E2%2580%2593-powering-economy,404
https://www.beehive.govt.nz/,https://www.beehive.govt.nz/portfolio/nationalactnew-zealand-first-coalition-government-2023-2026/transport,https://www.beehive.govt.nz/release/new-equipment-boosts-ports%25E2%2580%2599-emergency-access,404
https://www.beehive.govt.nz/,https://www.beehive.govt.nz/portfolio/nationalactnew-zealand-first-coalition-government-2023-2026/transport,https://www.beehive.govt.nz/release/p%25C4%2581p%25C4%2581moa-east-interchange-open-easter,404
https://www.betterrules.govt.nz/,https://www.betterrules.govt.nz/resource,https://www.betterrules.govt.nz/play,404
https://www.businessconnect.govt.nz/,https://www.businessconnect.govt.nz/businesses/business-connect-for-businesses,https://www.businessconnect.govt.nz/business-help-centre,404
https://www.businessconnect.govt.nz/,https://www.businessconnect.govt.nz/information-for-your-organisation/customer-experience,https://www.businessconnect.govt.nz/how-it-works/publish-your-forms,404
https://www.businessconnect.govt.nz/,https://www.businessconnect.govt.nz/news/release-notes/previous-release-notes/release-notes-14-june-2023,https://www.businessconnect.govt.nz/play,404
https://www.changeispossible.org.nz/,https://www.changeispossible.org.nz/help-services/service-provider-list-page/?page=2,https://www.changeispossible.org.nz/gps-accident-urgent-medical-care/gp/huakina-wellness-medical-centre/,404
https://www.charities.govt.nz/,https://www.charities.govt.nz/,https://www.charities.govt.nz/archived-pages/events,404
https://www.charities.govt.nz/,https://www.charities.govt.nz/charities-in-new-zealand/charities-sector-group,https://charities.govt.nz/?a=15402,429
https://www.charities.govt.nz/,https://www.charities.govt.nz/charities-in-new-zealand/charities-sector-group,https://charities.govt.nz/?a=15405,429
https://www.charities.govt.nz/,https://www.charities.govt.nz/charities-in-new-zealand/charities-sector-group,https://charities.govt.nz/?a=15406,429
https://www.charities.govt.nz/,https://www.charities.govt.nz/charities-in-new-zealand/charities-sector-group,https://charities.govt.nz/?a=15410,429
https://www.charities.govt.nz/,https://www.charities.govt.nz/charities-in-new-zealand/legal-decisions/decisions-search,https://charities.govt.nz/,429
https://www.charities.govt.nz/,https://www.charities.govt.nz/news-and-events/blograngitaki/what-to-be-or-not-to-be-incorporated-societies-and-charitable-trusts,https://www.charities.govt.nz/archived-pages/the-benefits-and-obligations-of-being-a-registered-charity,404
https://www.charities.govt.nz/,https://www.charities.govt.nz/ready-to-register/starting-a-new-charity,https://charities.govt.nz/?a=16070,429
https://www.christchurchappealtrust.org.nz,https://www.christchurchappealtrust.org.nz/Education---Youth-Page-2,https://www.christchurchappealtrust.org.nz/America-New-Zealand-Association,404
https://www.christchurchappealtrust.org.nz,https://www.christchurchappealtrust.org.nz/Sport-and-Recreation,https://www.christchurchappealtrust.org.nz/Vodafone-Foundation-Canterbury-Fund,404
https://www.communitymatters.govt.nz/,https://www.communitymatters.govt.nz/community-organisations-grants-scheme,https://www.communitymatters.govt.nz/ask-us/view/2015?t=448948_515593,404
https://www.communitymatters.govt.nz/,https://www.communitymatters.govt.nz/community-organisations-grants-scheme,https://www.communitymatters.govt.nz/ask-us/view/337,404
https://www.communitymatters.govt.nz/,https://www.communitymatters.govt.nz/disarmament-education-un-implementation-fund,https://www.communitymatters.govt.nz/ask-us/view/613,404
https://www.communitymatters.govt.nz/,https://www.communitymatters.govt.nz/lottery-community-facilities,https://www.communitymatters.govt.nz/ask-us/view/1027,404
https://www.communitymatters.govt.nz/,https://www.communitymatters.govt.nz/lottery-community-facilities,https://www.communitymatters.govt.nz/ask-us/view/1110%2520,404
https://www.communitymatters.govt.nz/,https://www.communitymatters.govt.nz/lottery-community-facilities,https://www.communitymatters.govt.nz/ask-us/view/121820,404
https://www.communitymatters.govt.nz/,https://www.communitymatters.govt.nz/lottery-community-facilities,https://www.communitymatters.govt.nz/ask-us/view/1612?t=371784_432082,404
https://www.communitymatters.govt.nz/,https://www.communitymatters.govt.nz/lottery-community-facilities,https://www.communitymatters.govt.nz/ask-us/view/56420,404
https://www.communitymatters.govt.nz/,https://www.communitymatters.govt.nz/lottery-health-research,https://www.communitymatters.govt.nz/our-approach-to-working-with-community-organisations/%2520,404
https://www.communitymatters.govt.nz/,https://www.communitymatters.govt.nz/lottery-ministers-discretionary-fund,https://www.communitymatters.govt.nz/ask-us/view/121720,404
https://www.communitymatters.govt.nz/,https://www.communitymatters.govt.nz/lottery-ministers-discretionary-fund,https://www.communitymatters.govt.nz/ask-us/view/57220,404
https://www.communitymatters.govt.nz/,https://www.communitymatters.govt.nz/lottery-ministers-discretionary-fund,https://www.communitymatters.govt.nz/ask-us/view/75220,404
https://www.communitymatters.govt.nz/,https://www.communitymatters.govt.nz/lottery-ministers-discretionary-fund,https://www.communitymatters.govt.nz/ask-us/view/75320,404
https://www.communitymatters.govt.nz/,https://www.communitymatters.govt.nz/lottery-ministers-discretionary-fund,https://www.communitymatters.govt.nz/ask-us/view/754,404
https://www.communitymatters.govt.nz/,https://www.communitymatters.govt.nz/lottery-outdoor-safety,https://www.communitymatters.govt.nz/ask-us/view/1285?t=53087_73866,404
https://www.communitymatters.govt.nz/,https://www.communitymatters.govt.nz/lottery-outdoor-safety,https://www.communitymatters.govt.nz/ask-us/view/912,404
https://www.communitymatters.govt.nz/,https://www.communitymatters.govt.nz/pacific-development-and-conservation-trust-2,https://www.communitymatters.govt.nz/ask-us/view/668,404
https://www.communitymatters.govt.nz/,https://www.communitymatters.govt.nz/pacific-development-and-conservation-trust-2,https://www.communitymatters.govt.nz/ask-us/view/668?t=55078_76603,404
https://www.communitymatters.govt.nz/,https://www.communitymatters.govt.nz/pacific-development-and-conservation-trust-2,https://www.communitymatters.govt.nz/ask-us/view/679,404
https://www.communitymatters.govt.nz/,https://www.communitymatters.govt.nz/peace-and-disarmament-education-trust-2,https://www.communitymatters.govt.nz/ask-us/view/653,404
https://www.companiesoffice.govt.nz/,https://www.companiesoffice.govt.nz/,https://www.companiesoffice.govt.nz/all-registers/auditors/,429
https://www.companiesoffice.govt.nz/,https://www.companiesoffice.govt.nz/,https://www.companiesoffice.govt.nz/all-registers/industrial-and-provident-societies/,429
https://www.companiesoffice.govt.nz/,https://www.companiesoffice.govt.nz/,https://www.companiesoffice.govt.nz/all-registers/other-entities/,429
https://www.companiesoffice.govt.nz/,https://www.companiesoffice.govt.nz/,https://www.companiesoffice.govt.nz/all-registers/overseas-issuers/,429
https://www.companiesoffice.govt.nz/,https://www.companiesoffice.govt.nz/,https://www.companiesoffice.govt.nz/all-registers/participatory-securities/,429
https://www.companiesoffice.govt.nz/,https://www.companiesoffice.govt.nz/,https://www.companiesoffice.govt.nz/all-registers/registered-unions/,429
https://www.companiesoffice.govt.nz/,https://www.companiesoffice.govt.nz/,https://www.companiesoffice.govt.nz/all-registers/unit-trusts/,429
https://www.companiesoffice.govt.nz/,https://www.companiesoffice.govt.nz/,https://www.companiesoffice.govt.nz/insights-and-articles/law-changes-for-societies/,429
https://www.companiesoffice.govt.nz/,https://www.companiesoffice.govt.nz/,https://www.companiesoffice.govt.nz/news-and-notices/new-law-related-to-directors-residential-addresses/,429
https://www.companiesoffice.govt.nz/,https://www.companiesoffice.govt.nz/about-us/,https://www.companiesoffice.govt.nz/about-us/corporate-regulation-in-new-zealand/,429
https://www.companiesoffice.govt.nz/,https://www.companiesoffice.govt.nz/all-registers/screen-industry-organisations/,https://www.companiesoffice.govt.nz/all-registers/screen-industry-organisations/cancelling-your-screen-industry-organisation-registration/,429
https://www.companiesoffice.govt.nz/,https://www.companiesoffice.govt.nz/all-registers/screen-industry-organisations/,https://www.companiesoffice.govt.nz/all-registers/screen-industry-organisations/how-changes-to-the-incorporated-societies-act-affect-screen-industry-organisations/,429
https://www.companiesoffice.govt.nz/,https://www.companiesoffice.govt.nz/data-services/,https://www.companiesoffice.govt.nz/data-services/available-data/authorities/,429
https://www.companiesoffice.govt.nz/all-registers/approved-overseas-auditors-and-associations-of-accountants/,https://www.companiesoffice.govt.nz/all-registers/approved-overseas-auditors-and-associations-of-accountants/,https://www.companiesoffice.govt.nz/all-registers/auditors/,429
https://www.companiesoffice.govt.nz/all-registers/approved-overseas-auditors-and-associations-of-accountants/,https://www.companiesoffice.govt.nz/all-registers/approved-overseas-auditors-and-associations-of-accountants/,https://www.companiesoffice.govt.nz/all-registers/building-societies/,429
https://www.companiesoffice.govt.nz/all-registers/building-societies/,https://www.companiesoffice.govt.nz/all-registers/building-societies/new-online-system/,https://www.companiesoffice.govt.nz/all-registers/credit-unions/fees-levies/fma-and-xrb-levies-we-collect/,429
https://www.companiesoffice.govt.nz/all-registers/building-societies/,https://www.companiesoffice.govt.nz/all-registers/building-societies/new-online-system/,https://www.companiesoffice.govt.nz/all-registers/industrial-and-provident-societies/keeping-your-societys-details-up-to-date/rules/,429
https://www.companiesoffice.govt.nz/all-registers/retirement-villages/,https://www.companiesoffice.govt.nz/all-registers/retirement-villages/new-online-system/,https://www.companiesoffice.govt.nz/all-registers/approved-overseas-auditors-and-associations-of-accountants/about-the-register/,429
https://www.companiesoffice.govt.nz/all-registers/retirement-villages/,https://www.companiesoffice.govt.nz/all-registers/retirement-villages/new-online-system/,https://www.companiesoffice.govt.nz/all-registers/retirement-villages/your-online-account/setting-up-your-online-account/,429
https://www.connect.co.nz/,https://www.connect.co.nz/,https://login.realme.govt.nz/b2cdiaprdrmpubdir.onmicrosoft.com/B2C_1A_DIA_RealMe_LoginService/samlp/sso/login?SAMLRequest=nVNNj9owFPwrke%2Fki13oWsAqG9QWiW0RYXvoBRn7AVYdO%2FVz%2BNhfXydAy2F3pXL1mzczmTcZPB5KFezAojR6SJIwJo%2BjAbJSVTSr3VbP4XcN6AIP00jbwZDUVlPDUCLVrASkjtMie57SNIxpZY0z3CgSTMZDsozv%2Br24zxnv34vu3YO4T8WKBD8ugn7DAxFrmGh0TDv%2FFKe9TtztdJNFnNIkpWk%2FfPjU%2B0mC2Zn6SWoh9eZjH6sTCOnXxWLWmX0vFiQY%2By%2BRmrlWeutchTSKlNlIHVpgqoRwY3Yu1K%2FRKuVCssoKW1b1SkgbGl1Kbg2atQu5KaOnNF8m2XI8yZZzv%2FsMy2lDVIDdSQ5Rm1SEaE78JMgQwTbKudFYl2DPyJf59J%2BX%2FX7vybUG3og0RtDV4qik%2FhWd36MsL8jpRLQNzl7d5uNI2MUCGf2H4CC60rp045snn4xnRkl%2BvKUbn40tmXsfnYRJ%2ByJFZ91Caa2xAi7XEoQPUymzz%2F3NHAyJszWQ6OLsXFgQbX192A4ON9U3N2XFrMSmK3Bg3F1SvybOlQ91DutbbtDA9KuiTeeo5I6iE0hZw04FVMocS9COfpkWV%2Buc8kbSs07NvnAW9MZtzyd6y9joNHsnl7%2FT63999Ac%3D&SigAlg=http%3A%2F%2Fwww.w3.org%2F2000%2F09%2Fxmldsig%23rsa-sha1&Signature=caSQYm3I0%2B%2BIUMTMZFoTM5qJZmW8CQwzXqxpHIwrHhA5PR6CLBvLGXP59MK4eann4BGUKv5WO24dwUbx8klnWIXDYKAwk5f92JktGfJTARPz0NkgZa5Yet%2FM4nqF3py4S2DfrIvj20N5pFstWx8lXgT4JuGhyBoxdlq3Kge7kLrrzqMLmCua3xXTUwO6ZqvShVuUh7DiIaDMYoB9sIxPOfZdwjGsiiseVjml4vW2vCxR0yXLpxZHCv4OKeu7UkRJuK%2Ba9LxHqZ9zbSLHIRbgs8Y5N1kyVv2tN8MMSXJleFrCwrRU%2B7BKL%2BBMaiEK%2Bioaw1tr%2BjcuRH4lA%2BPIaxQYEA%3D%3D,404
https://www.consumerprotection.govt.nz/,https://www.consumerprotection.govt.nz/,https://www.consumerprotection.govt.nz/null,404
https://www.courtsofnz.govt.nz/,https://www.courtsofnz.govt.nz/utilities/privacy,https://www.courtsofnz.govt.nz/utilities/privacy/tel%3A0800803909,404
https://www.crownlaw.govt.nz/,https://www.crownlaw.govt.nz/government-legal-network/working-in-goverment,https://www.crownlaw.govt.nz/current-opportunities-2,404
https://www.crownlaw.govt.nz/,https://www.crownlaw.govt.nz/publications/guidelines-protocols-and-articles,https://www.crownlaw.govt.nz/page-not-found,404
https://www.defencecareers.mil.nz/,https://www.defencecareers.mil.nz/,https://www.defencecareers.mil.nz/search/searchForm,-1
https://www.dia.govt.nz/,https://www.dia.govt.nz/Proactive-Releases,https://www.dia.govt.nz/diawebsite.nsf/Files/Racing-Review/%24file/Review-of-Racing-Paper-2-Policy-Decisions-on-Transitional-Governance-to-Drive-Change-May2019.pdff,404
https://www.digitalpassport.co.nz/,https://www.digitalpassport.co.nz/privacy-policy,https://www.digitalpassport.co.nz/digitalpassport.co.nz,404
https://www.disabilitysupport.govt.nz/,https://www.disabilitysupport.govt.nz/disabled-people/improvements-to-disability-support-services/flexible-funding,https://www.disabilitysupport.govt.nz/managing-flexible-funding,404
https://www.disputestribunal.govt.nz/,https://www.disputestribunal.govt.nz/,https://www.disputestribunal.govt.nz/about/news-and-media/,404
https://www.disputestribunal.govt.nz/,https://www.disputestribunal.govt.nz/,https://www.disputestribunal.govt.nz/about/news-and-media/news/text-reminders-about-fines-due/,404
https://www.disputestribunal.govt.nz/,https://www.disputestribunal.govt.nz/,https://www.disputestribunal.govt.nz/criminal-records/,404
https://www.disputestribunal.govt.nz/,https://www.disputestribunal.govt.nz/,https://www.disputestribunal.govt.nz/fines/,404
https://www.disputestribunal.govt.nz/,https://www.disputestribunal.govt.nz/,https://www.disputestribunal.govt.nz/licences-certificates/,404
https://www.disputestribunal.govt.nz/,https://www.disputestribunal.govt.nz/going-to-a-hearing/text-message-reminder/,https://www.disputestribunal.govt.nz/contact-us/find-us/,404
https://www.districtcourts.govt.nz/,https://www.districtcourts.govt.nz/about-the-courts,https://www.districtcourts.govt.nz/family-court-sq-al/family-jurisdicition,404
https://www.districtcourts.govt.nz/,https://www.districtcourts.govt.nz/about-the-courts/judges-explain-some-of-their-wok,https://www.districtcourts.govt.nz/community-magistrates-extend-across-the-south-island,404
https://www.educationcounts.govt.nz/home,https://www.educationcounts.govt.nz/home,https://www.educationcounts.govt.nz/home/requests.dataandinsights%40education.govt.nz,-1
https://www.einvoicing.govt.nz/,https://www.einvoicing.govt.nz/einvoicing/benefits-of-einvoicing,https://www.einvoicing.govt.nz/play,404
https://www.employmentcourt.govt.nz/,https://www.employmentcourt.govt.nz/,https://www.employmentcourt.govt.nz/about/news-and-media/,404
https://www.employmentcourt.govt.nz/,https://www.employmentcourt.govt.nz/,https://www.employmentcourt.govt.nz/about/news-and-media/news/text-reminders-about-fines-due/,404
https://www.employmentcourt.govt.nz/,https://www.employmentcourt.govt.nz/,https://www.employmentcourt.govt.nz/criminal-records/,404
https://www.employmentcourt.govt.nz/,https://www.employmentcourt.govt.nz/,https://www.employmentcourt.govt.nz/fines/,404
https://www.employmentcourt.govt.nz/,https://www.employmentcourt.govt.nz/,https://www.employmentcourt.govt.nz/licences-certificates/,404
https://www.employmentcourt.govt.nz/,https://www.employmentcourt.govt.nz/judgments/judgments-of-note/judgments-of-note-2/,https://www.employmentcourt.govt.nz/404-page-not-found-2/,404
https://www.environmentcourt.govt.nz/,https://www.environmentcourt.govt.nz/,https://www.environmentcourt.govt.nz/about/news-and-media/,404
https://www.environmentcourt.govt.nz/,https://www.environmentcourt.govt.nz/,https://www.environmentcourt.govt.nz/about/news-and-media/news/text-reminders-about-fines-due/,404
https://www.environmentcourt.govt.nz/,https://www.environmentcourt.govt.nz/,https://www.environmentcourt.govt.nz/criminal-records/,404
https://www.environmentcourt.govt.nz/,https://www.environmentcourt.govt.nz/,https://www.environmentcourt.govt.nz/fines/,404
https://www.environmentcourt.govt.nz/,https://www.environmentcourt.govt.nz/,https://www.environmentcourt.govt.nz/licences-certificates/,404
https://www.evidence.ero.govt.nz/,https://www.evidence.ero.govt.nz/documents/good-practice-oral-language-development-in-the-early-years,https://www.evidence.ero.govt.nz/documents/insights-for-parents-and-whanau-oral-language-development-in-the-early-yearsin-the-early-years,404
https://www.evidence.ero.govt.nz/,https://www.evidence.ero.govt.nz/documents/lets-keep-talking-oral-language-development-in-the-early-years,https://www.evidence.ero.govt.nz/HeWhakaaro-What-developmental-resources-do-our-pre-schoolers-have.pdf%28auckland.ac.nz%29,404
https://www.evidence.ero.govt.nz/,https://www.evidence.ero.govt.nz/documents/lets-keep-talking-oral-language-development-in-the-early-years,https://www.evidence.ero.govt.nz/incredible%5B1%5Dyears-report-august2013.pdf%28msd.govt.nz%29,404
https://www.evidence.ero.govt.nz/,https://www.evidence.ero.govt.nz/documents/lets-keep-talking-oral-language-development-in-the-early-years,https://www.evidence.ero.govt.nz/IncredibleYearsFollow-upStudy-MinistryofSocialDevelopment%28msd.govt.nz%29,404
https://www.evidence.ero.govt.nz/,https://www.evidence.ero.govt.nz/documents/lets-keep-talking-oral-language-development-in-the-early-years,https://www.evidence.ero.govt.nz/MicrosoftWord-12November_EARLYLEARNING..docx%28msd.govt.nz%29,404
https://www.evidence.ero.govt.nz/,https://www.evidence.ero.govt.nz/documents/lets-keep-talking-oral-language-development-in-the-early-years,https://www.evidence.ero.govt.nz/ol.https:/nzareblog.wordpress.com/2020/10/07/assess-oral-language,404
https://www.evidence.ero.govt.nz/,https://www.evidence.ero.govt.nz/documents/someone-to-talk-to-evaluation-of-counselling-in-schools,https://www.evidence.ero.govt.nz/documents/techinical-report-evaluation-of-counselling-in-schools,404
https://www.familyservices.govt.nz/directory/,https://www.familyservices.govt.nz/directory/,https://www.familyservices.govt.nz/siteminderagent/forms/login.fcc?TYPE=33554433&REALMOID=06-00014970-0c9d-11fa-8adb-0a1b0aae0000&GUID=&SMAUTHREASON=0&METHOD=HEAD&SMAGENTNAME=$SM$%2bW0PQUfOJhO98HSI80bYkB1HpW3RnyO1hGtnrSMK7FOICEjizTMFhaaQU5N7PW7u&TARGET=$SM$http%3a%2f%2fwww.familyservices.govt.nz%2fdirectory%2fproviderselector.htm,400
https://www.fmg.org.nz/,https://www.fmg.org.nz/index.php/node?page=1,https://www.fmg.org.nz/index.php/node/85,403
https://www.fmg.org.nz/,https://www.fmg.org.nz/news?page=5,https://www.fmg.org.nz/index.php/user/1,403
https://www.gamblingaotearoa.govt.nz/,https://www.gamblingaotearoa.govt.nz/,https://www.gamblingaotearoa.govt.nz/Account/Login/ExternalLogin?returnUrl=%2F&provider=https%3A%2F%2Fb2cdiaprdamldir.b2clogin.com%2Ftfp%2F33e1b76c-526c-4f86-951d-bf61a9436dc1%2Fb2c_1a_kotare_signupsigninrealmeassertion%2Fv2.0%2F,404
https://www.gamblingaotearoa.govt.nz/,https://www.gamblingaotearoa.govt.nz/requestaccess/,https://www.gamblingaotearoa.govt.nz/Account/Login/ExternalLogin?returnUrl=%2Frequestaccess%2F&provider=https%3A%2F%2Fb2cdiaprdamldir.b2clogin.com%2Ftfp%2F33e1b76c-526c-4f86-951d-bf61a9436dc1%2Fb2c_1a_kotare_signupsigninrealmeassertion%2Fv2.0%2F,404
https://www.gamblingcommission.govt.nz/,https://www.gamblingcommission.govt.nz/gcwebsite.nsf/wpg_URL/About-Us-Help-Index%21OpenDocument,https://www.gamblingcommission.govt.nz/GCwebsite.nsf/search?ReadForm,404
https://www.gamblingcommission.govt.nz/,https://www.gamblingcommission.govt.nz/gcwebsite.nsf/wpg_URL/Casino-Licence-Conditions-Index%21OpenDocument,https://www.gamblingcommission.govt.nz/GCwebsite.nsf/wpg_URL/Casino-Licence-Conditions-Renewal-of-Licence-for-the-Queenstown%21OpenDocument,404
https://www.gamblingcommission.govt.nz/,https://www.gamblingcommission.govt.nz/gcwebsite.nsf/wpg_URL/Delegated-Approvals-Index%21OpenDocument,https://www.gamblingcommission.govt.nz/gcwebsite.nsf/wpg_URL/Application%2520for%2520approval%2520of%2520signage%2520at%2520the%2520Auckland%2520casino,400
https://www.gamblingcommission.govt.nz/,https://www.gamblingcommission.govt.nz/GCwebsite.nsf/wpg_URL/Delegated-Approvals-Index%21OpenDocument,https://www.gamblingcommission.govt.nz/GCwebsite.nsf/wpg_URL/Application%2520for%2520approval%2520of%2520signage%2520at%2520the%2520Auckland%2520casino,400
https://www.gamblingcommission.govt.nz/,https://www.gamblingcommission.govt.nz/GCwebsite.nsf/wpg_URL/Delegated-Approvals-Index%21OpenDocument,https://www.gamblingcommission.govt.nz/GCwebsite.nsf/wpg_URL/Application%2520for%2520approval%2520of%2520signage%2520at%2520the%2520Hamilton%2520casino,400
https://www.gamblingcommission.govt.nz/,https://www.gamblingcommission.govt.nz/GCwebsite.nsf/wpg_URL/Delegated-Approvals-Index%21OpenDocument,https://www.gamblingcommission.govt.nz/GCwebsite.nsf/wpg_URL/Application%2520for%2520approval%2520of%2520signage%2520at%2520the%2520Queenstown%2520casino,400
https://www.gamblingcommission.govt.nz/,https://www.gamblingcommission.govt.nz/GCwebsite.nsf/wpg_URL/Delegated-Approvals-Index%21OpenDocument,https://www.gamblingcommission.govt.nz/GCwebsite.nsf/wpg_URL/March%25202013,400
https://www.gpg.govt.nz/,https://www.gpg.govt.nz/government-office-accommodation/,https://www.gpg.govt.nz/government-office-accommodation/current-projects/,404
https://www.gpg.govt.nz/,https://www.gpg.govt.nz/guidance/assets-and-facilities/facilities-management/facilities-management-planning/,https://www.gpg.govt.nz/asset-management/asset-management-planning/,404
https://www.groundrules.mpi.govt.nz/,https://www.groundrules.mpi.govt.nz/,https://www.groundrules.mpi.govt.nz/copyright,429
https://www.groundrules.mpi.govt.nz/,https://www.groundrules.mpi.govt.nz/,https://www.groundrules.mpi.govt.nz/council/11-manawatu-wanganui-regional-council,429
https://www.groundrules.mpi.govt.nz/,https://www.groundrules.mpi.govt.nz/,https://www.groundrules.mpi.govt.nz/council/16-otago-regional-council,429
https://www.groundrules.mpi.govt.nz/,https://www.groundrules.mpi.govt.nz/,https://www.groundrules.mpi.govt.nz/council/17-bay-of-plenty-regional-council,429
https://www.groundrules.mpi.govt.nz/,https://www.groundrules.mpi.govt.nz/,https://www.groundrules.mpi.govt.nz/council/18-greater-wellington-regional-council,429
https://www.groundrules.mpi.govt.nz/,https://www.groundrules.mpi.govt.nz/,https://www.groundrules.mpi.govt.nz/council/4-northland-regional-council,429
https://www.groundrules.mpi.govt.nz/,https://www.groundrules.mpi.govt.nz/,https://www.groundrules.mpi.govt.nz/council/9-hawkes-bay-regional-council,429
https://www.groundrules.mpi.govt.nz/,https://www.groundrules.mpi.govt.nz/,https://www.groundrules.mpi.govt.nz/legislations,429
https://www.groundrules.mpi.govt.nz/,https://www.groundrules.mpi.govt.nz/,https://www.groundrules.mpi.govt.nz/privacy-and-security,429
https://www.groundrules.mpi.govt.nz/,https://www.groundrules.mpi.govt.nz/activity/13-building-cleaning,https://www.groundrules.mpi.govt.nz/rule/3771-feedlots-and-stockholding-areas-in-canterbury,429
https://www.groundrules.mpi.govt.nz/,https://www.groundrules.mpi.govt.nz/activity/144-gravel-extraction,https://www.groundrules.mpi.govt.nz/rule/3501-river-and-lake-bed-disturbance-in-taranaki,429
https://www.groundrules.mpi.govt.nz/,https://www.groundrules.mpi.govt.nz/activity/152-taking-and-using-water,https://www.groundrules.mpi.govt.nz/rule/3400-nes-freshwater-agricultural-intensification,429
https://www.groundrules.mpi.govt.nz/,https://www.groundrules.mpi.govt.nz/activity/152-taking-and-using-water,https://www.groundrules.mpi.govt.nz/rule/3503-agricultural-intensification-in-southland,429
https://www.groundrules.mpi.govt.nz/,https://www.groundrules.mpi.govt.nz/activity/152-taking-and-using-water,https://www.groundrules.mpi.govt.nz/rule/3573-responsibilities-under-the-rma,429
https://www.groundrules.mpi.govt.nz/,https://www.groundrules.mpi.govt.nz/activity/152-taking-and-using-water,https://www.groundrules.mpi.govt.nz/rule/3623-structures-in-hawkes-bay-waterways,429
https://www.groundrules.mpi.govt.nz/,https://www.groundrules.mpi.govt.nz/activity/184-plant-harvesting,https://www.groundrules.mpi.govt.nz/rule/3504-plantation-forestry-in-southland,429
https://www.groundrules.mpi.govt.nz/,https://www.groundrules.mpi.govt.nz/council/19-gisborne-district-council,https://www.groundrules.mpi.govt.nz/rule/3569-resource-consents-in-gisborne-district,429
https://www.groundrules.mpi.govt.nz/,https://www.groundrules.mpi.govt.nz/council/3-waikato-region,https://www.groundrules.mpi.govt.nz/favourites,429
https://www.groundrules.mpi.govt.nz/,https://www.groundrules.mpi.govt.nz/council/3-waikato-region,https://www.groundrules.mpi.govt.nz/rule/3545-waikato-regional-plan-earthworks-on-land,429
https://www.groundrules.mpi.govt.nz/,https://www.groundrules.mpi.govt.nz/council/3-waikato-region,https://www.groundrules.mpi.govt.nz/rule/3550-waikato-regional-plan-rubbish-pits-and-offal-holes,429
https://www.groundrules.mpi.govt.nz/,https://www.groundrules.mpi.govt.nz/council/3-waikato-region,https://www.groundrules.mpi.govt.nz/rule/3551-waikato-regional-plan-open-burning,429
https://www.groundrules.mpi.govt.nz/,https://www.groundrules.mpi.govt.nz/council/3-waikato-region,https://www.groundrules.mpi.govt.nz/rule/3556-waikato-regional-plan-structures-in-rivers-streams-not-including-artificial-water-courses,429
https://www.groundrules.mpi.govt.nz/,https://www.groundrules.mpi.govt.nz/equipment/13-irrigator,https://www.groundrules.mpi.govt.nz/rule/3376-rma-taking-and-using-water,429
https://www.groundrules.mpi.govt.nz/,https://www.groundrules.mpi.govt.nz/equipment/13-irrigator,https://www.groundrules.mpi.govt.nz/rule/3385-rma-farm-animal-effluent,429
https://www.groundrules.mpi.govt.nz/,https://www.groundrules.mpi.govt.nz/equipment/13-irrigator,https://www.groundrules.mpi.govt.nz/rule/3509-taking-and-using-water-in-southland,429
https://www.groundrules.mpi.govt.nz/,https://www.groundrules.mpi.govt.nz/equipment/13-irrigator,https://www.groundrules.mpi.govt.nz/rule/3514-environment-southland-farm-animal-effluent,429
https://www.groundrules.mpi.govt.nz/,https://www.groundrules.mpi.govt.nz/equipment/13-irrigator,https://www.groundrules.mpi.govt.nz/rule/3766-farm-animal-effluent-in-canterbury,429
https://www.groundrules.mpi.govt.nz/,https://www.groundrules.mpi.govt.nz/grouping/2-plants,https://www.groundrules.mpi.govt.nz/activity/45-plant-pest-control,429
https://www.groundrules.mpi.govt.nz/,https://www.groundrules.mpi.govt.nz/grouping/2-plants,https://www.groundrules.mpi.govt.nz/activity/48-soil-management,429
https://www.groundrules.mpi.govt.nz/,https://www.groundrules.mpi.govt.nz/grouping/2-plants,https://www.groundrules.mpi.govt.nz/activity/73-plant-importing,429
https://www.groundrules.mpi.govt.nz/,https://www.groundrules.mpi.govt.nz/grouping/2-plants,https://www.groundrules.mpi.govt.nz/product/129-root-crop,429
https://www.groundrules.mpi.govt.nz/,https://www.groundrules.mpi.govt.nz/grouping/2-plants,https://www.groundrules.mpi.govt.nz/product/202-seed,429
https://www.groundrules.mpi.govt.nz/,https://www.groundrules.mpi.govt.nz/grouping/2-plants,https://www.groundrules.mpi.govt.nz/product/46-truffle,429
https://www.groundrules.mpi.govt.nz/,https://www.groundrules.mpi.govt.nz/grouping/2-plants,https://www.groundrules.mpi.govt.nz/product/79-fungus,429
https://www.groundrules.mpi.govt.nz/,https://www.groundrules.mpi.govt.nz/grouping/2-plants,https://www.groundrules.mpi.govt.nz/product/82-wood,429
https://www.groundrules.mpi.govt.nz/,https://www.groundrules.mpi.govt.nz/grouping/3-buildings-and-equipment,https://www.groundrules.mpi.govt.nz/equipment/10-fuel-tank,429
https://www.groundrules.mpi.govt.nz/,https://www.groundrules.mpi.govt.nz/grouping/3-buildings-and-equipment,https://www.groundrules.mpi.govt.nz/equipment/16-machinery,429
https://www.groundrules.mpi.govt.nz/,https://www.groundrules.mpi.govt.nz/grouping/3-buildings-and-equipment,https://www.groundrules.mpi.govt.nz/equipment/20-polytunnel,429
https://www.groundrules.mpi.govt.nz/,https://www.groundrules.mpi.govt.nz/grouping/3-buildings-and-equipment,https://www.groundrules.mpi.govt.nz/equipment/83-animal-restraint-equipment,429
https://www.groundrules.mpi.govt.nz/,https://www.groundrules.mpi.govt.nz/product/190-domestic-water,https://www.groundrules.mpi.govt.nz/rule/3614-tanks-and-pools,429
https://www.groundrules.mpi.govt.nz/,https://www.groundrules.mpi.govt.nz/product/190-domestic-water,https://www.groundrules.mpi.govt.nz/rule/3616-single-storey-detached-buildings,429
https://www.groundrules.mpi.govt.nz/,https://www.groundrules.mpi.govt.nz/product/72-plant-stock,https://www.groundrules.mpi.govt.nz/rule/2589-biosecurity-importing-nursery-stock,429
https://www.groundrules.mpi.govt.nz/,https://www.groundrules.mpi.govt.nz/rule/3405-working-safely-with-fuels-and-chemicals,https://www.groundrules.mpi.govt.nz/activity/134-firefighting,429
https://www.groundrules.mpi.govt.nz/,https://www.groundrules.mpi.govt.nz/rule/3548-waikato-regional-plan-farm-animal-effluent,https://www.groundrules.mpi.govt.nz/activity/149-irrigation,429
https://www.groundrules.mpi.govt.nz/,https://www.groundrules.mpi.govt.nz/rule/3548-waikato-regional-plan-farm-animal-effluent,https://www.groundrules.mpi.govt.nz/activity/150-irrigation-management,429
https://www.groundrules.mpi.govt.nz/,https://www.groundrules.mpi.govt.nz/rule/3548-waikato-regional-plan-farm-animal-effluent,https://www.groundrules.mpi.govt.nz/activity/4-animal-feeding,429
https://www.groundrules.mpi.govt.nz/,https://www.groundrules.mpi.govt.nz/rule/3548-waikato-regional-plan-farm-animal-effluent,https://www.groundrules.mpi.govt.nz/equipment/144-standoff-pad,429
https://www.groundrules.mpi.govt.nz/,https://www.groundrules.mpi.govt.nz/rule/3548-waikato-regional-plan-farm-animal-effluent,https://www.groundrules.mpi.govt.nz/equipment/4-animal-housing,429
https://www.groundrules.mpi.govt.nz/,https://www.groundrules.mpi.govt.nz/rule/3548-waikato-regional-plan-farm-animal-effluent,https://www.groundrules.mpi.govt.nz/product/15-dairy-cattle,429
https://www.groundrules.mpi.govt.nz/,https://www.groundrules.mpi.govt.nz/rule/3548-waikato-regional-plan-farm-animal-effluent,https://www.groundrules.mpi.govt.nz/product/191-cooling-water,429
https://www.groundrules.mpi.govt.nz/,https://www.groundrules.mpi.govt.nz/rule/3548-waikato-regional-plan-farm-animal-effluent,https://www.groundrules.mpi.govt.nz/product/192-washdown-water,429
https://www.groundrules.mpi.govt.nz/,https://www.groundrules.mpi.govt.nz/rule/3548-waikato-regional-plan-farm-animal-effluent,https://www.groundrules.mpi.govt.nz/product/23-goats,429
https://www.groundrules.mpi.govt.nz/,https://www.groundrules.mpi.govt.nz/rule/3549-waikato-regional-plan-taking-and-using-water,https://www.groundrules.mpi.govt.nz/activity/151-storing-water,429
https://www.groundrules.mpi.govt.nz/,https://www.groundrules.mpi.govt.nz/rule/3549-waikato-regional-plan-taking-and-using-water,https://www.groundrules.mpi.govt.nz/grouping/1-animals,429
https://www.groundrules.mpi.govt.nz/,https://www.groundrules.mpi.govt.nz/rule/3549-waikato-regional-plan-taking-and-using-water,https://www.groundrules.mpi.govt.nz/product/87-stock-drinking-water,429
https://www.groundrules.mpi.govt.nz/,https://www.groundrules.mpi.govt.nz/rule/3554-waikato-regional-plan-river-and-lake-bed-disturbances,https://www.groundrules.mpi.govt.nz/activity/143-excavation,429
https://www.groundrules.mpi.govt.nz/,https://www.groundrules.mpi.govt.nz/rule/3554-waikato-regional-plan-river-and-lake-bed-disturbances,https://www.groundrules.mpi.govt.nz/activity/153-channel-straightening,429
https://www.groundrules.mpi.govt.nz/,https://www.groundrules.mpi.govt.nz/rule/3554-waikato-regional-plan-river-and-lake-bed-disturbances,https://www.groundrules.mpi.govt.nz/activity/154-cleaning-drains,429
https://www.groundrules.mpi.govt.nz/,https://www.groundrules.mpi.govt.nz/rule/3554-waikato-regional-plan-river-and-lake-bed-disturbances,https://www.groundrules.mpi.govt.nz/activity/158-piping,429
https://www.groundrules.mpi.govt.nz/,https://www.groundrules.mpi.govt.nz/rule/3554-waikato-regional-plan-river-and-lake-bed-disturbances,https://www.groundrules.mpi.govt.nz/activity/89-culverting,429
https://www.groundrules.mpi.govt.nz/,https://www.groundrules.mpi.govt.nz/rule/3554-waikato-regional-plan-river-and-lake-bed-disturbances,https://www.groundrules.mpi.govt.nz/equipment/51-culvert,429
https://www.groundrules.mpi.govt.nz/,https://www.groundrules.mpi.govt.nz/rule/3554-waikato-regional-plan-river-and-lake-bed-disturbances,https://www.groundrules.mpi.govt.nz/equipment/55-stream-crossing,429
https://www.groundrules.mpi.govt.nz/,https://www.groundrules.mpi.govt.nz/rule/3554-waikato-regional-plan-river-and-lake-bed-disturbances,https://www.groundrules.mpi.govt.nz/equipment/6-bridge,429
https://www.groundrules.mpi.govt.nz/,https://www.groundrules.mpi.govt.nz/rule/3554-waikato-regional-plan-river-and-lake-bed-disturbances,https://www.groundrules.mpi.govt.nz/equipment/67-drain,429
https://www.groundrules.mpi.govt.nz/,https://www.groundrules.mpi.govt.nz/rule/3555-waikato-regional-plan-dams-and-damming-water,https://www.groundrules.mpi.govt.nz/activity/146-structures-in-waterways,429
https://www.groundrules.mpi.govt.nz/,https://www.groundrules.mpi.govt.nz/rule/3555-waikato-regional-plan-dams-and-damming-water,https://www.groundrules.mpi.govt.nz/activity/156-damming-water,429
https://www.groundrules.mpi.govt.nz/,https://www.groundrules.mpi.govt.nz/rule/3555-waikato-regional-plan-dams-and-damming-water,https://www.groundrules.mpi.govt.nz/equipment/136-stopbank,429
https://www.groundrules.mpi.govt.nz/,https://www.groundrules.mpi.govt.nz/rule/3555-waikato-regional-plan-dams-and-damming-water,https://www.groundrules.mpi.govt.nz/grouping/4-environment,429
https://www.healthandsafety.govt.nz,https://www.healthandsafety.govt.nz/careers-and-development/early-in-careers-health-and-safety-certificate,https://www.healthandsafety.govt.nz/recognition-of-prior-learning-rpl-gaining-certification-for-public-sector-early-in-careers-health-and-safety-certificate,404
https://www.healthandsafety.govt.nz,https://www.healthandsafety.govt.nz/careers-and-development/summer-hsw-internship-programme,https://www.healthandsafety.govt.nz/careers-and-development/career-pathways/overview-of-health-and-safety-generalist-careers-in-new-zealand-guide,404
https://www.hud.govt.nz/,https://www.hud.govt.nz/documents,https://www.hud.govt.nz/documents/search?start=2028,400
https://www.hud.govt.nz/,https://www.hud.govt.nz/funding-and-support,https://www.hud.govt.nz/funding-and-support/search?start=12,400
https://www.hud.govt.nz/,https://www.hud.govt.nz/news?q=About+HUD,https://www.hud.govt.nz/news/search?q=About+HUD&start=12,400
https://www.hud.govt.nz/,https://www.hud.govt.nz/news?q=About+HUD,https://www.hud.govt.nz/news/search?q=About+HUD&start=24,400
https://www.hud.govt.nz/,https://www.hud.govt.nz/news?q=Housing+supply,https://www.hud.govt.nz/news/search?q=Housing+supply&start=12,400
https://www.hud.govt.nz/,https://www.hud.govt.nz/our-focus/our-place-based-approach,https://www.hud.govt.nz/our-maihi-approach,404
https://www.hud.govt.nz/,https://www.hud.govt.nz/search,https://www.hud.govt.nz/search/search?start=12,400
https://www.iaa.govt.nz/,https://www.iaa.govt.nz/become-a-licensed-adviser/australian-registered-migration-agent-applications/,https://www.iaa.govt.nz/your-licence/renew-your-licence/,404
https://www.insolvency.govt.nz/,https://www.insolvency.govt.nz/about/about-insolvency-and-trustee-service,https://www.insolvency.govt.nz/personal-debt/personal-insolvency-options/summary-instalment-orders,404
https://www.jobsfornature.govt.nz/,https://www.jobsfornature.govt.nz/publications/,https://www.jobsfornature.govt.nz/publications/%5Bfile_link%2Cid%3D167%5D/,404
https://www.jobsfornature.govt.nz/,https://www.jobsfornature.govt.nz/publications/,https://www.jobsfornature.govt.nz/publications/%5Bfile_link%2Cid%3D63%5D/,404
https://www.keepitrealonline.govt.nz/,https://www.keepitrealonline.govt.nz/zh/youth/sextortion,https://www.keepitrealonline.govt.nz/zh/youth/sextortion/netsafe.org.nz/report,404
https://www.knowledgehub.transport.govt.nz/,https://www.knowledgehub.transport.govt.nz/,https://www.knowledgehub.transport.govt.nz/statistics-and-insights/fuel-response-monitoring-dashboard,404
https://www.lgc.govt.nz/,https://www.lgc.govt.nz/our-work/representation-reviews/representation-review-process/,https://www.lgc.govt.nz/page-not-found/,404
https://www.lovebetter.org.nz/,https://www.lovebetter.org.nz/,https://www.lovebetter.org.nz/save/affirmation/9,404
https://www.lovebetter.org.nz/,https://www.lovebetter.org.nz/,https://www.lovebetter.org.nz/save/article/146,404
https://www.lovebetter.org.nz/,https://www.lovebetter.org.nz/,https://www.lovebetter.org.nz/save/article/148,404
https://www.lovebetter.org.nz/,https://www.lovebetter.org.nz/,https://www.lovebetter.org.nz/save/article/152,404
https://www.lovebetter.org.nz/,https://www.lovebetter.org.nz/,https://www.lovebetter.org.nz/save/article/161,404
https://www.lovebetter.org.nz/,https://www.lovebetter.org.nz/,https://www.lovebetter.org.nz/save/article/186,404
https://www.lovebetter.org.nz/,https://www.lovebetter.org.nz/,https://www.lovebetter.org.nz/save/article/187,404
https://www.lovebetter.org.nz/,https://www.lovebetter.org.nz/,https://www.lovebetter.org.nz/save/article/188,404
https://www.lovebetter.org.nz/,https://www.lovebetter.org.nz/,https://www.lovebetter.org.nz/save/article/189,404
https://www.lovebetter.org.nz/,https://www.lovebetter.org.nz/,https://www.lovebetter.org.nz/save/article/190,404
https://www.lovebetter.org.nz/,https://www.lovebetter.org.nz/,https://www.lovebetter.org.nz/save/article/23,404
https://www.lovebetter.org.nz/,https://www.lovebetter.org.nz/,https://www.lovebetter.org.nz/save/article/28,404
https://www.lovebetter.org.nz/,https://www.lovebetter.org.nz/,https://www.lovebetter.org.nz/save/article/45,404
https://www.lovebetter.org.nz/,https://www.lovebetter.org.nz/,https://www.lovebetter.org.nz/save/article/8,404
https://www.lovebetter.org.nz/,https://www.lovebetter.org.nz/,https://www.lovebetter.org.nz/save/article/86,404
https://www.lovebetter.org.nz/,https://www.lovebetter.org.nz/,https://www.lovebetter.org.nz/save/article/92,404
https://www.lovebetter.org.nz/,https://www.lovebetter.org.nz/,https://www.lovebetter.org.nz/save/quiz/1,404
https://www.lovebetter.org.nz/,https://www.lovebetter.org.nz/,https://www.lovebetter.org.nz/save/reel/1,404
https://www.lovebetter.org.nz/,https://www.lovebetter.org.nz/,https://www.lovebetter.org.nz/save/reel/10,404
https://www.lovebetter.org.nz/,https://www.lovebetter.org.nz/,https://www.lovebetter.org.nz/save/reel/17,404
https://www.lovebetter.org.nz/,https://www.lovebetter.org.nz/,https://www.lovebetter.org.nz/save/reel/18,404
https://www.lovebetter.org.nz/,https://www.lovebetter.org.nz/,https://www.lovebetter.org.nz/save/reel/19,404
https://www.lovebetter.org.nz/,https://www.lovebetter.org.nz/,https://www.lovebetter.org.nz/save/reel/21,404
https://www.lovebetter.org.nz/,https://www.lovebetter.org.nz/,https://www.lovebetter.org.nz/what-is-abuse/red-flags-for-abuse,404
https://www.lovebetter.org.nz/,https://www.lovebetter.org.nz/how-to-be-a-good-mate/dealing-with-heartbreak/worried-about-your-break-up-affecting-your-social-circle,https://www.lovebetter.org.nz/save/article/121,404
https://www.lovebetter.org.nz/,https://www.lovebetter.org.nz/how-to-be-a-good-mate/dealing-with-heartbreak/worried-about-your-break-up-affecting-your-social-circle,https://www.lovebetter.org.nz/save/article/93,404
https://www.lovebetter.org.nz/,https://www.lovebetter.org.nz/love-is-learned/intimacy-and-relationships/consent-101,https://www.lovebetter.org.nz/save/article/100,404
https://www.lovebetter.org.nz/,https://www.lovebetter.org.nz/love-is-learned/intimacy-and-relationships/consent-101,https://www.lovebetter.org.nz/save/article/102,404
https://www.lovebetter.org.nz/,https://www.lovebetter.org.nz/love-is-learned/intimacy-and-relationships/consent-101,https://www.lovebetter.org.nz/save/article/110,404
https://www.lovebetter.org.nz/,https://www.lovebetter.org.nz/love-is-learned/intimacy-and-relationships/consent-101,https://www.lovebetter.org.nz/save/article/26,404
https://www.lovebetter.org.nz/,https://www.lovebetter.org.nz/love-is-learned/intimacy-and-relationships/consent-101,https://www.lovebetter.org.nz/save/article/37,404
https://www.lovebetter.org.nz/,https://www.lovebetter.org.nz/love-is-learned/intimacy-and-relationships/consent-101,https://www.lovebetter.org.nz/save/article/91,404
https://www.lovebetter.org.nz/,https://www.lovebetter.org.nz/love-is-learned/intimacy-and-relationships/consent-101,https://www.lovebetter.org.nz/save/article/95,404
https://www.lovebetter.org.nz/,https://www.lovebetter.org.nz/love-is-learned/intimacy-and-relationships/consent-101,https://www.lovebetter.org.nz/save/article/98,404
https://www.lovebetter.org.nz/,https://www.lovebetter.org.nz/search?media=play,https://www.lovebetter.org.nz/save/quiz/3,404
https://www.lovebetter.org.nz/,https://www.lovebetter.org.nz/search?media=reels,https://www.lovebetter.org.nz/save/reel/14,404
https://www.lovebetter.org.nz/,https://www.lovebetter.org.nz/search?media=reels,https://www.lovebetter.org.nz/save/reel/15,404
https://www.lovebetter.org.nz/,https://www.lovebetter.org.nz/search?tags=abuse,https://www.lovebetter.org.nz/save/article/103,404
https://www.lovebetter.org.nz/,https://www.lovebetter.org.nz/search?tags=abuse,https://www.lovebetter.org.nz/save/article/159,404
https://www.lovebetter.org.nz/,https://www.lovebetter.org.nz/search?tags=abuse,https://www.lovebetter.org.nz/save/article/38,404
https://www.lovebetter.org.nz/,https://www.lovebetter.org.nz/search?tags=ask-an-expert,https://www.lovebetter.org.nz/save/article/116,404
https://www.lovebetter.org.nz/,https://www.lovebetter.org.nz/search?tags=ask-an-expert,https://www.lovebetter.org.nz/save/article/117,404
https://www.lovebetter.org.nz/,https://www.lovebetter.org.nz/search?tags=ask-an-expert,https://www.lovebetter.org.nz/save/article/147,404
https://www.lovebetter.org.nz/,https://www.lovebetter.org.nz/search?tags=ask-an-expert,https://www.lovebetter.org.nz/save/article/167,404
https://www.lovebetter.org.nz/,https://www.lovebetter.org.nz/search?tags=ask-an-expert&start=10,https://www.lovebetter.org.nz/save/article/113,404
https://www.lovebetter.org.nz/,https://www.lovebetter.org.nz/search?tags=ask-an-expert&start=10,https://www.lovebetter.org.nz/save/article/25,404
https://www.lovebetter.org.nz/,https://www.lovebetter.org.nz/search?tags=break-ups,https://www.lovebetter.org.nz/save/article/154,404
https://www.lovebetter.org.nz/,https://www.lovebetter.org.nz/search?tags=break-ups,https://www.lovebetter.org.nz/save/article/158,404
https://www.lovebetter.org.nz/,https://www.lovebetter.org.nz/search?tags=break-ups,https://www.lovebetter.org.nz/save/article/173,404
https://www.lovebetter.org.nz/,https://www.lovebetter.org.nz/search?tags=break-ups,https://www.lovebetter.org.nz/save/article/174,404
https://www.lovebetter.org.nz/,https://www.lovebetter.org.nz/search?tags=break-ups,https://www.lovebetter.org.nz/save/article/175,404
https://www.lovebetter.org.nz/,https://www.lovebetter.org.nz/search?tags=communication,https://www.lovebetter.org.nz/save/article/171,404
https://www.lovebetter.org.nz/,https://www.lovebetter.org.nz/search?tags=communication,https://www.lovebetter.org.nz/save/article/176,404
https://www.lovebetter.org.nz/,https://www.lovebetter.org.nz/search?tags=communication,https://www.lovebetter.org.nz/save/article/180,404
https://www.lovebetter.org.nz/,https://www.lovebetter.org.nz/search?tags=communication,https://www.lovebetter.org.nz/save/article/191,404
https://www.lovebetter.org.nz/,https://www.lovebetter.org.nz/search?tags=communication,https://www.lovebetter.org.nz/save/article/193,404
https://www.lovebetter.org.nz/,https://www.lovebetter.org.nz/search?tags=communication,https://www.lovebetter.org.nz/save/reel/20,404
https://www.lovebetter.org.nz/,https://www.lovebetter.org.nz/search?tags=communication,https://www.lovebetter.org.nz/save/reel/22,404
https://www.lovebetter.org.nz/,https://www.lovebetter.org.nz/search?tags=communication&start=10,https://www.lovebetter.org.nz/save/article/160,404
https://www.lovebetter.org.nz/,https://www.lovebetter.org.nz/search?tags=jealousy&start=10,https://www.lovebetter.org.nz/save/article/101,404
https://www.lovebetter.org.nz/,https://www.lovebetter.org.nz/search?tags=jealousy&start=10,https://www.lovebetter.org.nz/save/article/32,404
https://www.lovebetter.org.nz/,https://www.lovebetter.org.nz/search?tags=jealousy&start=10,https://www.lovebetter.org.nz/save/article/35,404
https://www.lovebetter.org.nz/,https://www.lovebetter.org.nz/search?tags=jealousy&start=10,https://www.lovebetter.org.nz/save/article/36,404
https://www.lovebetter.org.nz/,https://www.lovebetter.org.nz/search?tags=sex,https://www.lovebetter.org.nz/save/article/155,404
https://www.lovebetter.org.nz/,https://www.lovebetter.org.nz/search?tags=sex,https://www.lovebetter.org.nz/save/article/156,404
https://www.lovebetter.org.nz/,https://www.lovebetter.org.nz/search?tags=third-culture-kids,https://www.lovebetter.org.nz/save/article/162,404
https://www.lovebetter.org.nz/,https://www.lovebetter.org.nz/search?tags=third-culture-kids,https://www.lovebetter.org.nz/save/article/163,404
https://www.lovebetter.org.nz/,https://www.lovebetter.org.nz/search?tags=third-culture-kids,https://www.lovebetter.org.nz/save/article/164,404
https://www.lovebetter.org.nz/,https://www.lovebetter.org.nz/search?tags=third-culture-kids,https://www.lovebetter.org.nz/save/article/165,404
https://www.lovebetter.org.nz/,https://www.lovebetter.org.nz/search?tags=third-culture-kids,https://www.lovebetter.org.nz/save/article/177,404
https://www.lovebetter.org.nz/,https://www.lovebetter.org.nz/search?tags=third-culture-kids,https://www.lovebetter.org.nz/save/article/178,404
https://www.lovebetter.org.nz/,https://www.lovebetter.org.nz/somethings-not-right,https://www.lovebetter.org.nz/save/article/42,404
https://www.lovebetter.org.nz/,https://www.lovebetter.org.nz/when-love-ends,https://www.lovebetter.org.nz/save/article/24,404
https://www.lovebetter.org.nz/,https://www.lovebetter.org.nz/when-love-ends,https://www.lovebetter.org.nz/save/article/34,404
https://www.lovebetter.org.nz/,https://www.lovebetter.org.nz/when-love-ends,https://www.lovebetter.org.nz/save/article/40,404
https://www.lovebetter.org.nz/,https://www.lovebetter.org.nz/when-love-ends/when-to-quit-relationship/is-shit-sex-worth-breaking-up-over,https://www.lovebetter.org.nz/save/article/111,404
https://www.majorevents.govt.nz/,https://www.majorevents.govt.nz/resource-bank/document-library?start=20,https://www.majorevents.govt.nz/dmsdocument/4795-36th-americas-cup-wynyard-hobson-location,404
https://www.majorevents.govt.nz/,https://www.majorevents.govt.nz/resource-bank/document-library/search?topic%5B1119%5D=1119,https://www.majorevents.govt.nz/dmsdocument/4498-resource-bank-underwriting-module,404
https://www.maliat.govt.nz/,https://www.maliat.govt.nz/,https://www.maliat.govt.nz/statistics-and-insights/fuel-response-monitoring-dashboard,404
https://www.moneytalks.co.nz/,https://www.moneytalks.co.nz/find-a-local-financial-mentor/,https://www.moneytalks.co.nz/find-a-local-financial-mentor/9am%20-%203pm/,404
https://www.mpi.govt.nz/,https://www.mpi.govt.nz/,https://www.mpi.govt.nz/about-this-site/sitemap,-1
https://www.mpi.govt.nz/,https://www.mpi.govt.nz/,https://www.mpi.govt.nz/food-safety-home/food-recalls-and-complaints/recalled-food-products,-1
https://www.mpp.govt.nz/,https://www.mpp.govt.nz/about-us/making-an-official-information-act-request/,https://www.mpp.govt.nz/publications/,404
https://www.myd.govt.nz/,https://www.myd.govt.nz/funding/previous-funding,https://www.myd.govt.nz/current-funding/akonga-youth-development-community-fund,404
https://www.ncsc.govt.nz/,https://www.ncsc.govt.nz/protect-your-organisation/network-separation-and-segmentation/,https://www.ncsc.govt.nz/protect-your-organisation/managing-default-credentials/,404
https://www.nzbn.govt.nz/,https://www.nzbn.govt.nz/using-the-nzbn/using-the-nzbn-in-your-business/,https://www.nzbn.govt.nz/nzbn_homepage/,404
https://www.nzbn.govt.nz/,https://www.nzbn.govt.nz/whats-an-nzbn/identifying-different-parts-of-your-business/,https://api.business.govt.nz/api.business.govt.nz/oauth2/v2.0/authorize?p=b2c_1a_api_consent_susi&response_type=code&client_id=c65475a8-135a-4a6c-b43c-b5404c6ff0a5&redirect_uri=https://www.nzbn.govt.nz&scope=https://api.business.govt.nz/gateway/NZBNCO:manage%20offline_access,404
https://www.nzcrs.govt.nz/,https://www.nzcrs.govt.nz/about-us/who-we-are/,https://www.nzcrs.govt.nz/about-us/advisory-groups-2/,404
https://www.nzdf.mil.nz/nzdf/,https://www.nzdf.mil.nz/nzdf/what-we-do/supporting-people-and-communities/covid-19/,https://www.nzdf.mil.nz/story-collections/covid-19-response/?l=en_NZ,404
https://www.nzsis.govt.nz/,https://www.nzsis.govt.nz/about-us/our-annual-reports/annual-report-2025,https://www.nzsis.govt.nz/about-us/our-annual-reports/home,404
https://www.officeforseniors.govt.nz/,https://www.officeforseniors.govt.nz/latest-news/age-friendly-symposium-presentations-and-resources,https://www.officeforseniors.govt.nz/page-not-found,404
https://www.pasefikaproud.co.nz/,https://www.pasefikaproud.co.nz/get-involved/with-your-family/strong-families,https://www.pasefikaproud.co.nz/resources/a-theology-of-children,404
https://www.pasefikaproud.co.nz/,https://www.pasefikaproud.co.nz/home/accessibility,https://www.pasefikaproud.co.nz/home/www.pasefikaproud.co.nz,404
https://www.pasefikaproud.co.nz/,https://www.pasefikaproud.co.nz/home/get-help,https://www.pasefikaproud.co.nz/service-providers,404
https://www.pasefikaproud.co.nz/,https://www.pasefikaproud.co.nz/home/get-help,https://www.pasefikaproud.co.nz/service-providers/auckland,404
https://www.pasefikaproud.co.nz/,https://www.pasefikaproud.co.nz/home/get-help,https://www.pasefikaproud.co.nz/service-providers/outside-auckland,404
https://www.pasefikaproud.co.nz/,https://www.pasefikaproud.co.nz/resources,https://www.pasefikaproud.co.nz/resources/general,429
https://www.pds.govt.nz/,https://www.pds.govt.nz/,https://www.pds.govt.nz/about/news-and-media/,404
https://www.pds.govt.nz/,https://www.pds.govt.nz/,https://www.pds.govt.nz/about/news-and-media/news/text-reminders-about-fines-due/,404
https://www.pds.govt.nz/,https://www.pds.govt.nz/,https://www.pds.govt.nz/contact-us/,404
https://www.pds.govt.nz/,https://www.pds.govt.nz/,https://www.pds.govt.nz/criminal-records/,404
https://www.pds.govt.nz/,https://www.pds.govt.nz/,https://www.pds.govt.nz/fines/,404
https://www.pds.govt.nz/,https://www.pds.govt.nz/,https://www.pds.govt.nz/licences-certificates/,404
https://www.police.govt.nz/,https://www.police.govt.nz/,https://www.police.govt.nz/?nondesktop,429
https://www.police.govt.nz/,https://www.police.govt.nz/,https://www.police.govt.nz/111-txt,429
https://www.police.govt.nz/,https://www.police.govt.nz/,https://www.police.govt.nz/about-site-and-nz-police-app,429
https://www.police.govt.nz/,https://www.police.govt.nz/,https://www.police.govt.nz/about-site-and-nz-police-app/accessibility,429
https://www.police.govt.nz/,https://www.police.govt.nz/,https://www.police.govt.nz/about-site-and-nz-police-app/copyright,429
https://www.police.govt.nz/,https://www.police.govt.nz/,https://www.police.govt.nz/about-us,429
https://www.police.govt.nz/,https://www.police.govt.nz/,https://www.police.govt.nz/about-us/history-and-museum,429
https://www.police.govt.nz/,https://www.police.govt.nz/,https://www.police.govt.nz/about-us/history-museum/museum/exhibitions,429
https://www.police.govt.nz/,https://www.police.govt.nz/,https://www.police.govt.nz/about-us/history/establishment,429
https://www.police.govt.nz/,https://www.police.govt.nz/,https://www.police.govt.nz/about-us/investigations-and-reviews,429
https://www.police.govt.nz/,https://www.police.govt.nz/,https://www.police.govt.nz/about-us/ko-te-iwi-maori-me-nga-pirihimana-e-ngunguru-nei,429
https://www.police.govt.nz/,https://www.police.govt.nz/,https://www.police.govt.nz/about-us/maori-police,429
https://www.police.govt.nz/,https://www.police.govt.nz/,https://www.police.govt.nz/about-us/maori-police/haka,429
https://www.police.govt.nz/,https://www.police.govt.nz/,https://www.police.govt.nz/about-us/nz-police,429
https://www.police.govt.nz/,https://www.police.govt.nz/,https://www.police.govt.nz/about-us/our-values,429
https://www.police.govt.nz/,https://www.police.govt.nz/,https://www.police.govt.nz/about-us/privacy-statement-how-we-manage-personal-information,429
https://www.police.govt.nz/,https://www.police.govt.nz/,https://www.police.govt.nz/about-us/programmes-initiatives,429
https://www.police.govt.nz/,https://www.police.govt.nz/,https://www.police.govt.nz/about-us/publication/be-safe-feel-safe-booklet,429
https://www.police.govt.nz/,https://www.police.govt.nz/,https://www.police.govt.nz/about-us/publications-statistics,429
https://www.police.govt.nz/,https://www.police.govt.nz/,https://www.police.govt.nz/about-us/structure,429
https://www.police.govt.nz/,https://www.police.govt.nz/,https://www.police.govt.nz/about-us/structure/police-districts,429
https://www.police.govt.nz/,https://www.police.govt.nz/,https://www.police.govt.nz/advice-and-services/faqs,429
https://www.police.govt.nz/,https://www.police.govt.nz/,https://www.police.govt.nz/advice-and-services/infringement-services,429
https://www.police.govt.nz/,https://www.police.govt.nz/,https://www.police.govt.nz/advice-services,429
https://www.police.govt.nz/,https://www.police.govt.nz/,https://www.police.govt.nz/advice-services/accessing-information,429
https://www.police.govt.nz/,https://www.police.govt.nz/,https://www.police.govt.nz/advice-services/advice-victims,429
https://www.police.govt.nz/,https://www.police.govt.nz/,https://www.police.govt.nz/advice-services/all-online-options,429
https://www.police.govt.nz/,https://www.police.govt.nz/,https://www.police.govt.nz/advice-services/australian-subpoenas,429
https://www.police.govt.nz/,https://www.police.govt.nz/,https://www.police.govt.nz/advice-services/businesses-and-organisations,429
https://www.police.govt.nz/,https://www.police.govt.nz/,https://www.police.govt.nz/advice-services/businesses-and-organisations/nz-police-vetting-service,429
https://www.police.govt.nz/,https://www.police.govt.nz/,https://www.police.govt.nz/advice-services/businesses-and-organisations/nz-police-vetting-service/information-about-vetting,429
https://www.police.govt.nz/,https://www.police.govt.nz/,https://www.police.govt.nz/advice-services/businesses-and-organisations/retail-crime-prevention-hub,429
https://www.police.govt.nz/,https://www.police.govt.nz/,https://www.police.govt.nz/advice-services/counter-terrorism,429
https://www.police.govt.nz/,https://www.police.govt.nz/,https://www.police.govt.nz/advice-services/cybercrime-and-internet,429
https://www.police.govt.nz/,https://www.police.govt.nz/,https://www.police.govt.nz/advice-services/driving-and-road-safety,429
https://www.police.govt.nz/,https://www.police.govt.nz/,https://www.police.govt.nz/advice-services/drugs-and-alcohol,429
https://www.police.govt.nz/,https://www.police.govt.nz/,https://www.police.govt.nz/advice-services/drugs-and-alcohol/updates-drug-driving-legislation,429
https://www.police.govt.nz/,https://www.police.govt.nz/,https://www.police.govt.nz/advice-services/family-violence-help-and-support,429
https://www.police.govt.nz/,https://www.police.govt.nz/,https://www.police.govt.nz/advice-services/firearms-and-safety,429
https://www.police.govt.nz/,https://www.police.govt.nz/,https://www.police.govt.nz/advice-services/firearms-safety-fsa,429
https://www.police.govt.nz/,https://www.police.govt.nz/,https://www.police.govt.nz/advice-services/how-report-crime-or-incident,429
https://www.police.govt.nz/,https://www.police.govt.nz/,https://www.police.govt.nz/advice-services/information-suppliers,429
https://www.police.govt.nz/,https://www.police.govt.nz/,https://www.police.govt.nz/advice-services/infringement-services/compliance,429
https://www.police.govt.nz/,https://www.police.govt.nz/,https://www.police.govt.nz/advice-services/personal-and-community-safety,429
https://www.police.govt.nz/,https://www.police.govt.nz/,https://www.police.govt.nz/advice-services/personal-and-community-safety/trespass-notices,429
https://www.police.govt.nz/,https://www.police.govt.nz/,https://www.police.govt.nz/advice-services/personal-community-safety/lost-property-advice,429
https://www.police.govt.nz/,https://www.police.govt.nz/,https://www.police.govt.nz/advice-services/protecting-crowded-places-attack,429
https://www.police.govt.nz/,https://www.police.govt.nz/,https://www.police.govt.nz/advice-services/sexual-assault-and-consent,429
https://www.police.govt.nz/,https://www.police.govt.nz/,https://www.police.govt.nz/advice/driving-and-road-safety/report-road-incident-unsafe-driver,429
https://www.police.govt.nz/,https://www.police.govt.nz/,https://www.police.govt.nz/advice/personal-community/keeping-safe/safe-sea,429
https://www.police.govt.nz/,https://www.police.govt.nz/,https://www.police.govt.nz/advice/personal-community/new-arrivals/arabic,429
https://www.police.govt.nz/,https://www.police.govt.nz/,https://www.police.govt.nz/advice/personal-community/new-arrivals/chinese,429
https://www.police.govt.nz/,https://www.police.govt.nz/,https://www.police.govt.nz/advice/personal-community/new-arrivals/english,429
https://www.police.govt.nz/,https://www.police.govt.nz/,https://www.police.govt.nz/advice/personal-community/new-arrivals/farsi,429
https://www.police.govt.nz/,https://www.police.govt.nz/,https://www.police.govt.nz/advice/personal-community/new-arrivals/german,429
https://www.police.govt.nz/,https://www.police.govt.nz/,https://www.police.govt.nz/advice/personal-community/new-arrivals/hindi,429
https://www.police.govt.nz/,https://www.police.govt.nz/,https://www.police.govt.nz/advice/personal-community/new-arrivals/japanese,429
https://www.police.govt.nz/,https://www.police.govt.nz/,https://www.police.govt.nz/advice/personal-community/new-arrivals/korean,429
https://www.police.govt.nz/,https://www.police.govt.nz/,https://www.police.govt.nz/advice/personal-community/new-arrivals/spanish,429
https://www.police.govt.nz/,https://www.police.govt.nz/,https://www.police.govt.nz/advice/personal-community/new-arrivals/thai,429
https://www.police.govt.nz/,https://www.police.govt.nz/,https://www.police.govt.nz/advice/personal-community/new-arrivals/vietnamese,429
https://www.police.govt.nz/,https://www.police.govt.nz/,https://www.police.govt.nz/call-111,429
https://www.police.govt.nz/,https://www.police.govt.nz/,https://www.police.govt.nz/can-you-help-us,429
https://www.police.govt.nz/,https://www.police.govt.nz/,https://www.police.govt.nz/can-you-help-us/check-if-boat-stolen,429
https://www.police.govt.nz/,https://www.police.govt.nz/,https://www.police.govt.nz/can-you-help-us/cold-case,429
https://www.police.govt.nz/,https://www.police.govt.nz/,https://www.police.govt.nz/can-you-help-us/stolen-vehicles,429
https://www.police.govt.nz/,https://www.police.govt.nz/,https://www.police.govt.nz/careers,429
https://www.police.govt.nz/,https://www.police.govt.nz/,https://www.police.govt.nz/careers/how-apply-vacancy,429
https://www.police.govt.nz/,https://www.police.govt.nz/,https://www.police.govt.nz/careers/non-sworn-careers/overview,429
https://www.police.govt.nz/,https://www.police.govt.nz/,https://www.police.govt.nz/careers/police-groups,429
https://www.police.govt.nz/,https://www.police.govt.nz/,https://www.police.govt.nz/careers/valuing-diversity,429
https://www.police.govt.nz/,https://www.police.govt.nz/,https://www.police.govt.nz/contact-us,429
https://www.police.govt.nz/,https://www.police.govt.nz/,https://www.police.govt.nz/contact-us/111-police-emergency,429
https://www.police.govt.nz/,https://www.police.govt.nz/,https://www.police.govt.nz/contact-us/give-feedback-about-police,429
https://www.police.govt.nz/,https://www.police.govt.nz/,https://www.police.govt.nz/contact-us/local-contacts,429
https://www.police.govt.nz/,https://www.police.govt.nz/,https://www.police.govt.nz/contact-us/stations,429
https://www.police.govt.nz/,https://www.police.govt.nz/,https://www.police.govt.nz/facebook,429
https://www.police.govt.nz/,https://www.police.govt.nz/,https://www.police.govt.nz/instagram,429
https://www.police.govt.nz/,https://www.police.govt.nz/,https://www.police.govt.nz/missing-persons,429
https://www.police.govt.nz/,https://www.police.govt.nz/,https://www.police.govt.nz/missing-persons/missing-persons-list,429
https://www.police.govt.nz/,https://www.police.govt.nz/,https://www.police.govt.nz/news,429
https://www.police.govt.nz/,https://www.police.govt.nz/,https://www.police.govt.nz/news/all-nzpolicepics,429
https://www.police.govt.nz/,https://www.police.govt.nz/,https://www.police.govt.nz/news/districts,429
https://www.police.govt.nz/,https://www.police.govt.nz/,https://www.police.govt.nz/news/how-we-are-tracking,429
https://www.police.govt.nz/,https://www.police.govt.nz/,https://www.police.govt.nz/news/major-events,429
https://www.police.govt.nz/,https://www.police.govt.nz/,https://www.police.govt.nz/news/nz-police-app,429
https://www.police.govt.nz/,https://www.police.govt.nz/,https://www.police.govt.nz/news/police-media-contacts,429
https://www.police.govt.nz/,https://www.police.govt.nz/,https://www.police.govt.nz/news/research-company-hack,429
https://www.police.govt.nz/,https://www.police.govt.nz/,https://www.police.govt.nz/news/ten-one-magazine,429
https://www.police.govt.nz/,https://www.police.govt.nz/,https://www.police.govt.nz/news/traffic-crime-alerts,429
https://www.police.govt.nz/,https://www.police.govt.nz/,https://www.police.govt.nz/partner-agencies,429
https://www.police.govt.nz/,https://www.police.govt.nz/,https://www.police.govt.nz/payments,429
https://www.police.govt.nz/,https://www.police.govt.nz/,https://www.police.govt.nz/sitemap,429
https://www.police.govt.nz/,https://www.police.govt.nz/,https://www.police.govt.nz/subscribe/news-and-alerts,429
https://www.police.govt.nz/,https://www.police.govt.nz/,https://www.police.govt.nz/use-105,429
https://www.police.govt.nz/,https://www.police.govt.nz/,https://www.police.govt.nz/use-105/update-report,429
https://www.protectivesecurity.govt.nz/,https://www.protectivesecurity.govt.nz/classification/how-to-adopt/how-to-meet-the-classification-principles,https://www.protectivesecurity.govt.nz/page-not-found,404
https://www.protectivesecurity.govt.nz/,https://www.protectivesecurity.govt.nz/classification/how-to-adopt/how-to-meet-the-classification-principles,https://www.protectivesecurity.govt.nz/supply-chain-security,404
https://www.protectivesecurity.govt.nz/,https://www.protectivesecurity.govt.nz/guidance/managing-security-clearance-holders,https://www.protectivesecurity.govt.nz/managing-insider-risk,404
https://www.protectivesecurity.govt.nz/,https://www.protectivesecurity.govt.nz/resources/case-studies/email-fraud,https://www.protectivesecurity.govt.nz/management-protocol,404
https://www.publicservice.govt.nz/,https://www.publicservice.govt.nz/system/leaders/current-leaders,https://www.publicservice.govt.nz/Security/login?BackURL=%2Fsystem%2Fpublic-service-sectors%2Fpopulations-and-communities-sector%3Fstage%3DStage,403
https://www.qualityplanning.org.nz/,https://www.qualityplanning.org.nz/,https://www.qualityplanning.org.nz/node/21,403
https://www.qualityplanning.org.nz/,https://www.qualityplanning.org.nz/,https://www.qualityplanning.org.nz/node/22,403
https://www.rdti.govt.nz/,https://www.rdti.govt.nz/is-my-r-and-d-eligible,https://www.rdti.govt.nz/page-not-found,404
https://www.realme.govt.nz/,https://www.realme.govt.nz/en-nz/,https://www.realme.govt.nz/en-nz/help/,404
https://www.realme.govt.nz/,https://www.realme.govt.nz/en-nz/changelog/,https://www.realme.govt.nz/en-nz/privacy/identity-verification-service-privacy-statement/,404
https://www.realme.govt.nz/,https://www.realme.govt.nz/en-nz/help-12-mar-tts/,https://www.realme.govt.nz/en-nz/contact-us/,404
https://www.realme.govt.nz/,https://www.realme.govt.nz/en-nz/help-12-mar-tts/,https://www.realme.govt.nz/en-nz/contact-us/enquire-online/,404
https://www.realme.govt.nz/,https://www.realme.govt.nz/en-nz/terms-use/realme-terms-use/,https://www.realme.govt.nz/en-nz/contact-us/,404
https://www.realme.govt.nz/,https://www.realme.govt.nz/mi/,https://www.realme.govt.nz/en-nz/how-apply/renew-your-verified-identity/,404
https://www.realme.govt.nz/,https://www.realme.govt.nz/mi/,https://www.realme.govt.nz/en-nz/rapua/,404
https://www.safergambling.org.nz/,https://www.safergambling.org.nz/contact-us,https://www.safergambling.org.nz/node/125,404
https://www.safergambling.org.nz/,https://www.safergambling.org.nz/contact-us,https://www.safergambling.org.nz/node/127,404
https://www.safergambling.org.nz/,https://www.safergambling.org.nz/contact-us,https://www.safergambling.org.nz/node/164,404
https://www.safergambling.org.nz/,https://www.safergambling.org.nz/contact-us,https://www.safergambling.org.nz/node/167,404
https://www.safergambling.org.nz/,https://www.safergambling.org.nz/contact-us,https://www.safergambling.org.nz/node/23,404
https://www.safergambling.org.nz/,https://www.safergambling.org.nz/contact-us,https://www.safergambling.org.nz/resources,403
https://www.safergambling.org.nz/,https://www.safergambling.org.nz/taking-action/staying-in-control,https://www.safergambling.org.nz/support,404
https://www.sia.govt.nz/,https://www.sia.govt.nz/news/measuring-the-wellbeing-impacts-of-social-services-sias-wellbeing-measurement-approach-makes-headway,https://www.sia.govt.nz/insights/measuring-the-impacts-of-social-housing,404
https://www.skillsinconstruction.govt.nz/,https://www.skillsinconstruction.govt.nz/case-studies/cbd-jobs-and-skills-hub,https://www.skillsinconstruction.govt.nz/play,404
https://www.standards.govt.nz/,https://www.standards.govt.nz/shop/NZS-19880-22025,https://www.standards.govt.nz/shop-2/123025963-DC,404
https://www.standards.govt.nz/,https://www.standards.govt.nz/understanding-standards/sectors-we-work-with/health,https://www.standards.govt.nz/become-involved-in-standards-development,404
https://www.studylink.govt.nz/,https://www.studylink.govt.nz/about-this-site/sitemap.html,https://www.studylink.govt.nz/in-study/urgent-costs/covid-19-vaccination-travel.html,404
https://www.tenancy.govt.nz/,https://www.tenancy.govt.nz/,https://www.tenancy.govt.nz/starting-a-tenancy/types-of-tenancies/build-to-rent-tenancy/,429
https://www.tki.org.nz/,https://www.tki.org.nz/Communities/%28view%29/atoz,https://www.tki.org.nz/Communities/%2528view%2529/atoz,404
https://www.tki.org.nz/,https://www.tki.org.nz/What-s-new/%28offset%29/10,https://www.tki.org.nz/What-s-new/%2528offset%2529/10,404
https://www.tki.org.nz/,https://www.tki.org.nz/What-s-new/%28offset%29/100,https://www.tki.org.nz/What-s-new/%2528offset%2529/100,404
https://www.tki.org.nz/,https://www.tki.org.nz/What-s-new/%28offset%29/110,https://www.tki.org.nz/What-s-new/%2528offset%2529/110,404
https://www.tki.org.nz/,https://www.tki.org.nz/What-s-new/%28offset%29/120,https://www.tki.org.nz/What-s-new/%2528offset%2529/120,404
https://www.tki.org.nz/,https://www.tki.org.nz/What-s-new/%28offset%29/130,https://www.tki.org.nz/What-s-new/%2528offset%2529/130,404
https://www.tki.org.nz/,https://www.tki.org.nz/What-s-new/%28offset%29/140,https://www.tki.org.nz/What-s-new/%2528offset%2529/140,404
https://www.tki.org.nz/,https://www.tki.org.nz/What-s-new/%28offset%29/150,https://www.tki.org.nz/What-s-new/%2528offset%2529/150,404
https://www.tki.org.nz/,https://www.tki.org.nz/What-s-new/%28offset%29/170,https://www.tki.org.nz/What-s-new/%2528offset%2529/170,404
https://www.tki.org.nz/,https://www.tki.org.nz/What-s-new/%28offset%29/180,https://www.tki.org.nz/What-s-new/%2528offset%2529/180,404
https://www.tki.org.nz/,https://www.tki.org.nz/What-s-new/%28offset%29/190,https://www.tki.org.nz/What-s-new/%2528offset%2529/190,404
https://www.tki.org.nz/,https://www.tki.org.nz/What-s-new/%28offset%29/20,https://www.tki.org.nz/What-s-new/%2528offset%2529/20,404
https://www.tki.org.nz/,https://www.tki.org.nz/What-s-new/%28offset%29/210,https://www.tki.org.nz/What-s-new/%2528offset%2529/210,404
https://www.tki.org.nz/,https://www.tki.org.nz/What-s-new/%28offset%29/220,https://www.tki.org.nz/What-s-new/%2528offset%2529/220,404
https://www.tki.org.nz/,https://www.tki.org.nz/What-s-new/%28offset%29/30,https://www.tki.org.nz/What-s-new/%2528offset%2529/30,404
https://www.tki.org.nz/,https://www.tki.org.nz/What-s-new/%28offset%29/40,https://www.tki.org.nz/What-s-new/%2528offset%2529/40,404
https://www.tki.org.nz/,https://www.tki.org.nz/What-s-new/%28offset%29/50,https://www.tki.org.nz/What-s-new/%2528offset%2529/50,404
https://www.tki.org.nz/,https://www.tki.org.nz/What-s-new/%28offset%29/60,https://www.tki.org.nz/What-s-new/%2528offset%2529/60,404
https://www.tki.org.nz/,https://www.tki.org.nz/What-s-new/%28offset%29/680,https://www.tki.org.nz/What-s-new/%2528offset%2529/680,404
https://www.tki.org.nz/,https://www.tki.org.nz/What-s-new/%28offset%29/70,https://www.tki.org.nz/What-s-new/%2528offset%2529/70,404
https://www.tki.org.nz/,https://www.tki.org.nz/What-s-new/%28offset%29/750,https://www.tki.org.nz/What-s-new/%2528offset%2529/750,404
https://www.tki.org.nz/,https://www.tki.org.nz/What-s-new/%28offset%29/760,https://www.tki.org.nz/What-s-new/%2528offset%2529/760,404
https://www.tki.org.nz/,https://www.tki.org.nz/What-s-new/%28offset%29/780,https://www.tki.org.nz/What-s-new/%2528offset%2529/780,404
https://www.tki.org.nz/,https://www.tki.org.nz/What-s-new/%28offset%29/790,https://www.tki.org.nz/What-s-new/%2528offset%2529/790,404
https://www.tki.org.nz/,https://www.tki.org.nz/What-s-new/%28offset%29/80,https://www.tki.org.nz/What-s-new/%2528offset%2529/80,404
https://www.tki.org.nz/,https://www.tki.org.nz/What-s-new/%28offset%29/90,https://www.tki.org.nz/What-s-new/%2528offset%2529/90,404
https://www.tki.org.nz/,https://www.tki.org.nz/What-s-new/%28year%29/2023/%28month%29/11,https://www.tki.org.nz/What-s-new/%2528year%2529/2023/%2528month%2529/11,404
https://www.tki.org.nz/,https://www.tki.org.nz/What-s-new/%28year%29/2025/%28month%29/02,https://www.tki.org.nz/What-s-new/%2528year%2529/2025/%2528month%2529/02,404
https://www.tools.business.govt.nz/climate/,https://www.tools.business.govt.nz/climate/,https://b2cbizempbgssoprd.b2clogin.com/b2cbizempbgssoprd.onmicrosoft.com/oauth2/v2.0/authorize/?p=b2c_1a_businessgovtsignupsigninrealmeloginprod&scope=email%20864b6cdf-a821-4ea7-8053-5a135c5949a1&state=1c21839bb24c3883a14464c3db554915&response_type=code&approval_prompt=auto&redirect_uri=https%3A%2F%2Fwww.tools.business.govt.nz%2Foauth%2Fcallback%2F&client_id=864b6cdf-a821-4ea7-8053-5a135c5949a1,404
https://www.tools.business.govt.nz/climate/,https://www.tools.business.govt.nz/climate/case-studies/,https://b2cbizempbgssoprd.b2clogin.com/b2cbizempbgssoprd.onmicrosoft.com/oauth2/v2.0/authorize/?p=b2c_1a_businessgovtsignupsigninrealmeloginprod&scope=email%20864b6cdf-a821-4ea7-8053-5a135c5949a1&state=7dfa4ce4fdb7a6b416ee1bdedef98147&response_type=code&approval_prompt=auto&redirect_uri=https%3A%2F%2Fwww.tools.business.govt.nz%2Foauth%2Fcallback%2F&client_id=864b6cdf-a821-4ea7-8053-5a135c5949a1,404
https://www.transport.govt.nz/,https://www.transport.govt.nz/area-of-interest/auckland/auckland-transport-alignment-project,https://www.transport.govt.nz/government-policy-statement-on-land-transport,404
https://www.unittitles.govt.nz/,https://www.unittitles.govt.nz/buying-or-selling-a-unit-title/regulations/changes-to-the-unit-titles-act-2010/information-for-prospective-buyers/?l=en_NZ,https://www.unittitles.govt.nz/page-not-found/,404
https://www.waitangitribunal.govt.nz/,https://www.waitangitribunal.govt.nz/en/about/about-the-waitangi-tribunal/tribunal,https://www.waitangitribunal.govt.nz/en/about/about-the-waitangi-tribunal/tribunal/kevin-prime,502
https://www.women.govt.nz/,https://www.women.govt.nz/women-leadership/register-with-BoardConnector,https://www.women.govt.nz/women-and-leadership/register-our-nominations-service/nominations-service-faqs,404
https://www.workforceinsights.govt.nz/,https://www.workforceinsights.govt.nz/,https://www.workforceinsights.govt.nz/legal-disclaimer,429
https://www.workforceinsights.govt.nz/,https://www.workforceinsights.govt.nz/workforce-today/arable,https://www.workforceinsights.govt.nz/reports/age-distribution/index/Arable,429
https://www.workforceinsights.govt.nz/,https://www.workforceinsights.govt.nz/workforce-today/cross-sector,https://www.workforceinsights.govt.nz/reports/annual-workforce/index/Cross%20sector,429
https://www.xn--morilandcourt-wqb.govt.nz/,https://www.xn--morilandcourt-wqb.govt.nz/,https://www.xn--morilandcourt-wqb.govt.nz/en/contact-us/questions%252C-feedback-or-complaints,404
https://www.xn--morilandcourt-wqb.govt.nz/,https://www.xn--morilandcourt-wqb.govt.nz/,https://www.xn--morilandcourt-wqb.govt.nz/en/maori-land/disputes-about-maori-land/local-government-%2528water-services%2529-act-2025,404
https://www.xn--morilandcourt-wqb.govt.nz/,https://www.xn--morilandcourt-wqb.govt.nz/,https://www.xn--morilandcourt-wqb.govt.nz/en/news-panui-and-publications/news/m%25C4%2581ori-land-court-annual-report-matariki-2024-matariki-2025,404
https://www.xn--morilandcourt-wqb.govt.nz/,https://www.xn--morilandcourt-wqb.govt.nz/,https://www.xn--morilandcourt-wqb.govt.nz/en/news-panui-and-publications/our-court-sittings/notification-of-applications-over-6-months-old-%25285-11-reports%2529,404
https://www.xn--morilandcourt-wqb.govt.nz/,https://www.xn--morilandcourt-wqb.govt.nz/,https://www.xn--morilandcourt-wqb.govt.nz/en/the-court-record/m%25C4%2581ori-land-data,404
https://www.xn--morilandcourt-wqb.govt.nz/,https://www.xn--morilandcourt-wqb.govt.nz/,https://www.xn--morilandcourt-wqb.govt.nz/en/who-we-are/our-rules-and-legislation/m%25C4%2581ori-land-court-bench-book,404
https://www.xn--morilandcourt-wqb.govt.nz/,https://www.xn--morilandcourt-wqb.govt.nz/en/who-we-are/our-judges/news-and-notices,https://www.xn--morilandcourt-wqb.govt.nz/en/who-we-are/our-judges/news-and-notices/k%2525c5%25258drero-ki-taku-swearing-in,404
https://www.xn--morilandcourt-wqb.govt.nz/,https://www.xn--morilandcourt-wqb.govt.nz/mi/maori-land/use-your-land/divide-your-land,https://www.xn--morilandcourt-wqb.govt.nz/mi/maori-land/disputes-about-maori-land/local-government-%2528water-services%2529-act-2025,404
https://www.xn--morilandcourt-wqb.govt.nz/,https://www.xn--morilandcourt-wqb.govt.nz/mi/maori-land/use-your-land/divide-your-land,https://www.xn--morilandcourt-wqb.govt.nz/mi/the-land/our-rules-and-legislation/m%25C4%2581ori-land-court-bench-book,404
https://www.youthcourt.govt.nz/home-2/,https://www.youthcourt.govt.nz/home-2/,https://www.youthcourt.govt.nz/about/,404
https://www.youthcourt.govt.nz/home-2/,https://www.youthcourt.govt.nz/home-2/,https://www.youthcourt.govt.nz/about/news-and-media/,404
https://www.youthcourt.govt.nz/home-2/,https://www.youthcourt.govt.nz/home-2/,https://www.youthcourt.govt.nz/about/news-and-media/news/text-reminders-about-fines-due/,404
https://www.youthcourt.govt.nz/home-2/,https://www.youthcourt.govt.nz/home-2/,https://www.youthcourt.govt.nz/contact-us/,404
https://www.youthcourt.govt.nz/home-2/,https://www.youthcourt.govt.nz/home-2/,https://www.youthcourt.govt.nz/criminal-records/,404
https://www.youthcourt.govt.nz/home-2/,https://www.youthcourt.govt.nz/home-2/,https://www.youthcourt.govt.nz/fines/,404
https://www.youthcourt.govt.nz/home-2/,https://www.youthcourt.govt.nz/home-2/,https://www.youthcourt.govt.nz/licences-certificates/,404